Workbook

Sheet 8 formal
B1: COUNT DOWN : 8
B3: NO SEQ | C3: NO PROCESS | D3: MAIN JOB | E3: PROCESS NAME | F3: ZONE | G3: LANE | H3: ROUTE | I3: OFFSET 1 | J3: OFFSET 2 | K3: GROUP
J4: 8 | L4: 8 | M4: 7 | N4: 6 | O4: 5 | P4: 4 | Q4: 3 | R4: 2 | S4: 1 | T4: 8 | U4: 7 | V4: 6 | W4: 5 | X4: 4 | Y4: 3 | Z4: 2 | AA4: 1 | AB4: 8 | AC4: 7 | AD4: 6 | AE4: 5 | AF4: 4 | AG4: 3 | AH4: 2 | AI4: 1 | AJ4: 8 | AK4: 7 | AL4: 6 | AM4: 5 | AN4: 4 | AO4: 3 | AP4: 2 | AQ4: 1 | AR4: 8 | AS4: 7 | AT4: 6 | AU4: 5 | AV4: 4 | AW4: 3 | AX4: 2 | AY4: 1
B5: 0 | C5: 0 | D5: UNLOAD | E5: UNLOAD P LANE | I5: -4 | J5: 4 | L5: 4 | M5: 3 | N5: 2 | O5: 1 | P5: 8 | Q5: 7 | R5: 6 | S5: 5 | T5: 4 | U5: 3 | V5: 2 | W5: 1 | X5: 8 | Y5: 7 | Z5: 6 | AA5: 5 | AB5: 4 | AC5: 3 | AD5: 2 | AE5: 1 | AF5: 8 | AG5: 7 | AH5: 6 | AI5: 5 | AJ5: 4 | AK5: 3 | AL5: 2 | AM5: 1 | AN5: 8 | AO5: 7 | AP5: 6 | AQ5: 5 | AR5: 4 | AS5: 3 | AT5: 2 | AU5: 1 | AV5: 8 | AW5: 7 | AX5: 6 | AY5: 5
B6: 1 | C6: 1 | D6: UNLOAD | E6: UNLOAD SORTING | F6: EAST | G6: 1 | H6: A | I6: -4 | J6: =I6+$J$4 -> 4 | P6: 4 | Q6: 3 | X6: 4 | Y6: 3 | AF6: 4 | AG6: 3 | AN6: 4 | AO6: 3
B7: 1 | C7: 2 | D7: TRANSFER | E7: TRANSFER | F7: EAST | G7: =G6 -> 1 | H7: A | I7: -2 | J7: =I7+$J$4 -> 6 | R7: 2 | Z7: 2 | AH7: 2 | AP7: 2
B8: 1 | C8: 3 | D8: SUPPLY | E8: SUPPLY | F8: EAST | G8: 1 | H8: A | I8: 0 | J8: =I8+$J$4 -> 8 | T8: 8 | U8: 7 | V8: 6 | W8: 5 | X8: 4 | AB8: 8 | AC8: 7 | AD8: 6 | AE8: 5 | AF8: 4 | AJ8: 8 | AK8: 7 | AL8: 6 | AM8: 5 | AN8: 4
B9: =B8 -> 1 | C9: 4 | D9: SUPPLY | E9: EMPTY | F9: EAST | G9: =G8 -> 1 | H9: =H8 -> A | I9: -3 | J9: =I9+$J$4 -> 5 | Q9: 3 | R9: 2 | Y9: 3 | Z9: 2 | AG9: 3 | AH9: 2 | AO9: 3 | AP9: 2
B10: 1 | C10: 5 | D10: SUPPLY | E10: PREPARE B PASS | F10: EAST | G10: =G9 -> 1 | H10: A | I10: -1 | J10: =I10+$J$4 -> 7 | S10: 1 | AA10: 1 | AI10: 1 | AQ10: 1
B11: =B9 -> 1 | C11: 6 | E11: COUNTDOWN | F11: EAST | G11: =G10 -> 1 | H11: =H9 -> A | L11: 8 | M11: 7 | N11: 6 | O11: 5 | P11: 4 | Q11: 3 | R11: 2 | S11: 1 | T11: 8 | U11: 7 | V11: 6 | W11: 5 | X11: 4 | Y11: 3 | Z11: 2 | AA11: 1 | AB11: 8 | AC11: 7 | AD11: 6 | AE11: 5 | AF11: 4 | AG11: 3 | AH11: 2 | AI11: 1 | AJ11: 8 | AK11: 7 | AL11: 6 | AM11: 5 | AN11: 4 | AO11: 3 | AP11: 2 | AQ11: 1 | AR11: 8 | AS11: 7 | AT11: 6 | AU11: 5 | AV11: 4 | AW11: 3 | AX11: 2 | AY11: 1
B12: 2 | C12: 1 | D12: UNLOAD | E12: UNLOAD SORTING | F12: EAST | G12: =G11 -> 1 | H12: B | I12: -2 | J12: =I12+$J$4 -> 6 | R12: 4 | Z12: 4 | AH12: 4 | AP12: 4
B13: 2 | C13: 2 | D13: TRANSFER | E13: TRANSFER | F13: EAST | G13: =G12 -> 1 | H13: B | I13: -1 | J13: =I13+$J$4 -> 7 | S13: 3 | AA13: 3 | AI13: 3 | AQ13: 3
B14: 2 | C14: 3 | D14: SUPPLY | E14: SUPPLY | F14: EAST | G14: 1 | H14: B | I14: 2 | J14: =I14+$J$4 -> 10 | V14: 8 | W14: 7 | X14: 6 | Y14: 5 | Z14: 4 | AD14: 8 | AE14: 7 | AF14: 6 | AG14: 5 | AH14: 4 | AL14: 8 | AM14: 7 | AN14: 6 | AO14: 5 | AP14: 4
B15: =B14 -> 2 | C15: 4 | D15: SUPPLY | E15: EMPTY | F15: EAST | G15: =G14 -> 1 | H15: =H14 -> B | I15: -1 | J15: =I15+$J$4 -> 7 | S15: 3 | AA15: 3 | AI15: 3 | AQ15: 3
B16: 2 | C16: 5 | D16: SUPPLY | E16: PREPARE B PASS | F16: EAST | G16: =G15 -> 1 | H16: B | I16: 0 | J16: =I16+$J$4 -> 8 | T16: 2 | U16: 1 | AB16: 2 | AC16: 1 | AJ16: 2 | AK16: 1 | AR16: 2 | AS16: 1
B17: =B15 -> 2 | C17: 6 | E17: COUNTDOWN | F17: EAST | G17: =G16 -> 1 | H17: =H15 -> B | L17: 2 | M17: 1 | N17: 8 | O17: 7 | P17: 6 | Q17: 5 | R17: 4 | S17: 3 | T17: 2 | U17: 1 | V17: 8 | W17: 7 | X17: 6 | Y17: 5 | Z17: 4 | AA17: 3 | AB17: 2 | AC17: 1 | AD17: 8 | AE17: 7 | AF17: 6 | AG17: 5 | AH17: 4 | AI17: 3 | AJ17: 2 | AK17: 1 | AL17: 8 | AM17: 7 | AN17: 6 | AO17: 5 | AP17: 4 | AQ17: 3 | AR17: 2 | AS17: 1 | AT17: 8 | AU17: 7 | AV17: 6 | AW17: 5 | AX17: 4 | AY17: 3
B18: 3 | C18: 1 | D18: UNLOAD | E18: UNLOAD SORTING | F18: EAST | G18: =G17 -> 1 | H18: E | I18: 2 | J18: =I18+$J$4 -> 10 | V18: 3 | AD18: 3 | AL18: 3 | AT18: 3
B19: 3 | C19: 2 | D19: TRANSFER | E19: TRANSFER | F19: EAST | G19: =G18 -> 1 | H19: E | I19: 3 | J19: =I19+$J$4 -> 11 | W19: 2 | AE19: 2 | AM19: 2 | AU19: 2
B20: 3 | C20: 3 | D20: SUPPLY | E20: SUPPLY | F20: EAST | G20: 1 | H20: E | I20: 5 | J20: =I20+$J$4 -> 13 | Y20: 8 | Z20: 7 | AA20: 6 | AB20: 5 | AC20: 4 | AG20: 8 | AH20: 7 | AI20: 6 | AJ20: 5 | AK20: 4 | AO20: 8 | AP20: 7 | AQ20: 6 | AR20: 5 | AS20: 4
B21: =B20 -> 3 | C21: 4 | D21: SUPPLY | E21: EMPTY | F21: EAST | G21: =G20 -> 1 | H21: =H20 -> E | I21: 2 | J21: =I21+$J$4 -> 10 | V21: 3 | W21: 2 | AD21: 3 | AE21: 2 | AL21: 3 | AM21: 2 | AT21: 3 | AU21: 2
B22: 3 | C22: 5 | D22: SUPPLY | E22: PREPARE B PASS | F22: EAST | G22: =G21 -> 1 | H22: E | I22: 4 | J22: =I22+$J$4 -> 12 | X22: 1 | AF22: 1 | AN22: 1 | AV22: 1
B23: =B21 -> 3 | C23: 6 | E23: COUNTDOWN | F23: EAST | G23: =G22 -> 1 | H23: =H21 -> E | L23: 5 | M23: 4 | N23: 3 | O23: 2 | P23: 1 | Q23: 8 | R23: 7 | S23: 6 | T23: 5 | U23: 4 | V23: 3 | W23: 2 | X23: 1 | Y23: 8 | Z23: 7 | AA23: 6 | AB23: 5 | AC23: 4 | AD23: 3 | AE23: 2 | AF23: 1 | AG23: 8 | AH23: 7 | AI23: 6 | AJ23: 5 | AK23: 4 | AL23: 3 | AM23: 2 | AN23: 1 | AO23: 8 | AP23: 7 | AQ23: 6 | AR23: 5 | AS23: 4 | AT23: 3 | AU23: 2 | AV23: 1 | AW23: 8 | AX23: 7 | AY23: 6
B24: 4 | C24: 1 | D24: UNLOAD | E24: UNLOAD SORTING | F24: EAST | G24: =G23 -> 1 | H24: J | I24: 3 | J24: =I24+$J$4 -> 11 | W24: 4 | AE24: 4 | AM24: 4 | AU24: 4
B25: 4 | C25: 2 | D25: TRANSFER | E25: TRANSFER | F25: EAST | G25: =G24 -> 1 | H25: J | I25: 4 | J25: =I25+$J$4 -> 12 | X25: 3 | AF25: 3 | AN25: 3 | AV25: 3
B26: 4 | C26: 3 | D26: SUPPLY | E26: SUPPLY | F26: EAST | G26: 1 | H26: J | I26: 7 | J26: =I26+$J$4 -> 15 | AA26: 8 | AB26: 7 | AC26: 6 | AD26: 5 | AE26: 4 | AI26: 8 | AJ26: 7 | AK26: 6 | AL26: 5 | AM26: 4 | AQ26: 8 | AR26: 7 | AS26: 6 | AT26: 5 | AU26: 4
B27: =B26 -> 4 | C27: 4 | D27: SUPPLY | E27: EMPTY | F27: EAST | G27: =G26 -> 1 | H27: =H26 -> J | I27: 4 | J27: =I27+$J$4 -> 12 | X27: 3 | AF27: 3 | AN27: 3 | AV27: 3
B28: 4 | C28: 5 | D28: SUPPLY | E28: PREPARE B PASS | F28: EAST | G28: =G27 -> 1 | H28: J | I28: 5 | J28: =I28+$J$4 -> 13 | Y28: 2 | Z28: 1 | AG28: 2 | AH28: 1 | AO28: 2 | AP28: 1 | AW28: 2 | AX28: 1
B29: =B27 -> 4 | C29: 6 | E29: COUNTDOWN | F29: EAST | G29: =G28 -> 1 | H29: =H27 -> J | L29: 7 | M29: 6 | N29: 5 | O29: 4 | P29: 3 | Q29: 2 | R29: 1 | S29: 8 | T29: 7 | U29: 6 | V29: 5 | W29: 4 | X29: 3 | Y29: 2 | Z29: 1 | AA29: 8 | AB29: 7 | AC29: 6 | AD29: 5 | AE29: 4 | AF29: 3 | AG29: 2 | AH29: 1 | AI29: 8 | AJ29: 7 | AK29: 6 | AL29: 5 | AM29: 4 | AN29: 3 | AO29: 2 | AP29: 1 | AQ29: 8 | AR29: 7 | AS29: 6 | AT29: 5 | AU29: 4 | AV29: 3 | AW29: 2 | AX29: 1 | AY29: 8
B30: 5 | C30: 1 | D30: UNLOAD | E30: UNLOAD SORTING | F30: EAST | G30: =G29 -> 1 | H30: D1 | I30: 0 | J30: =I30+$J$4 -> 8 | K30: DIRECT | T30: 4 | U30: 3 | AB30: 4 | AC30: 3 | AJ30: 4 | AK30: 3 | AR30: 4 | AS30: 3
B31: 5 | C31: 2 | D31: TRANSFER | E31: TRANSFER | F31: EAST | G31: =G30 -> 1 | H31: D1 | I31: 2 | J31: =I31+$J$4 -> 10 | K31: DIRECT | V31: 2 | AD31: 2 | AL31: 2 | AT31: 2
B32: 5 | C32: 3 | D32: SUPPLY | E32: SUPPLY | F32: EAST | G32: 2 | H32: D1 | I32: 4 | J32: =I32+$J$4 -> 12 | K32: DIRECT | X32: 8 | Y32: 7 | Z32: 6 | AA32: 5 | AB32: 4 | AF32: 8 | AG32: 7 | AH32: 6 | AI32: 5 | AJ32: 4 | AN32: 8 | AO32: 7 | AP32: 6 | AQ32: 5 | AR32: 4
B33: =B32 -> 5 | C33: 4 | D33: SUPPLY | E33: EMPTY | F33: EAST | G33: =G32 -> 2 | H33: =H32 -> D1 | I33: 1 | J33: =I33+$J$4 -> 9 | K33: DIRECT | U33: 3 | V33: 2 | AC33: 3 | AD33: 2 | AK33: 3 | AL33: 2 | AS33: 3 | AT33: 2
B34: 5 | C34: 5 | D34: SUPPLY | E34: PREPARE B PASS | F34: EAST | G34: =G33 -> 2 | H34: D1 | I34: 3 | J34: =I34+$J$4 -> 11 | K34: DIRECT | W34: 1 | AE34: 1 | AM34: 1 | AU34: 1
B35: =B33 -> 5 | C35: 6 | E35: COUNTDOWN | F35: EAST | G35: =G34 -> 2 | H35: =H33 -> D1 | K35: DIRECT | L35: 4 | M35: 3 | N35: 2 | O35: 1 | P35: 8 | Q35: 7 | R35: 6 | S35: 5 | T35: 4 | U35: 3 | V35: 2 | W35: 1 | X35: 8 | Y35: 7 | Z35: 6 | AA35: 5 | AB35: 4 | AC35: 3 | AD35: 2 | AE35: 1 | AF35: 8 | AG35: 7 | AH35: 6 | AI35: 5 | AJ35: 4 | AK35: 3 | AL35: 2 | AM35: 1 | AN35: 8 | AO35: 7 | AP35: 6 | AQ35: 5 | AR35: 4 | AS35: 3 | AT35: 2 | AU35: 1 | AV35: 8 | AW35: 7 | AX35: 6 | AY35: 5
B36: 6 | C36: 1 | D36: UNLOAD | E36: UNLOAD SORTING | F36: EAST | G36: =G35 -> 2 | H36: C | I36: -1 | J36: =I36+$J$4 -> 7 | S36: 4 | AA36: 4 | AI36: 4 | AQ36: 4
B37: 6 | C37: 2 | D37: TRANSFER | E37: TRANSFER | F37: EAST | G37: =G36 -> 2 | H37: C | I37: 0 | J37: =I37+$J$4 -> 8 | T37: 3 | AB37: 3 | AJ37: 3 | AR37: 3
B38: 6 | C38: 3 | D38: SUPPLY | E38: SUPPLY | F38: EAST | G38: 2 | H38: C | I38: 3 | J38: =I38+$J$4 -> 11 | W38: 8 | X38: 7 | Y38: 6 | Z38: 5 | AA38: 4 | AE38: 8 | AF38: 7 | AG38: 6 | AH38: 5 | AI38: 4 | AM38: 8 | AN38: 7 | AO38: 6 | AP38: 5 | AQ38: 4
B39: =B38 -> 6 | C39: 4 | D39: SUPPLY | E39: EMPTY | F39: EAST | G39: =G38 -> 2 | H39: =H38 -> C | I39: 0 | J39: =I39+$J$4 -> 8 | T39: 3 | U39: 2 | AB39: 3 | AC39: 2 | AJ39: 3 | AK39: 2 | AR39: 3 | AS39: 2
B40: 6 | C40: 5 | D40: SUPPLY | E40: PREPARE B PASS | F40: EAST | G40: =G39 -> 2 | H40: C | I40: 2 | J40: =I40+$J$4 -> 10 | V40: 1 | AD40: 1 | AL40: 1 | AT40: 1
B41: =B39 -> 6 | C41: 6 | E41: COUNTDOWN | F41: EAST | G41: =G40 -> 2 | H41: =H39 -> C | L41: 3 | M41: 2 | N41: 1 | O41: 8 | P41: 7 | Q41: 6 | R41: 5 | S41: 4 | T41: 3 | U41: 2 | V41: 1 | W41: 8 | X41: 7 | Y41: 6 | Z41: 5 | AA41: 4 | AB41: 3 | AC41: 2 | AD41: 1 | AE41: 8 | AF41: 7 | AG41: 6 | AH41: 5 | AI41: 4 | AJ41: 3 | AK41: 2 | AL41: 1 | AM41: 8 | AN41: 7 | AO41: 6 | AP41: 5 | AQ41: 4 | AR41: 3 | AS41: 2 | AT41: 1 | AU41: 8 | AV41: 7 | AW41: 6 | AX41: 5 | AY41: 4
B42: 7 | C42: 1 | D42: UNLOAD | E42: UNLOAD SORTING | F42: EAST | G42: =G41 -> 2 | H42: D2 | I42: 4 | J42: =I42+$J$4 -> 12 | K42: DIRECT | X42: 4 | AF42: 4 | AN42: 4 | AV42: 4
B43: 7 | C43: 2 | D43: TRANSFER | E43: TRANSFER | F43: EAST | G43: =G42 -> 2 | H43: D2 | I43: 5 | J43: =I43+$J$4 -> 13 | K43: DIRECT | Y43: 3 | Z43: 2 | AG43: 3 | AH43: 2 | AO43: 3 | AP43: 2 | AW43: 3 | AX43: 2
B44: 7 | C44: 3 | D44: SUPPLY | E44: SUPPLY | F44: EAST | G44: 2 | H44: D2 | I44: 8 | J44: =I44+$J$4 -> 16 | K44: DIRECT | AB44: 8 | AC44: 7 | AD44: 6 | AE44: 5 | AF44: 4 | AJ44: 8 | AK44: 7 | AL44: 6 | AM44: 5 | AN44: 4 | AR44: 8 | AS44: 7 | AT44: 6 | AU44: 5 | AV44: 4
B45: =B44 -> 7 | C45: 4 | D45: SUPPLY | E45: EMPTY | F45: EAST | G45: =G44 -> 2 | H45: =H44 -> D2 | I45: 5 | J45: =I45+$J$4 -> 13 | K45: DIRECT | Y45: 3 | Z45: 2 | AG45: 3 | AH45: 2 | AO45: 3 | AP45: 2 | AW45: 3 | AX45: 2
B46: 7 | C46: 5 | D46: SUPPLY | E46: PREPARE B PASS | F46: EAST | G46: =G45 -> 2 | H46: D2 | I46: 7 | J46: =I46+$J$4 -> 15 | K46: DIRECT | AA46: 1 | AI46: 1 | AQ46: 1 | AY46: 1
B47: =B45 -> 7 | C47: 6 | E47: COUNTDOWN | F47: EAST | G47: =G46 -> 2 | H47: =H45 -> D2 | K47: DIRECT | L47: 8 | M47: 7 | N47: 6 | O47: 5 | P47: 4 | Q47: 3 | R47: 2 | S47: 1 | T47: 8 | U47: 7 | V47: 6 | W47: 5 | X47: 4 | Y47: 3 | Z47: 2 | AA47: 1 | AB47: 8 | AC47: 7 | AD47: 6 | AE47: 5 | AF47: 4 | AG47: 3 | AH47: 2 | AI47: 1 | AJ47: 8 | AK47: 7 | AL47: 6 | AM47: 5 | AN47: 4 | AO47: 3 | AP47: 2 | AQ47: 1 | AR47: 8 | AS47: 7 | AT47: 6 | AU47: 5 | AV47: 4 | AW47: 3 | AX47: 2 | AY47: 1
B48: 8 | C48: 1 | D48: UNLOAD | E48: UNLOAD SORTING | F48: WEST | G48: =G47 -> 2 | H48: F | I48: -2 | J48: =I48+$J$4 -> 6 | R48: 3 | Z48: 3 | AH48: 3 | AP48: 3
B49: 8 | C49: 2 | D49: TRANSFER | E49: TRANSFER | F49: WEST | G49: =G48 -> 2 | H49: F | I49: -1 | J49: =I49+$J$4 -> 7 | S49: 2 | AA49: 2 | AI49: 2 | AQ49: 2
B50: 8 | C50: 3 | D50: SUPPLY | E50: SUPPLY | F50: WEST | G50: 1 | H50: F | I50: 1 | J50: =I50+$J$4 -> 9 | U50: 8 | V50: 7 | W50: 6 | X50: 5 | Y50: 4 | AC50: 8 | AD50: 7 | AE50: 6 | AF50: 5 | AG50: 4 | AK50: 8 | AL50: 7 | AM50: 6 | AN50: 5 | AO50: 4
B51: =B50 -> 8 | C51: 4 | D51: SUPPLY | E51: EMPTY | F51: WEST | G51: =G50 -> 1 | H51: =H50 -> F | I51: -2 | J51: =I51+$J$4 -> 6 | R51: 3 | S51: 2 | Z51: 3 | AA51: 2 | AH51: 3 | AI51: 2 | AP51: 3 | AQ51: 2
B52: 8 | C52: 5 | D52: SUPPLY | E52: PREPARE B PASS | F52: WEST | G52: =G51 -> 1 | H52: F | I52: 0 | J52: =I52+$J$4 -> 8 | T52: 1 | AB52: 1 | AJ52: 1 | AR52: 1
B53: =B51 -> 8 | C53: 6 | E53: COUNTDOWN | F53: WEST | G53: =G52 -> 1 | H53: =H51 -> F | L53: 1 | M53: 8 | N53: 7 | O53: 6 | P53: 5 | Q53: 4 | R53: 3 | S53: 2 | T53: 1 | U53: 8 | V53: 7 | W53: 6 | X53: 5 | Y53: 4 | Z53: 3 | AA53: 2 | AB53: 1 | AC53: 8 | AD53: 7 | AE53: 6 | AF53: 5 | AG53: 4 | AH53: 3 | AI53: 2 | AJ53: 1 | AK53: 8 | AL53: 7 | AM53: 6 | AN53: 5 | AO53: 4 | AP53: 3 | AQ53: 2 | AR53: 1 | AS53: 8 | AT53: 7 | AU53: 6 | AV53: 5 | AW53: 4 | AX53: 3 | AY53: 2
B54: 9 | C54: 1 | D54: UNLOAD | E54: UNLOAD SORTING | F54: WEST | G54: =G53 -> 1 | H54: K | I54: 2 | J54: =I54+$J$4 -> 10 | V54: 3 | AD54: 3 | AL54: 3 | AT54: 3
B55: 9 | C55: 2 | D55: TRANSFER | E55: TRANSFER | F55: WEST | G55: =G54 -> 1 | H55: K | I55: 3 | J55: =I55+$J$4 -> 11 | W55: 2 | AE55: 2 | AM55: 2 | AU55: 2
B56: 9 | C56: 3 | D56: SUPPLY | E56: SUPPLY | F56: WEST | G56: 1 | H56: K | I56: 5 | J56: =I56+$J$4 -> 13 | Y56: 8 | Z56: 7 | AA56: 6 | AB56: 5 | AC56: 4 | AG56: 8 | AH56: 7 | AI56: 6 | AJ56: 5 | AK56: 4 | AO56: 8 | AP56: 7 | AQ56: 6 | AR56: 5 | AS56: 4
B57: =B56 -> 9 | C57: 4 | D57: SUPPLY | E57: EMPTY | F57: WEST | G57: =G56 -> 1 | H57: =H56 -> K | I57: 2 | J57: =I57+$J$4 -> 10 | V57: 3 | W57: 2 | AD57: 3 | AE57: 2 | AL57: 3 | AM57: 2 | AT57: 3 | AU57: 2
B58: 9 | C58: 5 | D58: SUPPLY | E58: PREPARE B PASS | F58: WEST | G58: =G57 -> 1 | H58: K | I58: 4 | J58: =I58+$J$4 -> 12 | X58: 1 | AF58: 1 | AN58: 1 | AV58: 1
B59: =B57 -> 9 | C59: 6 | E59: COUNTDOWN | F59: WEST | G59: =G58 -> 1 | H59: =H57 -> K | L59: 5 | M59: 4 | N59: 3 | O59: 2 | P59: 1 | Q59: 8 | R59: 7 | S59: 6 | T59: 5 | U59: 4 | V59: 3 | W59: 2 | X59: 1 | Y59: 8 | Z59: 7 | AA59: 6 | AB59: 5 | AC59: 4 | AD59: 3 | AE59: 2 | AF59: 1 | AG59: 8 | AH59: 7 | AI59: 6 | AJ59: 5 | AK59: 4 | AL59: 3 | AM59: 2 | AN59: 1 | AO59: 8 | AP59: 7 | AQ59: 6 | AR59: 5 | AS59: 4 | AT59: 3 | AU59: 2 | AV59: 1 | AW59: 8 | AX59: 7 | AY59: 6
B60: 10 | C60: 1 | D60: UNLOAD | E60: UNLOAD SORTING | F60: WEST | G60: =G59 -> 1 | H60: G | I60: 0 | J60: =I60+$J$4 -> 8 | T60: 3 | AB60: 3 | AJ60: 3 | AR60: 3
B61: 10 | C61: 2 | D61: TRANSFER | E61: TRANSFER | F61: WEST | G61: =G60 -> 1 | H61: G | I61: 1 | J61: =I61+$J$4 -> 9 | U61: 2 | AC61: 2 | AK61: 2 | AS61: 2
B62: 10 | C62: 3 | D62: SUPPLY | E62: SUPPLY | F62: WEST | G62: 1 | H62: G | I62: 3 | J62: =I62+$J$4 -> 11 | W62: 8 | X62: 7 | Y62: 6 | Z62: 5 | AA62: 4 | AE62: 8 | AF62: 7 | AG62: 6 | AH62: 5 | AI62: 4 | AM62: 8 | AN62: 7 | AO62: 6 | AP62: 5 | AQ62: 4
B63: =B62 -> 10 | C63: 4 | D63: SUPPLY | E63: EMPTY | F63: WEST | G63: =G62 -> 1 | H63: =H62 -> G | I63: 0 | J63: =I63+$J$4 -> 8 | T63: 3 | U63: 2 | AB63: 3 | AC63: 2 | AJ63: 3 | AK63: 2 | AR63: 3 | AS63: 2
B64: 10 | C64: 5 | D64: SUPPLY | E64: PREPARE B PASS | F64: WEST | G64: =G63 -> 1 | H64: G | I64: 2 | J64: =I64+$J$4 -> 10 | V64: 1 | AD64: 1 | AL64: 1 | AT64: 1
B65: =B63 -> 10 | C65: 6 | E65: COUNTDOWN | F65: WEST | G65: =G64 -> 1 | H65: =H63 -> G | L65: 3 | M65: 2 | N65: 1 | O65: 8 | P65: 7 | Q65: 6 | R65: 5 | S65: 4 | T65: 3 | U65: 2 | V65: 1 | W65: 8 | X65: 7 | Y65: 6 | Z65: 5 | AA65: 4 | AB65: 3 | AC65: 2 | AD65: 1 | AE65: 8 | AF65: 7 | AG65: 6 | AH65: 5 | AI65: 4 | AJ65: 3 | AK65: 2 | AL65: 1 | AM65: 8 | AN65: 7 | AO65: 6 | AP65: 5 | AQ65: 4 | AR65: 3 | AS65: 2 | AT65: 1 | AU65: 8 | AV65: 7 | AW65: 6 | AX65: 5 | AY65: 4
B66: 11 | C66: 1 | D66: UNLOAD | E66: UNLOAD SORTING | F66: WEST | G66: =G65 -> 1 | H66: H | I66: -4 | J66: =I66+$J$4 -> 4 | K66: DIRECT | P66: 4 | Q66: 3 | X66: 4 | Y66: 3 | AF66: 4 | AG66: 3 | AN66: 4 | AO66: 3
B67: 11 | C67: 2 | D67: TRANSFER | E67: TRANSFER | F67: WEST | G67: =G66 -> 1 | H67: H | I67: -2 | J67: =I67+$J$4 -> 6 | K67: DIRECT | R67: 2 | Z67: 2 | AH67: 2 | AP67: 2
B68: 11 | C68: 3 | D68: SUPPLY | E68: SUPPLY | F68: WEST | G68: 1 | H68: H | I68: 0 | J68: =I68+$J$4 -> 8 | K68: DIRECT | T68: 8 | U68: 7 | V68: 6 | W68: 5 | X68: 4 | AB68: 8 | AC68: 7 | AD68: 6 | AE68: 5 | AF68: 4 | AJ68: 8 | AK68: 7 | AL68: 6 | AM68: 5 | AN68: 4
B69: =B68 -> 11 | C69: 4 | D69: SUPPLY | E69: EMPTY | F69: WEST | G69: =G68 -> 1 | H69: =H68 -> H | I69: -3 | J69: =I69+$J$4 -> 5 | K69: DIRECT | Q69: 3 | R69: 2 | Y69: 3 | Z69: 2 | AG69: 3 | AH69: 2 | AO69: 3 | AP69: 2
B70: 11 | C70: 5 | D70: SUPPLY | E70: PREPARE B PASS | F70: WEST | G70: =G69 -> 1 | H70: H | I70: -1 | J70: =I70+$J$4 -> 7 | K70: DIRECT | S70: 1 | AA70: 1 | AI70: 1 | AQ70: 1
B71: =B69 -> 11 | C71: 6 | E71: COUNTDOWN | F71: WEST | G71: =G70 -> 1 | H71: =H69 -> H | K71: DIRECT | L71: 8 | M71: 7 | N71: 6 | O71: 5 | P71: 4 | Q71: 3 | R71: 2 | S71: 1 | T71: 8 | U71: 7 | V71: 6 | W71: 5 | X71: 4 | Y71: 3 | Z71: 2 | AA71: 1 | AB71: 8 | AC71: 7 | AD71: 6 | AE71: 5 | AF71: 4 | AG71: 3 | AH71: 2 | AI71: 1 | AJ71: 8 | AK71: 7 | AL71: 6 | AM71: 5 | AN71: 4 | AO71: 3 | AP71: 2 | AQ71: 1 | AR71: 8 | AS71: 7 | AT71: 6 | AU71: 5 | AV71: 4 | AW71: 3 | AX71: 2 | AY71: 1
B72: 12 | C72: 1 | D72: UNLOAD | E72: UNLOAD SORTING | F72: WEST | G72: =G71 -> 1 | H72: I | I72: -1 | J72: =I72+$J$4 -> 7 | S72: 3 | AA72: 3 | AI72: 3 | AQ72: 3
B73: 12 | C73: 2 | D73: TRANSFER | E73: TRANSFER | F73: WEST | G73: =G72 -> 1 | H73: I | I73: 0 | J73: =I73+$J$4 -> 8 | T73: 2 | AB73: 2 | AJ73: 2 | AR73: 2
B74: 12 | C74: 3 | D74: SUPPLY | E74: SUPPLY | F74: WEST | G74: 2 | H74: I | I74: 2 | J74: =I74+$J$4 -> 10 | V74: 8 | W74: 7 | X74: 6 | Y74: 5 | Z74: 4 | AD74: 8 | AE74: 7 | AF74: 6 | AG74: 5 | AH74: 4 | AL74: 8 | AM74: 7 | AN74: 6 | AO74: 5 | AP74: 4
B75: =B74 -> 12 | C75: 4 | D75: SUPPLY | E75: EMPTY | F75: WEST | G75: =G74 -> 2 | H75: =H74 -> I | I75: -1 | J75: =I75+$J$4 -> 7 | S75: 3 | T75: 2 | AA75: 3 | AB75: 2 | AI75: 3 | AJ75: 2 | AQ75: 3 | AR75: 2
B76: 12 | C76: 5 | D76: SUPPLY | E76: PREPARE B PASS | F76: WEST | G76: =G75 -> 2 | H76: I | I76: 1 | J76: =I76+$J$4 -> 9 | U76: 1 | AC76: 1 | AK76: 1 | AS76: 1
B77: =B75 -> 12 | C77: 6 | E77: COUNTDOWN | F77: WEST | G77: =G76 -> 2 | H77: =H75 -> I | L77: 2 | M77: 1 | N77: 8 | O77: 7 | P77: 6 | Q77: 5 | R77: 4 | S77: 3 | T77: 2 | U77: 1 | V77: 8 | W77: 7 | X77: 6 | Y77: 5 | Z77: 4 | AA77: 3 | AB77: 2 | AC77: 1 | AD77: 8 | AE77: 7 | AF77: 6 | AG77: 5 | AH77: 4 | AI77: 3 | AJ77: 2 | AK77: 1 | AL77: 8 | AM77: 7 | AN77: 6 | AO77: 5 | AP77: 4 | AQ77: 3 | AR77: 2 | AS77: 1 | AT77: 8 | AU77: 7 | AV77: 6 | AW77: 5 | AX77: 4 | AY77: 3
B78: 13 | C78: 1 | D78: UNLOAD | E78: UNLOAD SORTING | F78: WEST | G78: =G77 -> 2 | H78: N | I78: 1 | J78: =I78+$J$4 -> 9 | K78: DIRECT | U78: 3 | AC78: 3 | AK78: 3 | AS78: 3
B79: 13 | C79: 2 | D79: TRANSFER | E79: TRANSFER | F79: WEST | G79: =G78 -> 2 | H79: N | I79: 2 | J79: =I79+$J$4 -> 10 | K79: DIRECT | V79: 2 | AD79: 2 | AL79: 2 | AT79: 2
B80: 13 | C80: 3 | D80: SUPPLY | E80: SUPPLY | F80: WEST | G80: 2 | H80: N | I80: 4 | J80: =I80+$J$4 -> 12 | K80: DIRECT | X80: 8 | Y80: 7 | Z80: 6 | AA80: 5 | AB80: 4 | AF80: 8 | AG80: 7 | AH80: 6 | AI80: 5 | AJ80: 4 | AN80: 8 | AO80: 7 | AP80: 6 | AQ80: 5 | AR80: 4
B81: =B80 -> 13 | C81: 4 | D81: SUPPLY | E81: EMPTY | F81: WEST | G81: =G80 -> 2 | H81: =H80 -> N | I81: 1 | J81: =I81+$J$4 -> 9 | K81: DIRECT | U81: 3 | V81: 2 | AC81: 3 | AD81: 2 | AK81: 3 | AL81: 2 | AS81: 3 | AT81: 2
B82: 13 | C82: 5 | D82: SUPPLY | E82: PREPARE B PASS | F82: WEST | G82: =G81 -> 2 | H82: N | I82: 3 | J82: =I82+$J$4 -> 11 | K82: DIRECT | W82: 1 | AE82: 1 | AM82: 1 | AU82: 1
B83: =B81 -> 13 | C83: 6 | E83: COUNTDOWN | F83: WEST | G83: =G82 -> 2 | H83: =H81 -> N | K83: DIRECT | L83: 4 | M83: 3 | N83: 2 | O83: 1 | P83: 8 | Q83: 7 | R83: 6 | S83: 5 | T83: 4 | U83: 3 | V83: 2 | W83: 1 | X83: 8 | Y83: 7 | Z83: 6 | AA83: 5 | AB83: 4 | AC83: 3 | AD83: 2 | AE83: 1 | AF83: 8 | AG83: 7 | AH83: 6 | AI83: 5 | AJ83: 4 | AK83: 3 | AL83: 2 | AM83: 1 | AN83: 8 | AO83: 7 | AP83: 6 | AQ83: 5 | AR83: 4 | AS83: 3 | AT83: 2 | AU83: 1 | AV83: 8 | AW83: 7 | AX83: 6 | AY83: 5
B84: 14 | C84: 1 | D84: UNLOAD | E84: UNLOAD SORTING | F84: WEST | G84: =G83 -> 2 | H84: L | I84: 3 | J84: =I84+$J$4 -> 11 | K84: DIRECT | W84: 4 | AE84: 4 | AM84: 4 | AU84: 4
B85: 14 | C85: 2 | D85: TRANSFER | E85: TRANSFER | F85: WEST | G85: =G84 -> 2 | H85: L | I85: 4 | J85: =I85+$J$4 -> 12 | K85: DIRECT | X85: 3 | AF85: 3 | AN85: 3 | AV85: 3
B86: 14 | C86: 3 | D86: SUPPLY | E86: SUPPLY | F86: WEST | G86: 2 | H86: L | I86: 7 | J86: =I86+$J$4 -> 15 | K86: DIRECT | AA86: 8 | AB86: 7 | AC86: 6 | AD86: 5 | AE86: 4 | AI86: 8 | AJ86: 7 | AK86: 6 | AL86: 5 | AM86: 4 | AQ86: 8 | AR86: 7 | AS86: 6 | AT86: 5 | AU86: 4
B87: =B86 -> 14 | C87: 4 | D87: SUPPLY | E87: EMPTY | F87: WEST | G87: =G86 -> 2 | H87: =H86 -> L | I87: 4 | J87: =I87+$J$4 -> 12 | K87: DIRECT | X87: 3 | AF87: 3 | AN87: 3 | AV87: 3
B88: 14 | C88: 5 | D88: SUPPLY | E88: PREPARE B PASS | F88: WEST | G88: =G87 -> 2 | H88: L | I88: 5 | J88: =I88+$J$4 -> 13 | K88: DIRECT | Y88: 2 | Z88: 1 | AG88: 2 | AH88: 1 | AO88: 2 | AP88: 1 | AW88: 2 | AX88: 1
B89: =B87 -> 14 | C89: 6 | E89: COUNTDOWN | F89: WEST | G89: =G88 -> 2 | H89: =H87 -> L | K89: DIRECT | L89: 7 | M89: 6 | N89: 5 | O89: 4 | P89: 3 | Q89: 2 | R89: 1 | S89: 8 | T89: 7 | U89: 6 | V89: 5 | W89: 4 | X89: 3 | Y89: 2 | Z89: 1 | AA89: 8 | AB89: 7 | AC89: 6 | AD89: 5 | AE89: 4 | AF89: 3 | AG89: 2 | AH89: 1 | AI89: 8 | AJ89: 7 | AK89: 6 | AL89: 5 | AM89: 4 | AN89: 3 | AO89: 2 | AP89: 1 | AQ89: 8 | AR89: 7 | AS89: 6 | AT89: 5 | AU89: 4 | AV89: 3 | AW89: 2 | AX89: 1 | AY89: 8
B90: 15 | C90: 1 | D90: UNLOAD | E90: UNLOAD SORTING | F90: WEST | G90: =G89 -> 2 | H90: M | I90: 4 | J90: =I90+$J$4 -> 12 | X90: 4 | AF90: 4 | AN90: 4 | AV90: 4
B91: 15 | C91: 2 | D91: TRANSFER | E91: TRANSFER | F91: WEST | G91: =G90 -> 2 | H91: M | I91: 5 | J91: =I91+$J$4 -> 13 | Y91: 3 | Z91: 2 | AG91: 3 | AH91: 2 | AO91: 3 | AP91: 2 | AW91: 3 | AX91: 2
B92: 15 | C92: 3 | D92: SUPPLY | E92: SUPPLY | F92: WEST | G92: 2 | H92: M | I92: 8 | J92: =I92+$J$4 -> 16 | AB92: 8 | AC92: 7 | AD92: 6 | AE92: 5 | AF92: 4 | AJ92: 8 | AK92: 7 | AL92: 6 | AM92: 5 | AN92: 4 | AR92: 8 | AS92: 7 | AT92: 6 | AU92: 5 | AV92: 4
B93: =B92 -> 15 | C93: 4 | D93: SUPPLY | E93: EMPTY | F93: WEST | G93: =G92 -> 2 | H93: =H92 -> M | I93: 5 | J93: =I93+$J$4 -> 13 | Y93: 3 | Z93: 2 | AG93: 3 | AH93: 2 | AO93: 3 | AP93: 2 | AW93: 3 | AX93: 2
B94: 15 | C94: 5 | D94: SUPPLY | E94: PREPARE B PASS | F94: WEST | G94: =G93 -> 2 | H94: M | I94: 7 | J94: =I94+$J$4 -> 15 | AA94: 1 | AI94: 1 | AQ94: 1 | AY94: 1
B95: =B93 -> 15 | C95: 6 | E95: COUNTDOWN | F95: WEST | G95: =G94 -> 2 | H95: =H93 -> M | L95: 8 | M95: 7 | N95: 6 | O95: 5 | P95: 4 | Q95: 3 | R95: 2 | S95: 1 | T95: 8 | U95: 7 | V95: 6 | W95: 5 | X95: 4 | Y95: 3 | Z95: 2 | AA95: 1 | AB95: 8 | AC95: 7 | AD95: 6 | AE95: 5 | AF95: 4 | AG95: 3 | AH95: 2 | AI95: 1 | AJ95: 8 | AK95: 7 | AL95: 6 | AM95: 5 | AN95: 4 | AO95: 3 | AP95: 2 | AQ95: 1 | AR95: 8 | AS95: 7 | AT95: 6 | AU95: 5 | AV95: 4 | AW95: 3 | AX95: 2 | AY95: 1

Sheet 7 formal 2
B1: COUNT DOWN : 7
B3: NO SEQ | C3: NO PROCESS | D3: MAIN JOB | E3: PROCESS NAME | F3: ZONE | G3: LANE | H3: ROUTE | I3: OFFSET 1 | J3: OFFSET 2 | K3: GROUP
J4: 7 | L4: 7 | M4: 6 | N4: 5 | O4: 4 | P4: 3 | Q4: 2 | R4: 1 | S4: 7 | T4: 6 | U4: 5 | V4: 4 | W4: 3 | X4: 2 | Y4: 1 | Z4: 7 | AA4: 6 | AB4: 5 | AC4: 4 | AD4: 3 | AE4: 2 | AF4: 1 | AG4: 7 | AH4: 6 | AI4: 5 | AJ4: 4 | AK4: 3 | AL4: 2 | AM4: 1 | AN4: 7 | AO4: 6 | AP4: 5 | AQ4: 4 | AR4: 3 | AS4: 2 | AT4: 1
B5: 0 | C5: 0 | D5: UNLOAD | E5: UNLOAD P LANE | I5: -3 | J5: 4 | L5: 4 | M5: 3 | N5: 2 | O5: 1 | P5: 7 | Q5: 6 | R5: 5 | S5: 4 | T5: 3 | U5: 2 | V5: 1 | W5: 7 | X5: 6 | Y5: 5 | Z5: 4 | AA5: 3 | AB5: 2 | AC5: 1 | AD5: 7 | AE5: 6 | AF5: 5 | AG5: 4 | AH5: 3 | AI5: 2 | AJ5: 1 | AK5: 7 | AL5: 6 | AM5: 5 | AN5: 4 | AO5: 3 | AP5: 2 | AQ5: 1 | AR5: 7 | AS5: 6 | AT5: 5
B6: 1 | C6: 1 | D6: UNLOAD | E6: UNLOAD SORTING | F6: EAST | G6: 1 | H6: A | I6: -3 | J6: =I6+$J$4 -> 4 | P6: 3 | W6: 3 | AD6: 3 | AK6: 3
B7: 1 | C7: 2 | D7: TRANSFER | E7: TRANSFER | F7: EAST | G7: =G6 -> 1 | H7: A | I7: -2 | J7: =I7+$J$4 -> 5 | Q7: 2 | X7: 2 | AE7: 2 | AL7: 2
B8: 1 | C8: 3 | D8: SUPPLY | E8: SUPPLY | F8: EAST | G8: 1 | H8: A | I8: 0 | J8: =I8+$J$4 -> 7 | S8: 7 | T8: 6 | U8: 5 | V8: 4 | Z8: 7 | AA8: 6 | AB8: 5 | AC8: 4 | AG8: 7 | AH8: 6 | AI8: 5 | AJ8: 4
B9: =B8 -> 1 | C9: 4 | D9: SUPPLY | E9: EMPTY | F9: EAST | G9: =G8 -> 1 | H9: =H8 -> A | I9: -3 | J9: =I9+$J$4 -> 4 | P9: 3 | Q9: 2 | W9: 3 | X9: 2 | AD9: 3 | AE9: 2 | AK9: 3 | AL9: 2
B10: 1 | C10: 5 | D10: SUPPLY | E10: PREPARE B PASS | F10: EAST | G10: =G9 -> 1 | H10: A | I10: -1 | J10: =I10+$J$4 -> 6 | R10: 1 | Y10: 1 | AF10: 1 | AM10: 1
B11: =B9 -> 1 | C11: 6 | E11: COUNTDOWN | F11: EAST | G11: =G10 -> 1 | H11: =H9 -> A | L11: 7 | M11: 6 | N11: 5 | O11: 4 | P11: 3 | Q11: 2 | R11: 1 | S11: 7 | T11: 6 | U11: 5 | V11: 4 | W11: 3 | X11: 2 | Y11: 1 | Z11: 7 | AA11: 6 | AB11: 5 | AC11: 4 | AD11: 3 | AE11: 2 | AF11: 1 | AG11: 7 | AH11: 6 | AI11: 5 | AJ11: 4 | AK11: 3 | AL11: 2 | AM11: 1 | AN11: 7 | AO11: 6 | AP11: 5 | AQ11: 4 | AR11: 3 | AS11: 2 | AT11: 1
B12: 2 | C12: 1 | D12: UNLOAD | E12: UNLOAD SORTING | F12: EAST | G12: =G11 -> 1 | H12: B | I12: -2 | J12: =I12+$J$4 -> 5 | Q12: 4 | X12: 4 | AE12: 4 | AL12: 4
B13: 2 | C13: 2 | D13: TRANSFER | E13: TRANSFER | F13: EAST | G13: =G12 -> 1 | H13: B | I13: -1 | J13: =I13+$J$4 -> 6 | R13: 3 | S13: 2 | Y13: 3 | Z13: 2 | AF13: 3 | AG13: 2 | AM13: 3 | AN13: 2
B14: 2 | C14: 3 | D14: SUPPLY | E14: SUPPLY | F14: EAST | G14: 1 | H14: B | I14: 2 | J14: =I14+$J$4 -> 9 | U14: 7 | V14: 6 | W14: 5 | X14: 4 | AB14: 7 | AC14: 6 | AD14: 5 | AE14: 4 | AI14: 7 | AJ14: 6 | AK14: 5 | AL14: 4
B15: =B14 -> 2 | C15: 4 | D15: SUPPLY | E15: EMPTY | F15: EAST | G15: =G14 -> 1 | H15: =H14 -> B | I15: -1 | J15: =I15+$J$4 -> 6 | R15: 3 | Y15: 3 | AF15: 3 | AM15: 3
B16: 2 | C16: 5 | D16: SUPPLY | E16: PREPARE B PASS | F16: EAST | G16: =G15 -> 1 | H16: B | I16: 0 | J16: =I16+$J$4 -> 7 | S16: 2 | T16: 1 | Z16: 2 | AA16: 1 | AG16: 2 | AH16: 1 | AN16: 2 | AO16: 1
B17: =B15 -> 2 | C17: 6 | E17: COUNTDOWN | F17: EAST | G17: =G16 -> 1 | H17: =H15 -> B | L17: 2 | M17: 1 | N17: 7 | O17: 6 | P17: 5 | Q17: 4 | R17: 3 | S17: 2 | T17: 1 | U17: 7 | V17: 6 | W17: 5 | X17: 4 | Y17: 3 | Z17: 2 | AA17: 1 | AB17: 7 | AC17: 6 | AD17: 5 | AE17: 4 | AF17: 3 | AG17: 2 | AH17: 1 | AI17: 7 | AJ17: 6 | AK17: 5 | AL17: 4 | AM17: 3 | AN17: 2 | AO17: 1 | AP17: 7 | AQ17: 6 | AR17: 5 | AS17: 4 | AT17: 3
B18: 3 | C18: 1 | D18: UNLOAD | E18: UNLOAD SORTING | F18: EAST | G18: =G17 -> 1 | H18: E | I18: 2 | J18: =I18+$J$4 -> 9 | U18: 3 | AB18: 3 | AI18: 3 | AP18: 3
B19: 3 | C19: 2 | D19: TRANSFER | E19: TRANSFER | F19: EAST | G19: =G18 -> 1 | H19: E | I19: 3 | J19: =I19+$J$4 -> 10 | V19: 2 | AC19: 2 | AJ19: 2 | AQ19: 2
B20: 3 | C20: 3 | D20: SUPPLY | E20: SUPPLY | F20: EAST | G20: 1 | H20: E | I20: 5 | J20: =I20+$J$4 -> 12 | X20: 7 | Y20: 6 | Z20: 5 | AA20: 4 | AE20: 7 | AF20: 6 | AG20: 5 | AH20: 4 | AL20: 7 | AM20: 6 | AN20: 5 | AO20: 4
B21: =B20 -> 3 | C21: 4 | D21: SUPPLY | E21: EMPTY | F21: EAST | G21: =G20 -> 1 | H21: =H20 -> E | I21: 2 | J21: =I21+$J$4 -> 9 | U21: 3 | V21: 2 | AB21: 3 | AC21: 2 | AI21: 3 | AJ21: 2 | AP21: 3 | AQ21: 2
B22: 3 | C22: 5 | D22: SUPPLY | E22: PREPARE B PASS | F22: EAST | G22: =G21 -> 1 | H22: E | I22: 4 | J22: =I22+$J$4 -> 11 | W22: 1 | AD22: 1 | AK22: 1 | AR22: 1
B23: =B21 -> 3 | C23: 6 | E23: COUNTDOWN | F23: EAST | G23: =G22 -> 1 | H23: =H21 -> E | L23: 5 | M23: 4 | N23: 3 | O23: 2 | P23: 1 | Q23: 7 | R23: 6 | S23: 5 | T23: 4 | U23: 3 | V23: 2 | W23: 1 | X23: 7 | Y23: 6 | Z23: 5 | AA23: 4 | AB23: 3 | AC23: 2 | AD23: 1 | AE23: 7 | AF23: 6 | AG23: 5 | AH23: 4 | AI23: 3 | AJ23: 2 | AK23: 1 | AL23: 7 | AM23: 6 | AN23: 5 | AO23: 4 | AP23: 3 | AQ23: 2 | AR23: 1 | AS23: 7 | AT23: 6
B24: 4 | C24: 1 | D24: UNLOAD | E24: UNLOAD SORTING | F24: EAST | G24: =G23 -> 1 | H24: J | I24: 3 | J24: =I24+$J$4 -> 10 | V24: 4 | AC24: 4 | AJ24: 4 | AQ24: 4
B25: 4 | C25: 2 | D25: TRANSFER | E25: TRANSFER | F25: EAST | G25: =G24 -> 1 | H25: J | I25: 4 | J25: =I25+$J$4 -> 11 | W25: 3 | AD25: 3 | AK25: 3 | AR25: 3
B26: 4 | C26: 3 | D26: SUPPLY | E26: SUPPLY | F26: EAST | G26: 1 | H26: J | I26: 7 | J26: =I26+$J$4 -> 14 | Z26: 7 | AA26: 6 | AB26: 5 | AC26: 4 | AG26: 7 | AH26: 6 | AI26: 5 | AJ26: 4 | AN26: 7 | AO26: 6 | AP26: 5 | AQ26: 4
B27: =B26 -> 4 | C27: 4 | D27: SUPPLY | E27: EMPTY | F27: EAST | G27: =G26 -> 1 | H27: =H26 -> J | I27: 4 | J27: =I27+$J$4 -> 11 | W27: 3 | AD27: 3 | AK27: 3 | AR27: 3
B28: 4 | C28: 5 | D28: SUPPLY | E28: PREPARE B PASS | F28: EAST | G28: =G27 -> 1 | H28: J | I28: 5 | J28: =I28+$J$4 -> 12 | X28: 2 | Y28: 1 | AE28: 2 | AF28: 1 | AL28: 2 | AM28: 1 | AS28: 2 | AT28: 1
B29: =B27 -> 4 | C29: 6 | E29: COUNTDOWN | F29: EAST | G29: =G28 -> 1 | H29: =H27 -> J | L29: 7 | M29: 6 | N29: 5 | O29: 4 | P29: 3 | Q29: 2 | R29: 1 | S29: 7 | T29: 6 | U29: 5 | V29: 4 | W29: 3 | X29: 2 | Y29: 1 | Z29: 7 | AA29: 6 | AB29: 5 | AC29: 4 | AD29: 3 | AE29: 2 | AF29: 1 | AG29: 7 | AH29: 6 | AI29: 5 | AJ29: 4 | AK29: 3 | AL29: 2 | AM29: 1 | AN29: 7 | AO29: 6 | AP29: 5 | AQ29: 4 | AR29: 3 | AS29: 2 | AT29: 1
B30: 5 | C30: 1 | D30: UNLOAD | E30: UNLOAD SORTING | F30: EAST | G30: =G29 -> 1 | H30: D1 | I30: 0 | J30: =I30+$J$4 -> 7 | K30: DIRECT | S30: 4 | T30: 3 | Z30: 4 | AA30: 3 | AG30: 4 | AH30: 3 | AN30: 4 | AO30: 3
B31: 5 | C31: 2 | D31: TRANSFER | E31: TRANSFER | F31: EAST | G31: =G30 -> 1 | H31: D1 | I31: 2 | J31: =I31+$J$4 -> 9 | K31: DIRECT | U31: 2 | AB31: 2 | AI31: 2 | AP31: 2
B32: 5 | C32: 3 | D32: SUPPLY | E32: SUPPLY | F32: EAST | G32: 2 | H32: D1 | I32: 4 | J32: =I32+$J$4 -> 11 | K32: DIRECT | W32: 7 | X32: 6 | Y32: 5 | Z32: 4 | AD32: 7 | AE32: 6 | AF32: 5 | AG32: 4 | AK32: 7 | AL32: 6 | AM32: 5 | AN32: 4
B33: =B32 -> 5 | C33: 4 | D33: SUPPLY | E33: EMPTY | F33: EAST | G33: =G32 -> 2 | H33: =H32 -> D1 | I33: 1 | J33: =I33+$J$4 -> 8 | K33: DIRECT | T33: 3 | U33: 2 | AA33: 3 | AB33: 2 | AH33: 3 | AI33: 2 | AO33: 3 | AP33: 2
B34: 5 | C34: 5 | D34: SUPPLY | E34: PREPARE B PASS | F34: EAST | G34: =G33 -> 2 | H34: D1 | I34: 3 | J34: =I34+$J$4 -> 10 | K34: DIRECT | V34: 1 | AC34: 1 | AJ34: 1 | AQ34: 1
B35: =B33 -> 5 | C35: 6 | E35: COUNTDOWN | F35: EAST | G35: =G34 -> 2 | H35: =H33 -> D1 | K35: DIRECT | L35: 4 | M35: 3 | N35: 2 | O35: 1 | P35: 7 | Q35: 6 | R35: 5 | S35: 4 | T35: 3 | U35: 2 | V35: 1 | W35: 7 | X35: 6 | Y35: 5 | Z35: 4 | AA35: 3 | AB35: 2 | AC35: 1 | AD35: 7 | AE35: 6 | AF35: 5 | AG35: 4 | AH35: 3 | AI35: 2 | AJ35: 1 | AK35: 7 | AL35: 6 | AM35: 5 | AN35: 4 | AO35: 3 | AP35: 2 | AQ35: 1 | AR35: 7 | AS35: 6 | AT35: 5
B36: 6 | C36: 1 | D36: UNLOAD | E36: UNLOAD SORTING | F36: EAST | G36: =G35 -> 2 | H36: C | I36: -1 | J36: =I36+$J$4 -> 6 | R36: 4 | Y36: 4 | AF36: 4 | AM36: 4
B37: 6 | C37: 2 | D37: TRANSFER | E37: TRANSFER | F37: EAST | G37: =G36 -> 2 | H37: C | I37: 0 | J37: =I37+$J$4 -> 7 | S37: 3 | Z37: 4 | AG37: 4 | AN37: 4
B38: 6 | C38: 3 | D38: SUPPLY | E38: SUPPLY | F38: EAST | G38: 2 | H38: C | I38: 3 | J38: =I38+$J$4 -> 10 | V38: 7 | W38: 6 | X38: 5 | Y38: 4 | AC38: 7 | AD38: 6 | AE38: 5 | AF38: 4 | AJ38: 7 | AK38: 6 | AL38: 5 | AM38: 4
B39: =B38 -> 6 | C39: 4 | D39: SUPPLY | E39: EMPTY | F39: EAST | G39: =G38 -> 2 | H39: =H38 -> C | I39: 0 | J39: =I39+$J$4 -> 7 | S39: 3 | T39: 2 | Z39: 3 | AA39: 2 | AG39: 3 | AH39: 2 | AN39: 3 | AO39: 2
B40: 6 | C40: 5 | D40: SUPPLY | E40: PREPARE B PASS | F40: EAST | G40: =G39 -> 2 | H40: C | I40: 2 | J40: =I40+$J$4 -> 9 | U40: 1 | AB40: 1 | AI40: 1 | AP40: 1
B41: =B39 -> 6 | C41: 6 | E41: COUNTDOWN | F41: EAST | G41: =G40 -> 2 | H41: =H39 -> C | L41: 3 | M41: 2 | N41: 1 | O41: 7 | P41: 6 | Q41: 5 | R41: 4 | S41: 3 | T41: 2 | U41: 1 | V41: 7 | W41: 6 | X41: 5 | Y41: 4 | Z41: 3 | AA41: 2 | AB41: 1 | AC41: 7 | AD41: 6 | AE41: 5 | AF41: 4 | AG41: 3 | AH41: 2 | AI41: 1 | AJ41: 7 | AK41: 6 | AL41: 5 | AM41: 4 | AN41: 3 | AO41: 2 | AP41: 1 | AQ41: 7 | AR41: 6 | AS41: 5 | AT41: 4
B42: 7 | C42: 1 | D42: UNLOAD | E42: UNLOAD SORTING | F42: EAST | G42: =G41 -> 2 | H42: D2 | I42: 3 | J42: =I42+$J$4 -> 10 | K42: DIRECT | V42: 5 | W42: 4 | AC42: 5 | AD42: 4 | AJ42: 5 | AK42: 4 | AQ42: 5 | AR42: 4
B43: 7 | C43: 2 | D43: TRANSFER | E43: TRANSFER | F43: EAST | G43: =G42 -> 2 | H43: D2 | I43: 5 | J43: =I43+$J$4 -> 12 | K43: DIRECT | X43: 3 | AE43: 3 | AL43: 3 | AS43: 3
B44: 7 | C44: 3 | D44: SUPPLY | E44: SUPPLY | F44: EAST | G44: 2 | H44: D2 | I44: 6 | J44: =I44+$J$4 -> 13 | K44: DIRECT | Y44: 7 | Z44: 6 | AA44: 5 | AB44: 4 | AH44: 7 | AI44: 6 | AJ44: 5 | AK44: 4 | AO44: 7 | AP44: 6 | AQ44: 5 | AR44: 4
B45: =B44 -> 7 | C45: 4 | D45: SUPPLY | E45: EMPTY | F45: EAST | G45: =G44 -> 2 | H45: =H44 -> D2 | I45: 5 | J45: =I45+$J$4 -> 12 | K45: DIRECT | X45: 3 | Y45: 2 | AE45: 3 | AF45: 2 | AL45: 3 | AM45: 2 | AR45: 3 | AS45: 2
B46: 7 | C46: 5 | D46: SUPPLY | E46: PREPARE B PASS | F46: EAST | G46: =G45 -> 2 | H46: D2 | I46: 7 | J46: =I46+$J$4 -> 14 | K46: DIRECT | Z46: 1 | AG46: 1 | AN46: 1 | AT46: 1
B47: =B45 -> 7 | C47: 6 | E47: COUNTDOWN | F47: EAST | G47: =G46 -> 2 | H47: =H45 -> D2 | K47: DIRECT | L47: 1 | M47: 7 | N47: 6 | O47: 5 | P47: 4 | Q47: 3 | R47: 2 | S47: 1 | T47: 7 | U47: 6 | V47: 5 | W47: 4 | X47: 3 | Y47: 2 | Z47: 1 | AA47: 7 | AB47: 6 | AC47: 5 | AD47: 4 | AE47: 3 | AF47: 2 | AG47: 1 | AH47: 7 | AI47: 6 | AJ47: 5 | AK47: 4 | AL47: 3 | AM47: 2 | AN47: 1 | AO47: 7 | AP47: 6 | AQ47: 5 | AR47: 4 | AS47: 3 | AT47: 2
B48: 8 | C48: 1 | D48: UNLOAD | E48: UNLOAD SORTING | F48: WEST | G48: =G47 -> 2 | H48: F | I48: -2 | J48: =I48+$J$4 -> 5 | Q48: 3 | X48: 3 | AE48: 3 | AL48: 3
B49: 8 | C49: 2 | D49: TRANSFER | E49: TRANSFER | F49: WEST | G49: =G48 -> 2 | H49: F | I49: -1 | J49: =I49+$J$4 -> 6 | R49: 2 | Y49: 2 | AF49: 2 | AM49: 2
B50: 8 | C50: 3 | D50: SUPPLY | E50: SUPPLY | F50: WEST | G50: 1 | H50: F | I50: 1 | J50: =I50+$J$4 -> 8 | S50: 8 | T50: 7 | U50: 6 | V50: 5 | W50: 4 | Z50: 8 | AA50: 7 | AB50: 6 | AC50: 5 | AD50: 4 | AG50: 8 | AH50: 7 | AI50: 6 | AJ50: 5 | AK50: 4
B51: =B50 -> 8 | C51: 4 | D51: SUPPLY | E51: EMPTY | F51: WEST | G51: =G50 -> 1 | H51: =H50 -> F | I51: -2 | J51: =I51+$J$4 -> 5 | Q51: 3 | R51: 2 | X51: 3 | Y51: 2 | AE51: 3 | AF51: 2 | AL51: 3 | AM51: 2
B52: 8 | C52: 5 | D52: SUPPLY | E52: PREPARE B PASS | F52: WEST | G52: =G51 -> 1 | H52: F | I52: 0 | J52: =I52+$J$4 -> 7
B53: =B51 -> 8 | C53: 6 | E53: COUNTDOWN | F53: WEST | G53: =G52 -> 1 | H53: =H51 -> F | L53: 8 | M53: 7 | N53: 6 | O53: 5 | P53: 4 | Q53: 3 | R53: 2 | S53: 8 | T53: 7 | U53: 6 | V53: 5 | W53: 4 | X53: 3 | Y53: 2 | Z53: 8 | AA53: 7 | AB53: 6 | AC53: 5 | AD53: 4 | AE53: 3 | AF53: 2 | AG53: 8 | AH53: 7 | AI53: 6 | AJ53: 5 | AK53: 4 | AL53: 3 | AM53: 2 | AN53: 8 | AO53: 7 | AP53: 6 | AQ53: 5 | AR53: 4 | AS53: 3 | AT53: 2
B54: 9 | C54: 1 | D54: UNLOAD | E54: UNLOAD SORTING | F54: WEST | G54: =G53 -> 1 | H54: K | I54: 2 | J54: =I54+$J$4 -> 9 | T54: 3 | AA54: 3 | AH54: 3 | AO54: 3
B55: 9 | C55: 2 | D55: TRANSFER | E55: TRANSFER | F55: WEST | G55: =G54 -> 1 | H55: K | I55: 3 | J55: =I55+$J$4 -> 10 | U55: 2 | AB55: 2 | AI55: 2 | AP55: 2
B56: 9 | C56: 3 | D56: SUPPLY | E56: SUPPLY | F56: WEST | G56: 1 | H56: K | I56: 5 | J56: =I56+$J$4 -> 12 | W56: 8 | X56: 7 | Y56: 6 | Z56: 4 | AD56: 8 | AE56: 7 | AF56: 6 | AG56: 4 | AK56: 8 | AL56: 7 | AM56: 6 | AN56: 4
B57: =B56 -> 9 | C57: 4 | D57: SUPPLY | E57: EMPTY | F57: WEST | G57: =G56 -> 1 | H57: =H56 -> K | I57: 2 | J57: =I57+$J$4 -> 9 | T57: 3 | U57: 2 | AA57: 3 | AB57: 2 | AH57: 3 | AI57: 2 | AO57: 3 | AP57: 2
B58: 9 | C58: 5 | D58: SUPPLY | E58: PREPARE B PASS | F58: WEST | G58: =G57 -> 1 | H58: K | I58: 4 | J58: =I58+$J$4 -> 11 | V58: 1 | AC58: 1 | AJ58: 1 | AQ58: 1
B59: =B57 -> 9 | C59: 6 | E59: COUNTDOWN | F59: WEST | G59: =G58 -> 1 | H59: =H57 -> K | L59: 4 | M59: 3 | N59: 2 | O59: 1 | P59: 8 | Q59: 7 | R59: 6 | S59: 4 | T59: 3 | U59: 2 | V59: 1 | W59: 8 | X59: 7 | Y59: 6 | Z59: 4 | AA59: 3 | AB59: 2 | AC59: 1 | AD59: 8 | AE59: 7 | AF59: 6 | AG59: 4 | AH59: 3 | AI59: 2 | AJ59: 1 | AK59: 8 | AL59: 7 | AM59: 6 | AN59: 4 | AO59: 3 | AP59: 2 | AQ59: 1 | AR59: 8 | AS59: 7 | AT59: 6
B60: 10 | C60: 1 | D60: UNLOAD | E60: UNLOAD SORTING | F60: WEST | G60: =G59 -> 1 | H60: G | I60: 0 | J60: =I60+$J$4 -> 7
B61: 10 | C61: 2 | D61: TRANSFER | E61: TRANSFER | F61: WEST | G61: =G60 -> 1 | H61: G | I61: 1 | J61: =I61+$J$4 -> 8 | S61: 2 | Z61: 2 | AG61: 2 | AN61: 2
B62: 10 | C62: 3 | D62: SUPPLY | E62: SUPPLY | F62: WEST | G62: 1 | H62: G | I62: 3 | J62: =I62+$J$4 -> 10 | U62: 8 | V62: 7 | W62: 6 | X62: 5 | Y62: 4 | AB62: 8 | AC62: 7 | AD62: 6 | AE62: 5 | AF62: 4 | AI62: 8 | AJ62: 7 | AK62: 6 | AL62: 5 | AM62: 4
B63: =B62 -> 10 | C63: 4 | D63: SUPPLY | E63: EMPTY | F63: WEST | G63: =G62 -> 1 | H63: =H62 -> G | I63: 0 | J63: =I63+$J$4 -> 7 | S63: 2 | Z63: 2 | AG63: 2 | AN63: 2
B64: 10 | C64: 5 | D64: SUPPLY | E64: PREPARE B PASS | F64: WEST | G64: =G63 -> 1 | H64: G | I64: 2 | J64: =I64+$J$4 -> 9 | T64: 1 | AA64: 1 | AH64: 1 | AO64: 1
B65: =B63 -> 10 | C65: 6 | E65: COUNTDOWN | F65: WEST | G65: =G64 -> 1 | H65: =H63 -> G | L65: 2 | M65: 1 | N65: 8 | O65: 7 | P65: 6 | Q65: 5 | R65: 4 | S65: 2 | T65: 1 | U65: 8 | V65: 7 | W65: 6 | X65: 5 | Y65: 4 | Z65: 2 | AA65: 1 | AB65: 8 | AC65: 7 | AD65: 6 | AE65: 5 | AF65: 4 | AG65: 2 | AH65: 1 | AI65: 8 | AJ65: 7 | AK65: 6 | AL65: 5 | AM65: 4 | AN65: 2 | AO65: 1 | AP65: 8 | AQ65: 7 | AR65: 6 | AS65: 5 | AT65: 4
B66: 11 | C66: 1 | D66: UNLOAD | E66: UNLOAD SORTING | F66: WEST | G66: =G65 -> 1 | H66: H | I66: -4 | J66: =I66+$J$4 -> 3 | K66: DIRECT | O66: 4 | P66: 3 | V66: 4 | W66: 3 | AC66: 4 | AD66: 3 | AJ66: 4 | AK66: 3
B67: 11 | C67: 2 | D67: TRANSFER | E67: TRANSFER | F67: WEST | G67: =G66 -> 1 | H67: H | I67: -2 | J67: =I67+$J$4 -> 5 | K67: DIRECT | Q67: 2 | X67: 2 | AE67: 2 | AL67: 2
B68: 11 | C68: 3 | D68: SUPPLY | E68: SUPPLY | F68: WEST | G68: 1 | H68: H | I68: 0 | J68: =I68+$J$4 -> 7 | K68: DIRECT | S68: 7 | T68: 6 | U68: 5 | V68: 4 | Z68: 7 | AA68: 6 | AB68: 5 | AC68: 4 | AG68: 7 | AH68: 6 | AI68: 5 | AJ68: 4
B69: =B68 -> 11 | C69: 4 | D69: SUPPLY | E69: EMPTY | F69: WEST | G69: =G68 -> 1 | H69: =H68 -> H | I69: -3 | J69: =I69+$J$4 -> 4 | K69: DIRECT | P69: 3 | Q69: 2 | W69: 3 | X69: 2 | AD69: 3 | AE69: 2 | AK69: 3 | AL69: 2
B70: 11 | C70: 5 | D70: SUPPLY | E70: PREPARE B PASS | F70: WEST | G70: =G69 -> 1 | H70: H | I70: -1 | J70: =I70+$J$4 -> 6 | K70: DIRECT | R70: 1 | Y70: 1 | AF70: 1 | AM70: 1
B71: =B69 -> 11 | C71: 6 | E71: COUNTDOWN | F71: WEST | G71: =G70 -> 1 | H71: =H69 -> H | K71: DIRECT | L71: 7 | M71: 6 | N71: 5 | O71: 4 | P71: 3 | Q71: 2 | R71: 1 | S71: 7 | T71: 6 | U71: 5 | V71: 4 | W71: 3 | X71: 2 | Y71: 1 | Z71: 7 | AA71: 6 | AB71: 5 | AC71: 4 | AD71: 3 | AE71: 2 | AF71: 1 | AG71: 7 | AH71: 6 | AI71: 5 | AJ71: 4 | AK71: 3 | AL71: 2 | AM71: 1 | AN71: 7 | AO71: 6 | AP71: 5 | AQ71: 4 | AR71: 3 | AS71: 2 | AT71: 1
B72: 12 | C72: 1 | D72: UNLOAD | E72: UNLOAD SORTING | F72: WEST | G72: =G71 -> 1 | H72: I | I72: -1 | J72: =I72+$J$4 -> 6 | R72: 3 | Y72: 3 | AF72: 3 | AM72: 3
B73: 12 | C73: 2 | D73: TRANSFER | E73: TRANSFER | F73: WEST | G73: =G72 -> 1 | H73: I | I73: 0 | J73: =I73+$J$4 -> 7
B74: 12 | C74: 3 | D74: SUPPLY | E74: SUPPLY | F74: WEST | G74: 2 | H74: I | I74: 2 | J74: =I74+$J$4 -> 9 | T74: 8 | U74: 7 | V74: 6 | W74: 5 | X74: 4 | AA74: 8 | AB74: 7 | AC74: 6 | AD74: 5 | AE74: 4 | AH74: 8 | AI74: 7 | AJ74: 6 | AK74: 5 | AL74: 4
B75: =B74 -> 12 | C75: 4 | D75: SUPPLY | E75: EMPTY | F75: WEST | G75: =G74 -> 2 | H75: =H74 -> I | I75: -1 | J75: =I75+$J$4 -> 6 | R75: 3 | Y75: 3 | AF75: 3 | AM75: 3
B76: 12 | C76: 5 | D76: SUPPLY | E76: PREPARE B PASS | F76: WEST | G76: =G75 -> 2 | H76: I | I76: 1 | J76: =I76+$J$4 -> 8 | S76: 1 | Z76: 1 | AG76: 1 | AN76: 1
B77: =B75 -> 12 | C77: 6 | E77: COUNTDOWN | F77: WEST | G77: =G76 -> 2 | H77: =H75 -> I | L77: 1 | M77: 8 | N77: 7 | O77: 6 | P77: 5 | Q77: 4 | R77: 3 | S77: 1 | T77: 8 | U77: 7 | V77: 6 | W77: 5 | X77: 4 | Y77: 3 | Z77: 1 | AA77: 8 | AB77: 7 | AC77: 6 | AD77: 5 | AE77: 4 | AF77: 3 | AG77: 1 | AH77: 8 | AI77: 7 | AJ77: 6 | AK77: 5 | AL77: 4 | AM77: 3 | AN77: 1 | AO77: 8 | AP77: 7 | AQ77: 6 | AR77: 5 | AS77: 4 | AT77: 3
B78: 13 | C78: 1 | D78: UNLOAD | E78: UNLOAD SORTING | F78: WEST | G78: =G77 -> 2 | H78: N | I78: 1 | J78: =I78+$J$4 -> 8 | K78: DIRECT | S78: 3 | Z78: 3 | AG78: 3 | AN78: 3
B79: 13 | C79: 2 | D79: TRANSFER | E79: TRANSFER | F79: WEST | G79: =G78 -> 2 | H79: N | I79: 2 | J79: =I79+$J$4 -> 9 | K79: DIRECT | T79: 2 | AA79: 2 | AH79: 2 | AO79: 2
B80: 13 | C80: 3 | D80: SUPPLY | E80: SUPPLY | F80: WEST | G80: 2 | H80: N | I80: 4 | J80: =I80+$J$4 -> 11 | K80: DIRECT | V80: 8 | W80: 7 | X80: 6 | Y80: 5 | AC80: 8 | AD80: 7 | AE80: 6 | AF80: 5 | AJ80: 8 | AK80: 7 | AL80: 6 | AM80: 5
B81: =B80 -> 13 | C81: 4 | D81: SUPPLY | E81: EMPTY | F81: WEST | G81: =G80 -> 2 | H81: =H80 -> N | I81: 1 | J81: =I81+$J$4 -> 8 | K81: DIRECT | S81: 3 | T81: 2 | Z81: 3 | AA81: 2 | AG81: 3 | AH81: 2 | AN81: 3 | AO81: 2
B82: 13 | C82: 5 | D82: SUPPLY | E82: PREPARE B PASS | F82: WEST | G82: =G81 -> 2 | H82: N | I82: 3 | J82: =I82+$J$4 -> 10 | K82: DIRECT | U82: 1 | AB82: 1 | AI82: 1 | AP82: 1
B83: =B81 -> 13 | C83: 6 | E83: COUNTDOWN | F83: WEST | G83: =G82 -> 2 | H83: =H81 -> N | K83: DIRECT | L83: 3 | M83: 2 | N83: 1 | O83: 8 | P83: 7 | Q83: 6 | R83: 5 | S83: 3 | T83: 2 | U83: 1 | V83: 8 | W83: 7 | X83: 6 | Y83: 5 | Z83: 3 | AA83: 2 | AB83: 1 | AC83: 8 | AD83: 7 | AE83: 6 | AF83: 5 | AG83: 3 | AH83: 2 | AI83: 1 | AJ83: 8 | AK83: 7 | AL83: 6 | AM83: 5 | AN83: 3 | AO83: 2 | AP83: 1 | AQ83: 8 | AR83: 7 | AS83: 6 | AT83: 5
B84: 14 | C84: 1 | D84: UNLOAD | E84: UNLOAD SORTING | F84: WEST | G84: =G83 -> 2 | H84: L | I84: 3 | J84: =I84+$J$4 -> 10 | K84: DIRECT | T84: 4 | AA84: 4 | AH84: 4 | AO84: 4
B85: 14 | C85: 2 | D85: TRANSFER | E85: TRANSFER | F85: WEST | G85: =G84 -> 2 | H85: L | I85: 4 | J85: =I85+$J$4 -> 11 | K85: DIRECT | U85: 3 | AB85: 3 | AI85: 3 | AP85: 3
B86: 14 | C86: 3 | D86: SUPPLY | E86: SUPPLY | F86: WEST | G86: 2 | H86: L | I86: 6 | J86: =I86+$J$4 -> 13 | K86: DIRECT | X86: 8 | Y86: 7 | Z86: 5 | AA86: 4 | AE86: 8 | AF86: 7 | AG86: 5 | AH86: 4 | AL86: 8 | AM86: 7 | AN86: 5 | AO86: 4
B87: =B86 -> 14 | C87: 4 | D87: SUPPLY | E87: EMPTY | F87: WEST | G87: =G86 -> 2 | H87: =H86 -> L | I87: 3 | J87: =I87+$J$4 -> 10 | K87: DIRECT | U87: 3 | AB87: 3 | AI87: 3 | AP87: 3
B88: 14 | C88: 5 | D88: SUPPLY | E88: PREPARE B PASS | F88: WEST | G88: =G87 -> 2 | H88: L | I88: 4 | J88: =I88+$J$4 -> 11 | K88: DIRECT | V88: 2 | W88: 1 | AC88: 2 | AD88: 1 | AJ88: 2 | AK88: 1 | AQ88: 2 | AR88: 1
B89: =B87 -> 14 | C89: 6 | E89: COUNTDOWN | F89: WEST | G89: =G88 -> 2 | H89: =H87 -> L | K89: DIRECT | L89: 5 | M89: 4 | N89: 3 | O89: 2 | P89: 1 | Q89: 8 | R89: 7 | S89: 5 | T89: 4 | U89: 3 | V89: 2 | W89: 1 | X89: 8 | Y89: 7 | Z89: 5 | AA89: 4 | AB89: 3 | AC89: 2 | AD89: 1 | AE89: 8 | AF89: 7 | AG89: 5 | AH89: 4 | AI89: 3 | AJ89: 2 | AK89: 1 | AL89: 8 | AM89: 7 | AN89: 5 | AO89: 4 | AP89: 3 | AQ89: 2 | AR89: 1 | AS89: 8 | AT89: 7
B90: 15 | C90: 1 | D90: UNLOAD | E90: UNLOAD SORTING | F90: WEST | G90: =G89 -> 2 | H90: M | I90: 4 | J90: =I90+$J$4 -> 11 | V90: 4 | AC90: 4 | AJ90: 4 | AQ90: 4
B91: 15 | C91: 2 | D91: TRANSFER | E91: TRANSFER | F91: WEST | G91: =G90 -> 2 | H91: M | I91: 5 | J91: =I91+$J$4 -> 12 | W91: 3 | X91: 2 | AD91: 3 | AE91: 2 | AK91: 3 | AL91: 2 | AR91: 3 | AS91: 2
B92: 15 | C92: 3 | D92: SUPPLY | E92: SUPPLY | F92: WEST | G92: 2 | H92: M | I92: 8 | J92: =I92+$J$4 -> 15 | Z92: 7 | AA92: 6 | AB92: 5 | AC92: 4 | AG92: 7 | AH92: 6 | AI92: 5 | AJ92: 4 | AN92: 7 | AO92: 6 | AP92: 5 | AQ92: 4
B93: =B92 -> 15 | C93: 4 | D93: SUPPLY | E93: EMPTY | F93: WEST | G93: =G92 -> 2 | H93: =H92 -> M | I93: 5 | J93: =I93+$J$4 -> 12 | W93: 3 | X93: 2 | AD93: 3 | AE93: 2 | AK93: 3 | AL93: 2 | AR93: 3 | AS93: 2
B94: 15 | C94: 5 | D94: SUPPLY | E94: PREPARE B PASS | F94: WEST | G94: =G93 -> 2 | H94: M | I94: 7 | J94: =I94+$J$4 -> 14 | Y94: 1 | AF94: 1 | AM94: 1 | AT94: 1
B95: =B93 -> 15 | C95: 6 | E95: COUNTDOWN | F95: WEST | G95: =G94 -> 2 | H95: =H93 -> M | L95: 7 | M95: 6 | N95: 5 | O95: 4 | P95: 3 | Q95: 2 | R95: 1 | S95: 7 | T95: 6 | U95: 5 | V95: 4 | W95: 3 | X95: 2 | Y95: 1 | Z95: 7 | AA95: 6 | AB95: 5 | AC95: 4 | AD95: 3 | AE95: 2 | AF95: 1 | AG95: 7 | AH95: 6 | AI95: 5 | AJ95: 4 | AK95: 3 | AL95: 2 | AM95: 1 | AN95: 7 | AO95: 6 | AP95: 5 | AQ95: 4 | AR95: 3 | AS95: 2 | AT95: 1

Sheet 14
B1: COUNT DOWN : | D1: 14 | E1: 4 Route Ketemu
AA2: PICS
B3: NO SEQ | C3: NO PROCESS | E3: MAIN JOB | F3: PROCESS NAME | G3: ZONE | H3: LANE | I3: LANE | J3: ROUTE | K3: OFFSET 1 | L3: OFFSET 2 | M3: GROUP | N3: 9 | AB3: 8
L4: 14 | N4: 14 | O4: 13 | P4: 12 | Q4: 11 | R4: 10 | S4: 9 | T4: 8 | U4: 7 | V4: 6 | W4: 5 | X4: 4 | Y4: 3 | Z4: 2 | AA4: 1 | AB4: 14 | AC4: 13 | AD4: 12 | AE4: 11 | AF4: 10 | AG4: 9 | AH4: 8 | AI4: 7 | AJ4: 6 | AK4: 5 | AL4: 4 | AM4: 3 | AN4: 2 | AO4: 1 | AP4: 14 | AQ4: 13 | AR4: 12 | AS4: 11 | AT4: 10 | AU4: 9 | AV4: 8 | AW4: 7 | AX4: 6 | AY4: 5 | AZ4: 4 | BA4: 3 | BB4: 2 | BC4: 1 | BD4: 14 | BE4: 13 | BF4: 12 | BG4: 11 | BH4: 10 | BI4: 9 | BJ4: 8 | BK4: 7 | BL4: 6 | BM4: 5 | BN4: 4 | BO4: 3 | BP4: 2 | BQ4: 1 | BR4: 14 | BS4: 13 | BT4: 12 | BU4: 11 | BV4: 10 | BW4: 9 | BX4: 8 | BY4: 7 | BZ4: 6 | CA4: 5 | CB4: 4 | CC4: 3 | CD4: 2 | CE4: 1
B5: 0 | C5: 0 | F5: UNLOAD P LANE | K5: -6 | L5: 6 | N5: 8 | O5: 7 | P5: 6 | Q5: 5 | R5: 4 | S5: 3 | T5: 2 | U5: 1 | V5: 14 | W5: 13 | X5: 12 | Y5: 11 | Z5: 10 | AA5: 9 | AB5: 8 | AC5: 7 | AD5: 6 | AE5: 5 | AF5: 4 | AG5: 3 | AH5: 2 | AI5: 1 | AJ5: 14 | AK5: 13 | AL5: 12 | AM5: 11 | AN5: 10 | AO5: 9 | AP5: 8 | AQ5: 7 | AR5: 6 | AS5: 5 | AT5: 4 | AU5: 3 | AV5: 2 | AW5: 1 | AX5: 14 | AY5: 13 | AZ5: 12 | BA5: 11 | BB5: 10 | BC5: 9 | BD5: 8 | BE5: 7 | BF5: 6 | BG5: 5 | BH5: 4 | BI5: 3 | BJ5: 2 | BK5: 1 | BL5: 14 | BM5: 13 | BN5: 12 | BO5: 11 | BP5: 10 | BQ5: 9 | BR5: 8 | BS5: 7 | BT5: 6 | BU5: 5 | BV5: 4 | BW5: 3 | BX5: 2 | BY5: 1 | BZ5: 14 | CA5: 13 | CB5: 12 | CC5: 11 | CD5: 10 | CE5: 9
B6: 1 | C6: 1 | D6: =F6&"_"&G6&"_"&J6&"_"&I6&"_"&$D$1 -> SORTING_EAST_UNP_1_14 | E6: UNLOAD | F6: SORTING | G6: EAST | H6: 1 | I6: 1 | J6: UNP | L6: =COUNT(V6:AO6) -> 0
B7: 1 | C7: 2 | D7: =F7&"_"&G7&"_"&J7&"_"&I7&"_"&$D$1 -> TRANSFER_EAST_UNP_1_14 | E7: TRANSFER | F7: TRANSFER | G7: EAST | H7: 1 | I7: 1 | J7: UNP | L7: =COUNT(V7:AO7) -> 1 | V7: 1
B8: 1 | C8: 3 | D8: =F8&"_"&G8&"_"&J8&"_"&I8&"_"&$D$1 -> SUPPLY_EAST_UNP_1_14 | E8: SUPPLY | F8: SUPPLY | G8: EAST | H8: 1 | I8: 1 | J8: UNP | L8: =COUNT(AB8:BC8) -> 0
B9: =B8 -> 1 | C9: 4 | D9: =F9&"_"&G9&"_"&J9&"_"&I9&"_"&$D$1 -> EMPTY_EAST_UNP_1_14 | E9: SUPPLY | F9: EMPTY | G9: EAST | H9: 1 | I9: 1 | J9: UNP | K9: -4 | L9: =COUNT(N9:AO9) -> 10 | N9: 1 | O9: =N9+1 -> 2 | P9: =O9+1 -> 3 | Q9: =P9+1 -> 4 | R9: =Q9+1 -> 5 | S9: =R9+1 -> 6 | T9: =S9+1 -> 7 | U9: =T9+1 -> 8 | V9: =U9+1 -> 9 | W9: =V9+1 -> 10
B10: 1 | C10: 5 | D10: =F10&"_"&G10&"_"&J10&"_"&I10&"_"&$D$1 -> PREPARE_EAST_UNP_1_14 | E10: SUPPLY | F10: PREPARE | G10: EAST | H10: 1 | I10: 1 | J10: UNP | L10: =COUNT(N10:AO10) -> 12 | N10: 1 | O10: =N10+1 -> 2 | P10: =O10+1 -> 3 | Q10: =P10+1 -> 4 | R10: =Q10+1 -> 5 | S10: =R10+1 -> 6 | T10: =S10+1 -> 7 | U10: =T10+1 -> 8 | V10: =U10+1 -> 9 | ... Y10: =X10+1 -> 12
B11: =B9 -> 1 | C11: 6 | D11: =F11&"_"&G11&"_"&J11&"_"&I11&"_"&$D$1 -> COUNTDOWN_EAST_UNP_1_14 | F11: COUNTDOWN | G11: EAST | H11: 1 | I11: 1 | J11: UNP | N11: 14 | O11: 13 | P11: 12 | Q11: 11 | R11: 10 | S11: 9 | T11: 8 | U11: 7 | V11: 6 | W11: 5 | X11: 4 | Y11: 3 | Z11: 2 | AA11: 1 | AB11: 14 | AC11: 13 | AD11: 12 | AE11: 11 | AF11: 10 | AG11: 9 | AH11: 8 | AI11: 7 | AJ11: 6 | AK11: 5 | AL11: 4 | AM11: 3 | AN11: 2 | AO11: 1 | AP11: 14 | AQ11: 13 | AR11: 12 | AS11: 11 | AT11: 10 | AU11: 9 | AV11: 8 | AW11: 7 | AX11: 6 | AY11: 5 | AZ11: 4 | BA11: 3 | BB11: 2 | BC11: 1 | BD11: 14 | BE11: 13 | BF11: 12 | BG11: 11 | BH11: 10 | BI11: 9 | BJ11: 8 | BK11: 7 | BL11: 6 | BM11: 5 | BN11: 4 | BO11: 3 | BP11: 2 | BQ11: 1 | BR11: 14 | BS11: 13 | BT11: 12 | BU11: 11 | BV11: 10 | BW11: 9 | BX11: 8 | BY11: 7 | BZ11: 6 | CA11: 5 | CB11: 4 | CC11: 3 | CD11: 2 | CE11: 1
B12: 2 | C12: 1 | D12: =F12&"_"&G12&"_"&J12&"_"&I12&"_"&$D$1 -> SORTING_EAST_A_2_14 | E12: UNLOAD | F12: SORTING | G12: EAST | H12: 2 | I12: 2 | J12: A | L12: =COUNT(V12:AO12) -> 1 | V12: 1
B13: 2 | C13: 2 | D13: =F13&"_"&G13&"_"&J13&"_"&I13&"_"&$D$1 -> TRANSFER_EAST_A_2_14 | E13: TRANSFER | F13: TRANSFER | G13: EAST | H13: 2 | I13: 2 | J13: A | L13: =COUNT(V13:AO13) -> 2 | V13: 1 | W13: =V13+1 -> 2
B14: 2 | C14: 3 | D14: =F14&"_"&G14&"_"&J14&"_"&I14&"_"&$D$1 -> SUPPLY_EAST_A_2_14 | E14: SUPPLY | F14: SUPPLY | G14: EAST | H14: 2 | I14: 2 | J14: A | L14: =COUNT(AB14:BC14) -> 1 | AB14: 1
B15: =B14 -> 2 | C15: 4 | D15: =F15&"_"&G15&"_"&J15&"_"&I15&"_"&$D$1 -> EMPTY_EAST_A_2_14 | E15: SUPPLY | F15: EMPTY | G15: EAST | H15: 2 | I15: 2 | J15: A | K15: -3 | L15: =COUNT(N15:AO15) -> 12 | N15: 1 | O15: =N15+1 -> 2 | P15: =O15+1 -> 3 | Q15: =P15+1 -> 4 | R15: =Q15+1 -> 5 | S15: =R15+1 -> 6 | T15: =S15+1 -> 7 | U15: =T15+1 -> 8 | V15: =U15+1 -> 9 | ... Y15: =X15+1 -> 12
B16: 2 | C16: 5 | D16: =F16&"_"&G16&"_"&J16&"_"&I16&"_"&$D$1 -> PREPARE_EAST_A_2_14 | E16: SUPPLY | F16: PREPARE | G16: EAST | H16: 2 | I16: 2 | J16: A | L16: =COUNT(N16:AO16) -> 13 | N16: 1 | O16: =N16+1 -> 2 | P16: =O16+1 -> 3 | Q16: =P16+1 -> 4 | R16: =Q16+1 -> 5 | S16: =R16+1 -> 6 | T16: =S16+1 -> 7 | U16: =T16+1 -> 8 | V16: =U16+1 -> 9 | ... Z16: =Y16+1 -> 13
B17: =B15 -> 2 | C17: 6 | D17: =F17&"_"&G17&"_"&J17&"_"&I17&"_"&$D$1 -> COUNTDOWN_EAST_A_2_14 | F17: COUNTDOWN | G17: EAST | H17: 2 | I17: 2 | J17: A | N17: 1 | O17: 14 | P17: 13 | Q17: 12 | R17: 11 | S17: 10 | T17: 9 | U17: 8 | V17: 7 | W17: 6 | X17: 5 | Y17: 4 | Z17: 3 | AA17: 2 | AB17: 1 | AC17: 14 | AD17: 13 | AE17: 12 | AF17: 11 | AG17: 10 | AH17: 9 | AI17: 8 | AJ17: 7 | AK17: 6 | AL17: 5 | AM17: 4 | AN17: 3 | AO17: 2 | AP17: 1 | AQ17: 14 | AR17: 13 | AS17: 12 | AT17: 11 | AU17: 10 | AV17: 9 | AW17: 8 | AX17: 7 | AY17: 6 | AZ17: 5 | BA17: 4 | BB17: 3 | BC17: 2 | BD17: 1 | BE17: 14 | BF17: 13 | BG17: 12 | BH17: 11 | BI17: 10 | BJ17: 9 | BK17: 8 | BL17: 7 | BM17: 6 | BN17: 5 | BO17: 4 | BP17: 3 | BQ17: 2 | BR17: 1 | BS17: 14 | BT17: 13 | BU17: 12 | BV17: 11 | BW17: 10 | BX17: 9 | BY17: 8 | BZ17: 7 | CA17: 6 | CB17: 5 | CC17: 4 | CD17: 3 | CE17: 2
C18: 1 | D18: =F18&"_"&G18&"_"&J18&"_"&I18&"_"&$D$1 -> SORTING_EAST_C/U_1_14 | E18: UNLOAD | F18: SORTING | G18: EAST | H18: 1 | I18: 1 | J18: C/U | L18: =COUNT(V18:AO18) -> 2 | V18: 1 | W18: =V18+1 -> 2
C19: 2 | D19: =F19&"_"&G19&"_"&J19&"_"&I19&"_"&$D$1 -> TRANSFER_EAST_C/U_1_14 | E19: TRANSFER | F19: TRANSFER | G19: EAST | H19: 1 | I19: 1 | J19: C/U | L19: =COUNT(V19:AO19) -> 3 | V19: 1 | W19: =V19+1 -> 2 | X19: =W19+1 -> 3
C20: 3 | D20: =F20&"_"&G20&"_"&J20&"_"&I20&"_"&$D$1 -> SUPPLY_EAST_C/U_1_14 | E20: SUPPLY | F20: SUPPLY | G20: EAST | H20: 1 | I20: 1 | J20: C/U | L20: =COUNT(AB20:BC20) -> 2 | AB20: 1 | AC20: =AB20+1 -> 2
C21: 4 | D21: =F21&"_"&G21&"_"&J21&"_"&I21&"_"&$D$1 -> EMPTY_EAST_C/U_1_14 | E21: SUPPLY | F21: EMPTY | G21: EAST | H21: 1 | I21: 1 | J21: C/U | L21: =COUNT(N21:AO21) -> 13 | N21: 1 | O21: =N21+1 -> 2 | P21: =O21+1 -> 3 | Q21: =P21+1 -> 4 | R21: =Q21+1 -> 5 | S21: =R21+1 -> 6 | T21: =S21+1 -> 7 | U21: =T21+1 -> 8 | V21: =U21+1 -> 9 | ... Z21: =Y21+1 -> 13
C22: 5 | D22: =F22&"_"&G22&"_"&J22&"_"&I22&"_"&$D$1 -> PREPARE_EAST_C/U_1_14 | E22: SUPPLY | F22: PREPARE | G22: EAST | H22: 1 | I22: 1 | J22: C/U | L22: =COUNT(N22:AO22) -> 14 | N22: 1 | O22: =N22+1 -> 2 | P22: =O22+1 -> 3 | Q22: =P22+1 -> 4 | R22: =Q22+1 -> 5 | S22: =R22+1 -> 6 | T22: =S22+1 -> 7 | U22: =T22+1 -> 8 | V22: =U22+1 -> 9 | ... AA22: =Z22+1 -> 14
C23: 6 | D23: =F23&"_"&G23&"_"&J23&"_"&I23&"_"&$D$1 -> COUNTDOWN_EAST_C/U_1_14 | F23: COUNTDOWN | G23: EAST | H23: 1 | I23: 1 | J23: C/U | N23: 1 | O23: 14 | P23: 13 | Q23: 12 | R23: 11 | S23: 10 | T23: 9 | U23: 8 | V23: 7 | W23: 6 | X23: 5 | Y23: 4 | Z23: 3 | AA23: 2 | AB23: 1 | AC23: 14 | AD23: 13 | AE23: 12 | AF23: 11 | AG23: 10 | AH23: 9 | AI23: 8 | AJ23: 7 | AK23: 6 | AL23: 5 | AM23: 4 | AN23: 3 | AO23: 2 | AP23: 1 | AQ23: 14 | AR23: 13 | AS23: 12 | AT23: 11 | AU23: 10 | AV23: 9 | AW23: 8 | AX23: 7 | AY23: 6 | AZ23: 5 | BA23: 4 | BB23: 3 | BC23: 2 | BD23: 1 | BE23: 14 | BF23: 13 | BG23: 12 | BH23: 11 | BI23: 10 | BJ23: 9 | BK23: 8 | BL23: 7 | BM23: 6 | BN23: 5 | BO23: 4 | BP23: 3 | BQ23: 2 | BR23: 1 | BS23: 14 | BT23: 13 | BU23: 12 | BV23: 11 | BW23: 10 | BX23: 9 | BY23: 8 | BZ23: 7 | CA23: 6 | CB23: 5 | CC23: 4 | CD23: 3 | CE23: 2
A24: E | B24: 5 | C24: 1 | D24: =F24&"_"&G24&"_"&J24&"_"&I24&"_"&$D$1 -> SORTING_EAST_C_2_14 | E24: UNLOAD | F24: SORTING | G24: EAST | H24: 2 | I24: 2 | J24: C | L24: =COUNT(V24:AO24) -> 3 | V24: 1 | W24: =V24+1 -> 2 | X24: =W24+1 -> 3
A25: E | B25: 5 | C25: 2 | D25: =F25&"_"&G25&"_"&J25&"_"&I25&"_"&$D$1 -> TRANSFER_EAST_C_2_14 | E25: TRANSFER | F25: TRANSFER | G25: EAST | H25: 2 | I25: 2 | J25: C | L25: =COUNT(V25:AO25) -> 4 | V25: 1 | W25: =V25+1 -> 2 | X25: =W25+1 -> 3 | Y25: =X25+1 -> 4
A26: E | B26: 5 | C26: 3 | D26: =F26&"_"&G26&"_"&J26&"_"&I26&"_"&$D$1 -> SUPPLY_EAST_C_2_14 | E26: SUPPLY | F26: SUPPLY | G26: EAST | H26: 2 | I26: 2 | J26: C | L26: =COUNT(AB26:BC26) -> 3 | AB26: 1 | AC26: =AB26+1 -> 2 | AD26: =AC26+1 -> 3
A27: E | B27: 5 | C27: 4 | D27: =F27&"_"&G27&"_"&J27&"_"&I27&"_"&$D$1 -> EMPTY_EAST_C_2_14 | E27: SUPPLY | F27: EMPTY | G27: EAST | H27: 2 | I27: 2 | J27: C | K27: -2 | L27: =COUNT(N27:AO27) -> 14 | N27: 1 | O27: =N27+1 -> 2 | P27: =O27+1 -> 3 | Q27: =P27+1 -> 4 | R27: =Q27+1 -> 5 | S27: =R27+1 -> 6 | T27: =S27+1 -> 7 | U27: =T27+1 -> 8 | V27: =U27+1 -> 9 | ... AA27: =Z27+1 -> 14
A28: E | B28: 5 | C28: 5 | D28: =F28&"_"&G28&"_"&J28&"_"&I28&"_"&$D$1 -> PREPARE_EAST_C_2_14 | E28: SUPPLY | F28: PREPARE | G28: EAST | H28: 2 | I28: 2 | J28: C | L28: =COUNT(N28:AO28) -> 15 | N28: 1 | O28: =N28+1 -> 2 | P28: =O28+1 -> 3 | Q28: =P28+1 -> 4 | R28: =Q28+1 -> 5 | S28: =R28+1 -> 6 | T28: =S28+1 -> 7 | U28: =T28+1 -> 8 | V28: =U28+1 -> 9 | ... AB28: =AA28+1 -> 15
A29: E | B29: =B27 -> 5 | C29: 6 | D29: =F29&"_"&G29&"_"&J29&"_"&I29&"_"&$D$1 -> COUNTDOWN_EAST_C_2_14 | F29: COUNTDOWN | G29: EAST | H29: 2 | I29: 2 | J29: C | N29: 2 | O29: 1 | P29: 14 | Q29: 13 | R29: 12 | S29: 11 | T29: 10 | U29: 9 | V29: 8 | W29: 7 | X29: 6 | Y29: 5 | Z29: 4 | AA29: 3 | AB29: 2 | AC29: 1 | AD29: 14 | AE29: 13 | AF29: 12 | AG29: 11 | AH29: 10 | AI29: 9 | AJ29: 8 | AK29: 7 | AL29: 6 | AM29: 5 | AN29: 4 | AO29: 3 | AP29: 2 | AQ29: 1 | AR29: 14 | AS29: 13 | AT29: 12 | AU29: 11 | AV29: 10 | AW29: 9 | AX29: 8 | AY29: 7 | AZ29: 6 | BA29: 5 | BB29: 4 | BC29: 3 | BD29: 2 | BE29: 1 | BF29: 14 | BG29: 13 | BH29: 12 | BI29: 11 | BJ29: 10 | BK29: 9 | BL29: 8 | BM29: 7 | BN29: 6 | BO29: 5 | BP29: 4 | BQ29: 3 | BR29: 2 | BS29: 1 | BT29: 14 | BU29: 13 | BV29: 12 | BW29: 11 | BX29: 10 | BY29: 9 | BZ29: 8 | CA29: 7 | CB29: 6 | CC29: 5 | CD29: 4 | CE29: 3
B30: 6 | C30: 6 | D30: =F30&"_"&G30&"_"&J30&"_"&I30&"_"&$D$1 -> SORTING_EAST_I_1_14 | E30: UNLOAD | F30: SORTING | G30: EAST | H30: 1 | I30: 1 | J30: I | L30: =COUNT(V30:AO30) -> 4 | V30: 1 | W30: =V30+1 -> 2 | X30: =W30+1 -> 3 | Y30: =X30+1 -> 4
B31: 6 | C31: 1 | D31: =F31&"_"&G31&"_"&J31&"_"&I31&"_"&$D$1 -> TRANSFER_EAST_I_1_14 | E31: TRANSFER | F31: TRANSFER | G31: EAST | H31: 1 | I31: 1 | J31: I | L31: =COUNT(V31:AO31) -> 5 | V31: 1 | W31: =V31+1 -> 2 | X31: =W31+1 -> 3 | Y31: =X31+1 -> 4 | Z31: =Y31+1 -> 5
B32: 6 | C32: 3 | D32: =F32&"_"&G32&"_"&J32&"_"&I32&"_"&$D$1 -> SUPPLY_EAST_I_1_14 | E32: SUPPLY | F32: SUPPLY | G32: EAST | H32: 1 | I32: 1 | J32: I | L32: =COUNT(AB32:BC32) -> 4 | AB32: 1 | AC32: =AB32+1 -> 2 | AD32: =AC32+1 -> 3 | AE32: =AD32+1 -> 4
B33: 6 | C33: 4 | D33: =F33&"_"&G33&"_"&J33&"_"&I33&"_"&$D$1 -> EMPTY_EAST_I_1_14 | E33: SUPPLY | F33: EMPTY | G33: EAST | H33: 1 | I33: 1 | J33: I | K33: -1 | L33: =COUNT(N33:AO33) -> 16 | N33: 1 | O33: =N33+1 -> 2 | P33: =O33+1 -> 3 | Q33: =P33+1 -> 4 | R33: =Q33+1 -> 5 | S33: =R33+1 -> 6 | T33: =S33+1 -> 7 | U33: =T33+1 -> 8 | V33: =U33+1 -> 9 | ... AC33: =AB33+1 -> 16
B34: 6 | C34: 2 | D34: =F34&"_"&G34&"_"&J34&"_"&I34&"_"&$D$1 -> PREPARE_EAST_I_1_14 | E34: SUPPLY | F34: PREPARE | G34: EAST | H34: 1 | I34: 1 | J34: I | L34: =COUNT(N34:AO34) -> 17 | N34: 1 | O34: =N34+1 -> 2 | P34: =O34+1 -> 3 | Q34: =P34+1 -> 4 | R34: =Q34+1 -> 5 | S34: =R34+1 -> 6 | T34: =S34+1 -> 7 | U34: =T34+1 -> 8 | V34: =U34+1 -> 9 | ... AD34: =AC34+1 -> 17
B35: =B33 -> 6 | C35: 6 | D35: =F35&"_"&G35&"_"&J35&"_"&I35&"_"&$D$1 -> COUNTDOWN_EAST_I_1_14 | F35: COUNTDOWN | G35: EAST | H35: 1 | I35: 1 | J35: I | N35: 3 | O35: 2 | P35: 1 | Q35: 14 | R35: 13 | S35: 12 | T35: 11 | U35: 10 | V35: 9 | W35: 8 | X35: 7 | Y35: 6 | Z35: 5 | AA35: 4 | AB35: 3 | AC35: 2 | AD35: 1 | AE35: 14 | AF35: 13 | AG35: 12 | AH35: 11 | AI35: 10 | AJ35: 9 | AK35: 8 | AL35: 7 | AM35: 6 | AN35: 5 | AO35: 4 | AP35: 3 | AQ35: 2 | AR35: 1 | AS35: 14 | AT35: 13 | AU35: 12 | AV35: 11 | AW35: 10 | AX35: 9 | AY35: 8 | AZ35: 7 | BA35: 6 | BB35: 5 | BC35: 4 | BD35: 3 | BE35: 2 | BF35: 1 | BG35: 14 | BH35: 13 | BI35: 12 | BJ35: 11 | BK35: 10 | BL35: 9 | BM35: 8 | BN35: 7 | BO35: 6 | BP35: 5 | BQ35: 4 | BR35: 3 | BS35: 2 | BT35: 1 | BU35: 14 | BV35: 13 | BW35: 12 | BX35: 11 | BY35: 10 | BZ35: 9 | CA35: 8 | CB35: 7 | CC35: 6 | CD35: 5 | CE35: 4
A36: N | B36: 4 | C36: 1 | D36: =F36&"_"&G36&"_"&J36&"_"&I36&"_"&$D$1 -> SORTING_EAST_G_2_14 | E36: UNLOAD | F36: SORTING | G36: EAST | H36: 2 | I36: 2 | J36: G | L36: =COUNT(V36:AO36) -> 5 | V36: 1 | W36: =V36+1 -> 2 | X36: =W36+1 -> 3 | Y36: =X36+1 -> 4 | Z36: =Y36+1 -> 5
A37: N | B37: 4 | C37: 2 | D37: =F37&"_"&G37&"_"&J37&"_"&I37&"_"&$D$1 -> TRANSFER_EAST_G_2_14 | E37: TRANSFER | F37: TRANSFER | G37: EAST | H37: 2 | I37: 2 | J37: G | L37: =COUNT(V37:AO37) -> 7 | V37: 1 | W37: =V37+1 -> 2 | X37: =W37+1 -> 3 | Y37: =X37+1 -> 4 | Z37: =Y37+1 -> 5 | AA37: =Z37+1 -> 6 | AB37: =AA37+1 -> 7
A38: N | B38: 4 | C38: 3 | D38: =F38&"_"&G38&"_"&J38&"_"&I38&"_"&$D$1 -> SUPPLY_EAST_G_2_14 | E38: SUPPLY | F38: SUPPLY | G38: EAST | H38: 2 | I38: 2 | J38: G | L38: =COUNT(AB38:BC38) -> 6 | AB38: 1 | AC38: =AB38+1 -> 2 | AD38: =AC38+1 -> 3 | AE38: =AD38+1 -> 4 | AF38: =AE38+1 -> 5 | AG38: =AF38+1 -> 6
A39: N | B39: 4 | C39: 4 | D39: =F39&"_"&G39&"_"&J39&"_"&I39&"_"&$D$1 -> EMPTY_EAST_G_2_14 | E39: SUPPLY | F39: EMPTY | G39: EAST | H39: 2 | I39: 2 | J39: G | K39: 1 | L39: =COUNT(N39:AO39) -> 18 | N39: 1 | O39: =N39+1 -> 2 | P39: =O39+1 -> 3 | Q39: =P39+1 -> 4 | R39: =Q39+1 -> 5 | S39: =R39+1 -> 6 | T39: =S39+1 -> 7 | U39: =T39+1 -> 8 | V39: =U39+1 -> 9 | ... AE39: =AD39+1 -> 18
A40: N | B40: 4 | C40: 5 | D40: =F40&"_"&G40&"_"&J40&"_"&I40&"_"&$D$1 -> PREPARE_EAST_G_2_14 | E40: SUPPLY | F40: PREPARE | G40: EAST | H40: 2 | I40: 2 | J40: G | L40: =COUNT(N40:AO40) -> 19 | N40: 1 | O40: =N40+1 -> 2 | P40: =O40+1 -> 3 | Q40: =P40+1 -> 4 | R40: =Q40+1 -> 5 | S40: =R40+1 -> 6 | T40: =S40+1 -> 7 | U40: =T40+1 -> 8 | V40: =U40+1 -> 9 | ... AF40: =AE40+1 -> 19
A41: N | B41: =B39 -> 4 | C41: 6 | D41: =F41&"_"&G41&"_"&J41&"_"&I41&"_"&$D$1 -> COUNTDOWN_EAST_G_2_14 | F41: COUNTDOWN | G41: EAST | H41: 2 | I41: 2 | J41: G | N41: 5 | O41: 4 | P41: 3 | Q41: 2 | R41: 1 | S41: 14 | T41: 13 | U41: 12 | V41: 11 | W41: 10 | X41: 9 | Y41: 8 | Z41: 7 | AA41: 6 | AB41: 5 | AC41: 4 | AD41: 3 | AE41: 2 | AF41: 1 | AG41: 14 | AH41: 13 | AI41: 12 | AJ41: 11 | AK41: 10 | AL41: 9 | AM41: 8 | AN41: 7 | AO41: 6 | AP41: 5 | AQ41: 4 | AR41: 3 | AS41: 2 | AT41: 1 | AU41: 14 | AV41: 13 | AW41: 12 | AX41: 11 | AY41: 10 | AZ41: 9 | BA41: 8 | BB41: 7 | BC41: 6 | BD41: 5 | BE41: 4 | BF41: 3 | BG41: 2 | BH41: 1 | BI41: 14 | BJ41: 13 | BK41: 12 | BL41: 11 | BM41: 10 | BN41: 9 | BO41: 8 | BP41: 7 | BQ41: 6 | BR41: 5 | BS41: 4 | BT41: 3 | BU41: 2 | BV41: 1 | BW41: 14 | BX41: 13 | BY41: 12 | BZ41: 11 | CA41: 10 | CB41: 9 | CC41: 8 | CD41: 7 | CE41: 6
B42: 3 | C42: 1 | D42: =F42&"_"&G42&"_"&J42&"_"&I42&"_"&$D$1 -> SORTING_EAST_B_1_14 | E42: UNLOAD | F42: SORTING | G42: EAST | H42: 1 | I42: 1 | J42: B | L42: =COUNT(V42:AO42) -> 7 | V42: 1 | W42: =V42+1 -> 2 | X42: =W42+1 -> 3 | Y42: =X42+1 -> 4 | Z42: =Y42+1 -> 5 | AA42: =Z42+1 -> 6 | AB42: =AA42+1 -> 7
B43: 3 | C43: 2 | D43: =F43&"_"&G43&"_"&J43&"_"&I43&"_"&$D$1 -> TRANSFER_EAST_B_1_14 | E43: TRANSFER | F43: TRANSFER | G43: EAST | H43: 1 | I43: 1 | J43: B | L43: =COUNT(V43:AO43) -> 9 | V43: 1 | W43: =V43+1 -> 2 | X43: =W43+1 -> 3 | Y43: =X43+1 -> 4 | Z43: =Y43+1 -> 5 | AA43: =Z43+1 -> 6 | AB43: =AA43+1 -> 7 | AC43: =AB43+1 -> 8 | AD43: =AC43+1 -> 9
B44: 3 | C44: 3 | D44: =F44&"_"&G44&"_"&J44&"_"&I44&"_"&$D$1 -> SUPPLY_EAST_B_1_14 | E44: SUPPLY | F44: SUPPLY | G44: EAST | H44: 1 | I44: 1 | J44: B | L44: =COUNT(AB44:BC44) -> 8 | AB44: 1 | AC44: =AB44+1 -> 2 | AD44: =AC44+1 -> 3 | AE44: =AD44+1 -> 4 | AF44: =AE44+1 -> 5 | AG44: =AF44+1 -> 6 | AH44: =AG44+1 -> 7 | AI44: =AH44+1 -> 8
B45: 3 | C45: 4 | D45: =F45&"_"&G45&"_"&J45&"_"&I45&"_"&$D$1 -> EMPTY_EAST_B_1_14 | E45: SUPPLY | F45: EMPTY | G45: EAST | H45: 1 | I45: 1 | J45: B | K45: 3 | L45: =COUNT(N45:AO45) -> 20 | N45: 1 | O45: =N45+1 -> 2 | P45: =O45+1 -> 3 | Q45: =P45+1 -> 4 | R45: =Q45+1 -> 5 | S45: =R45+1 -> 6 | T45: =S45+1 -> 7 | U45: =T45+1 -> 8 | V45: =U45+1 -> 9 | ... AG45: =AF45+1 -> 20
B46: 3 | C46: 5 | D46: =F46&"_"&G46&"_"&J46&"_"&I46&"_"&$D$1 -> PREPARE_EAST_B_1_14 | E46: SUPPLY | F46: PREPARE | G46: EAST | H46: 1 | I46: 1 | J46: B | L46: =COUNT(N46:AO46) -> 21 | N46: 1 | O46: =N46+1 -> 2 | P46: =O46+1 -> 3 | Q46: =P46+1 -> 4 | R46: =Q46+1 -> 5 | S46: =R46+1 -> 6 | T46: =S46+1 -> 7 | U46: =T46+1 -> 8 | V46: =U46+1 -> 9 | ... AH46: =AG46+1 -> 21
B47: =B45 -> 3 | C47: 6 | D47: =F47&"_"&G47&"_"&J47&"_"&I47&"_"&$D$1 -> COUNTDOWN_EAST_B_1_14 | F47: COUNTDOWN | G47: EAST | H47: 1 | I47: 1 | J47: B | N47: 7 | O47: 6 | P47: 5 | Q47: 4 | R47: 3 | S47: 2 | T47: 1 | U47: 14 | V47: 13 | W47: 12 | X47: 11 | Y47: 10 | Z47: 9 | AA47: 8 | AB47: 7 | AC47: 6 | AD47: 5 | AE47: 4 | AF47: 3 | AG47: 2 | AH47: 1 | AI47: 14 | AJ47: 13 | AK47: 12 | AL47: 11 | AM47: 10 | AN47: 9 | AO47: 8 | AP47: 7 | AQ47: 6 | AR47: 5 | AS47: 4 | AT47: 3 | AU47: 2 | AV47: 1 | AW47: 14 | AX47: 13 | AY47: 12 | AZ47: 11 | BA47: 10 | BB47: 9 | BC47: 8 | BD47: 7 | BE47: 6 | BF47: 5 | BG47: 4 | BH47: 3 | BI47: 2 | BJ47: 1 | BK47: 14 | BL47: 13 | BM47: 12 | BN47: 11 | BO47: 10 | BP47: 9 | BQ47: 8 | BR47: 7 | BS47: 6 | BT47: 5 | BU47: 4 | BV47: 3 | BW47: 2 | BX47: 1 | BY47: 14 | BZ47: 13 | CA47: 12 | CB47: 11 | CC47: 10 | CD47: 9 | CE47: 8
B48: 7 | C48: 1 | D48: =F48&"_"&G48&"_"&J48&"_"&I48&"_"&$D$1 -> SORTING_EAST_E_2_14 | E48: UNLOAD | F48: SORTING | G48: EAST | H48: 2 | I48: 2 | J48: E | L48: =COUNT(V48:AO48) -> 9 | V48: 1 | W48: =V48+1 -> 2 | X48: =W48+1 -> 3 | Y48: =X48+1 -> 4 | Z48: =Y48+1 -> 5 | AA48: =Z48+1 -> 6 | AB48: =AA48+1 -> 7 | AC48: =AB48+1 -> 8 | AD48: =AC48+1 -> 9
B49: 7 | C49: 2 | D49: =F49&"_"&G49&"_"&J49&"_"&I49&"_"&$D$1 -> TRANSFER_EAST_E_2_14 | E49: TRANSFER | F49: TRANSFER | G49: EAST | H49: 2 | I49: 2 | J49: E | L49: =COUNT(V49:AO49) -> 11 | V49: 1 | W49: =V49+1 -> 2 | X49: =W49+1 -> 3 | Y49: =X49+1 -> 4 | Z49: =Y49+1 -> 5 | AA49: =Z49+1 -> 6 | AB49: =AA49+1 -> 7 | AC49: =AB49+1 -> 8 | AD49: =AC49+1 -> 9 | ... AF49: =AE49+1 -> 11
B50: 7 | C50: 3 | D50: =F50&"_"&G50&"_"&J50&"_"&I50&"_"&$D$1 -> SUPPLY_EAST_E_2_14 | E50: SUPPLY | F50: SUPPLY | G50: EAST | H50: 2 | I50: 2 | J50: E | L50: =COUNT(AB50:BC50) -> 9 | AB50: 1 | AC50: =AB50+1 -> 2 | AD50: =AC50+1 -> 3 | AE50: =AD50+1 -> 4 | AF50: =AE50+1 -> 5 | AG50: =AF50+1 -> 6 | AH50: =AG50+1 -> 7 | AI50: =AH50+1 -> 8 | AJ50: =AI50+1 -> 9
B51: =B50 -> 7 | C51: 4 | D51: =F51&"_"&G51&"_"&J51&"_"&I51&"_"&$D$1 -> EMPTY_EAST_E_2_14 | E51: SUPPLY | F51: EMPTY | G51: EAST | H51: 2 | I51: 2 | J51: E | K51: 5 | L51: =COUNT(N51:AO51) -> 21 | N51: 1 | O51: =N51+1 -> 2 | P51: =O51+1 -> 3 | Q51: =P51+1 -> 4 | R51: =Q51+1 -> 5 | S51: =R51+1 -> 6 | T51: =S51+1 -> 7 | U51: =T51+1 -> 8 | V51: =U51+1 -> 9 | ... AH51: =AG51+1 -> 21
B52: 7 | C52: 5 | D52: =F52&"_"&G52&"_"&J52&"_"&I52&"_"&$D$1 -> PREPARE_EAST_E_2_14 | E52: SUPPLY | F52: PREPARE | G52: EAST | H52: 2 | I52: 2 | J52: E | L52: =COUNT(N52:AO52) -> 22 | N52: 1 | O52: =N52+1 -> 2 | P52: =O52+1 -> 3 | Q52: =P52+1 -> 4 | R52: =Q52+1 -> 5 | S52: =R52+1 -> 6 | T52: =S52+1 -> 7 | U52: =T52+1 -> 8 | V52: =U52+1 -> 9 | ... AI52: =AH52+1 -> 22
B53: =B51 -> 7 | C53: 6 | D53: =F53&"_"&G53&"_"&J53&"_"&I53&"_"&$D$1 -> COUNTDOWN_EAST_E_2_14 | F53: COUNTDOWN | G53: EAST | H53: 2 | I53: 2 | J53: E | N53: 9 | O53: 8 | P53: 7 | Q53: 6 | R53: 5 | S53: 4 | T53: 3 | U53: 2 | V53: 1 | W53: 14 | X53: 13 | Y53: 12 | Z53: 11 | AA53: 10 | AB53: 9 | AC53: 8 | AD53: 7 | AE53: 6 | AF53: 5 | AG53: 4 | AH53: 3 | AI53: 2 | AJ53: 1 | AK53: 14 | AL53: 13 | AM53: 12 | AN53: 11 | AO53: 10 | AP53: 9 | AQ53: 8 | AR53: 7 | AS53: 6 | AT53: 5 | AU53: 4 | AV53: 3 | AW53: 2 | AX53: 1 | AY53: 14 | AZ53: 13 | BA53: 12 | BB53: 11 | BC53: 10 | BD53: 9 | BE53: 8 | BF53: 7 | BG53: 6 | BH53: 5 | BI53: 4 | BJ53: 3 | BK53: 2 | BL53: 1 | BM53: 14 | BN53: 13 | BO53: 12 | BP53: 11 | BQ53: 10 | BR53: 9 | BS53: 8 | BT53: 7 | BU53: 6 | BV53: 5 | BW53: 4 | BX53: 3 | BY53: 2 | BZ53: 1 | CA53: 14 | CB53: 13 | CC53: 12 | CD53: 11 | CE53: 10
C54: 1 | D54: =F54&"_"&G54&"_"&J54&"_"&I54&"_"&$D$1 -> SORTING_EAST_D_1_14 | E54: UNLOAD | F54: SORTING | G54: EAST | H54: 1 | I54: 1 | J54: D | L54: =COUNT(V54:AO54) -> 11 | V54: 1 | W54: =V54+1 -> 2 | X54: =W54+1 -> 3 | Y54: =X54+1 -> 4 | Z54: =Y54+1 -> 5 | AA54: =Z54+1 -> 6 | AB54: =AA54+1 -> 7 | AC54: =AB54+1 -> 8 | AD54: =AC54+1 -> 9 | ... AF54: =AE54+1 -> 11
C55: 2 | D55: =F55&"_"&G55&"_"&J55&"_"&I55&"_"&$D$1 -> TRANSFER_EAST_D_1_14 | E55: TRANSFER | F55: TRANSFER | G55: EAST | H55: 1 | I55: 1 | J55: D | L55: =COUNT(V55:AO55) -> 12 | V55: 1 | W55: =V55+1 -> 2 | X55: =W55+1 -> 3 | Y55: =X55+1 -> 4 | Z55: =Y55+1 -> 5 | AA55: =Z55+1 -> 6 | AB55: =AA55+1 -> 7 | AC55: =AB55+1 -> 8 | AD55: =AC55+1 -> 9 | ... AG55: =AF55+1 -> 12
C56: 3 | D56: =F56&"_"&G56&"_"&J56&"_"&I56&"_"&$D$1 -> SUPPLY_EAST_D_1_14 | E56: SUPPLY | F56: SUPPLY | G56: EAST | H56: 1 | I56: 1 | J56: D | L56: =COUNT(AB56:BC56) -> 11 | AB56: 1 | AC56: =AB56+1 -> 2 | AD56: =AC56+1 -> 3 | AE56: =AD56+1 -> 4 | AF56: =AE56+1 -> 5 | AG56: =AF56+1 -> 6 | AH56: =AG56+1 -> 7 | AI56: =AH56+1 -> 8 | AJ56: =AI56+1 -> 9 | ... AL56: =AK56+1 -> 11
C57: 4 | D57: =F57&"_"&G57&"_"&J57&"_"&I57&"_"&$D$1 -> EMPTY_EAST_D_1_14 | E57: SUPPLY | F57: EMPTY | G57: EAST | H57: 1 | I57: 1 | J57: D | K57: 7 | L57: =COUNT(N57:AO57) -> 22 | N57: 1 | O57: =N57+1 -> 2 | P57: =O57+1 -> 3 | Q57: =P57+1 -> 4 | R57: =Q57+1 -> 5 | S57: =R57+1 -> 6 | T57: =S57+1 -> 7 | U57: =T57+1 -> 8 | V57: =U57+1 -> 9 | ... AI57: =AH57+1 -> 22
C58: 5 | D58: =F58&"_"&G58&"_"&J58&"_"&I58&"_"&$D$1 -> PREPARE_EAST_D_1_14 | E58: SUPPLY | F58: PREPARE | G58: EAST | H58: 1 | I58: 1 | J58: D | L58: =COUNT(N58:AO58) -> 23 | N58: 1 | O58: =N58+1 -> 2 | P58: =O58+1 -> 3 | Q58: =P58+1 -> 4 | R58: =Q58+1 -> 5 | S58: =R58+1 -> 6 | T58: =S58+1 -> 7 | U58: =T58+1 -> 8 | V58: =U58+1 -> 9 | ... AJ58: =AI58+1 -> 23
C59: 6 | D59: =F59&"_"&G59&"_"&J59&"_"&I59&"_"&$D$1 -> COUNTDOWN_EAST_D_1_14 | F59: COUNTDOWN | G59: EAST | H59: 1 | I59: 1 | J59: D | N59: 10 | O59: 9 | P59: 8 | Q59: 7 | R59: 6 | S59: 5 | T59: 4 | U59: 3 | V59: 2 | W59: 1 | X59: 14 | Y59: 13 | Z59: 12 | AA59: 11 | AB59: 10 | AC59: 9 | AD59: 8 | AE59: 7 | AF59: 6 | AG59: 5 | AH59: 4 | AI59: 3 | AJ59: 2 | AK59: 1 | AL59: 14 | AM59: 13 | AN59: 12 | AO59: 11 | AP59: 10 | AQ59: 9 | AR59: 8 | AS59: 7 | AT59: 6 | AU59: 5 | AV59: 4 | AW59: 3 | AX59: 2 | AY59: 1 | AZ59: 14 | BA59: 13 | BB59: 12 | BC59: 11 | BD59: 10 | BE59: 9 | BF59: 8 | BG59: 7 | BH59: 6 | BI59: 5 | BJ59: 4 | BK59: 3 | BL59: 2 | BM59: 1 | BN59: 14 | BO59: 13 | BP59: 12 | BQ59: 11 | BR59: 10 | BS59: 9 | BT59: 8 | BU59: 7 | BV59: 6 | BW59: 5 | BX59: 4 | BY59: 3 | BZ59: 2 | CA59: 1 | CB59: 14 | CC59: 13 | CD59: 12 | CE59: 11
B60: 13 | C60: 1 | D60: =F60&"_"&G60&"_"&J60&"_"&I60&"_"&$D$1 -> SORTING_EAST_K_2_14 | E60: UNLOAD | F60: SORTING | G60: EAST | H60: 2 | I60: 2 | J60: K | L60: =COUNT(V60:AO60) -> 12 | V60: 1 | W60: =V60+1 -> 2 | X60: =W60+1 -> 3 | Y60: =X60+1 -> 4 | Z60: =Y60+1 -> 5 | AA60: =Z60+1 -> 6 | AB60: =AA60+1 -> 7 | AC60: =AB60+1 -> 8 | AD60: =AC60+1 -> 9 | ... AG60: =AF60+1 -> 12
B61: 13 | C61: 2 | D61: =F61&"_"&G61&"_"&J61&"_"&I61&"_"&$D$1 -> TRANSFER_EAST_K_2_14 | E61: TRANSFER | F61: TRANSFER | G61: EAST | H61: 2 | I61: 2 | J61: K | L61: =COUNT(V61:AO61) -> 14 | V61: 1 | W61: =V61+1 -> 2 | X61: =W61+1 -> 3 | Y61: =X61+1 -> 4 | Z61: =Y61+1 -> 5 | AA61: =Z61+1 -> 6 | AB61: =AA61+1 -> 7 | AC61: =AB61+1 -> 8 | AD61: =AC61+1 -> 9 | ... AI61: =AH61+1 -> 14
B62: 13 | C62: 3 | D62: =F62&"_"&G62&"_"&J62&"_"&I62&"_"&$D$1 -> SUPPLY_EAST_K_2_14 | E62: SUPPLY | F62: SUPPLY | G62: EAST | H62: 2 | I62: 2 | J62: K | L62: =COUNT(AB62:BC62) -> 12 | AB62: 1 | AC62: =AB62+1 -> 2 | AD62: =AC62+1 -> 3 | AE62: =AD62+1 -> 4 | AF62: =AE62+1 -> 5 | AG62: =AF62+1 -> 6 | AH62: =AG62+1 -> 7 | AI62: =AH62+1 -> 8 | AJ62: =AI62+1 -> 9 | ... AM62: =AL62+1 -> 12
B63: =B62 -> 13 | C63: 4 | D63: =F63&"_"&G63&"_"&J63&"_"&I63&"_"&$D$1 -> EMPTY_EAST_K_2_14 | E63: SUPPLY | F63: EMPTY | G63: EAST | H63: 2 | I63: 2 | J63: K | K63: 8 | L63: =COUNT(N63:AO63) -> 23 | N63: 1 | O63: =N63+1 -> 2 | P63: =O63+1 -> 3 | Q63: =P63+1 -> 4 | R63: =Q63+1 -> 5 | S63: =R63+1 -> 6 | T63: =S63+1 -> 7 | U63: =T63+1 -> 8 | V63: =U63+1 -> 9 | ... AJ63: =AI63+1 -> 23
B64: 13 | C64: 5 | D64: =F64&"_"&G64&"_"&J64&"_"&I64&"_"&$D$1 -> PREPARE_EAST_K_2_14 | E64: SUPPLY | F64: PREPARE | G64: EAST | H64: 2 | I64: 2 | J64: K | L64: =COUNT(N64:AO64) -> 24 | N64: 1 | O64: =N64+1 -> 2 | P64: =O64+1 -> 3 | Q64: =P64+1 -> 4 | R64: =Q64+1 -> 5 | S64: =R64+1 -> 6 | T64: =S64+1 -> 7 | U64: =T64+1 -> 8 | V64: =U64+1 -> 9 | ... AK64: =AJ64+1 -> 24
B65: =B63 -> 13 | C65: 6 | D65: =F65&"_"&G65&"_"&J65&"_"&I65&"_"&$D$1 -> COUNTDOWN_EAST_K_2_14 | F65: COUNTDOWN | G65: EAST | H65: 2 | I65: 2 | J65: K | N65: 12 | O65: 11 | P65: 10 | Q65: 9 | R65: 8 | S65: 7 | T65: 6 | U65: 5 | V65: 4 | W65: 3 | X65: 2 | Y65: 1 | Z65: 14 | AA65: 13 | AB65: 12 | AC65: 11 | AD65: 10 | AE65: 9 | AF65: 8 | AG65: 7 | AH65: 6 | AI65: 5 | AJ65: 4 | AK65: 3 | AL65: 2 | AM65: 1 | AN65: 14 | AO65: 13 | AP65: 12 | AQ65: 11 | AR65: 10 | AS65: 9 | AT65: 8 | AU65: 7 | AV65: 6 | AW65: 5 | AX65: 4 | AY65: 3 | AZ65: 2 | BA65: 1 | BB65: 14 | BC65: 13 | BD65: 12 | BE65: 11 | BF65: 10 | BG65: 9 | BH65: 8 | BI65: 7 | BJ65: 6 | BK65: 5 | BL65: 4 | BM65: 3 | BN65: 2 | BO65: 1 | BP65: 14 | BQ65: 13 | BR65: 12 | BS65: 11 | BT65: 10 | BU65: 9 | BV65: 8 | BW65: 7 | BX65: 6 | BY65: 5 | BZ65: 4 | CA65: 3 | CB65: 2 | CC65: 1 | CD65: 14 | CE65: 13
B66: 8 | C66: 1 | D66: =F66&"_"&G66&"_"&J66&"_"&I66&"_"&$D$1 -> SORTING_WEST_H_1_14 | E66: UNLOAD | F66: SORTING | G66: WEST | H66: 1 | I66: 1 | J66: H | L66: =COUNT(V66:AO66) -> 0
B67: 8 | C67: 2 | D67: =F67&"_"&G67&"_"&J67&"_"&I67&"_"&$D$1 -> TRANSFER_WEST_H_1_14 | E67: TRANSFER | F67: TRANSFER | G67: WEST | H67: 1 | I67: 1 | J67: H | L67: =COUNT(V67:AO67) -> 1 | V67: 1
B68: 8 | C68: 3 | D68: =F68&"_"&G68&"_"&J68&"_"&I68&"_"&$D$1 -> SUPPLY_WEST_H_1_14 | E68: SUPPLY | F68: SUPPLY | G68: WEST | H68: 1 | I68: 1 | J68: H | L68: =COUNT(AB68:BC68) -> 0
B69: =B68 -> 8 | C69: 4 | D69: =F69&"_"&G69&"_"&J69&"_"&I69&"_"&$D$1 -> EMPTY_WEST_H_1_14 | E69: SUPPLY | F69: EMPTY | G69: WEST | H69: 1 | I69: 1 | J69: H | K69: -4 | L69: =COUNT(N69:AO69) -> 10 | N69: 1 | O69: =N69+1 -> 2 | P69: =O69+1 -> 3 | Q69: =P69+1 -> 4 | R69: =Q69+1 -> 5 | S69: =R69+1 -> 6 | T69: =S69+1 -> 7 | U69: =T69+1 -> 8 | V69: =U69+1 -> 9 | W69: =V69+1 -> 10
B70: 8 | C70: 5 | D70: =F70&"_"&G70&"_"&J70&"_"&I70&"_"&$D$1 -> PREPARE_WEST_H_1_14 | E70: SUPPLY | F70: PREPARE | G70: WEST | H70: 1 | I70: 1 | J70: H | L70: =COUNT(N70:AO70) -> 12 | N70: 1 | O70: =N70+1 -> 2 | P70: =O70+1 -> 3 | Q70: =P70+1 -> 4 | R70: =Q70+1 -> 5 | S70: =R70+1 -> 6 | T70: =S70+1 -> 7 | U70: =T70+1 -> 8 | V70: =U70+1 -> 9 | ... Y70: =X70+1 -> 12
B71: =B69 -> 8 | C71: 6 | D71: =F71&"_"&G71&"_"&J71&"_"&I71&"_"&$D$1 -> COUNTDOWN_WEST_H_1_14 | F71: COUNTDOWN | G71: WEST | H71: 1 | I71: 1 | J71: H | N71: 14 | O71: 13 | P71: 12 | Q71: 11 | R71: 10 | S71: 9 | T71: 8 | U71: 7 | V71: 6 | W71: 5 | X71: 4 | Y71: 3 | Z71: 2 | AA71: 1 | AB71: 14 | AC71: 13 | AD71: 12 | AE71: 11 | AF71: 10 | AG71: 9 | AH71: 8 | AI71: 7 | AJ71: 6 | AK71: 5 | AL71: 4 | AM71: 3 | AN71: 2 | AO71: 1 | AP71: 14 | AQ71: 13 | AR71: 12 | AS71: 11 | AT71: 10 | AU71: 9 | AV71: 8 | AW71: 7 | AX71: 6 | AY71: 5 | AZ71: 4 | BA71: 3 | BB71: 2 | BC71: 1 | BD71: 14 | BE71: 13 | BF71: 12 | BG71: 11 | BH71: 10 | BI71: 9 | BJ71: 8 | BK71: 7 | BL71: 6 | BM71: 5 | BN71: 4 | BO71: 3 | BP71: 2 | BQ71: 1 | BR71: 14 | BS71: 13 | BT71: 12 | BU71: 11 | BV71: 10 | BW71: 9 | BX71: 8 | BY71: 7 | BZ71: 6 | CA71: 5 | CB71: 4 | CC71: 3 | CD71: 2 | CE71: 1
B72: 9 | C72: 1 | D72: =F72&"_"&G72&"_"&J72&"_"&I72&"_"&$D$1 -> SORTING_WEST_P_2_14 | E72: UNLOAD | F72: SORTING | G72: WEST | H72: 2 | I72: 2 | J72: P | L72: =COUNT(V72:AO72) -> 1 | V72: 1
B73: 9 | C73: 2 | D73: =F73&"_"&G73&"_"&J73&"_"&I73&"_"&$D$1 -> TRANSFER_WEST_P_2_14 | E73: TRANSFER | F73: TRANSFER | G73: WEST | H73: 2 | I73: 2 | J73: P | L73: =COUNT(V73:AO73) -> 3 | V73: 1 | W73: =V73+1 -> 2 | X73: =W73+1 -> 3
B74: 9 | C74: 3 | D74: =F74&"_"&G74&"_"&J74&"_"&I74&"_"&$D$1 -> SUPPLY_WEST_P_2_14 | E74: SUPPLY | F74: SUPPLY | G74: WEST | H74: 2 | I74: 2 | J74: P | L74: =COUNT(AB74:BC74) -> 1 | AB74: 1
B75: =B74 -> 9 | C75: 4 | D75: =F75&"_"&G75&"_"&J75&"_"&I75&"_"&$D$1 -> EMPTY_WEST_P_2_14 | E75: SUPPLY | F75: EMPTY | G75: WEST | H75: 2 | I75: 2 | J75: P | K75: -2 | L75: =COUNT(N75:AO75) -> 11 | N75: 1 | O75: =N75+1 -> 2 | P75: =O75+1 -> 3 | Q75: =P75+1 -> 4 | R75: =Q75+1 -> 5 | S75: =R75+1 -> 6 | T75: =S75+1 -> 7 | U75: =T75+1 -> 8 | V75: =U75+1 -> 9 | ... X75: =W75+1 -> 11
B76: 9 | C76: 5 | D76: =F76&"_"&G76&"_"&J76&"_"&I76&"_"&$D$1 -> PREPARE_WEST_P_2_14 | E76: SUPPLY | F76: PREPARE | G76: WEST | H76: 2 | I76: 2 | J76: P | L76: =COUNT(N76:AO76) -> 13 | N76: 1 | O76: =N76+1 -> 2 | P76: =O76+1 -> 3 | Q76: =P76+1 -> 4 | R76: =Q76+1 -> 5 | S76: =R76+1 -> 6 | T76: =S76+1 -> 7 | U76: =T76+1 -> 8 | V76: =U76+1 -> 9 | ... Z76: =Y76+1 -> 13
B77: =B75 -> 9 | C77: 6 | D77: =F77&"_"&G77&"_"&J77&"_"&I77&"_"&$D$1 -> COUNTDOWN_WEST_P_2_14 | F77: COUNTDOWN | G77: WEST | H77: 2 | I77: 2 | J77: P | N77: 1 | O77: 14 | P77: 13 | Q77: 12 | R77: 11 | S77: 10 | T77: 9 | U77: 8 | V77: 7 | W77: 6 | X77: 5 | Y77: 4 | Z77: 3 | AA77: 2 | AB77: 1 | AC77: 14 | AD77: 13 | AE77: 12 | AF77: 11 | AG77: 10 | AH77: 9 | AI77: 8 | AJ77: 7 | AK77: 6 | AL77: 5 | AM77: 4 | AN77: 3 | AO77: 2 | AP77: 1 | AQ77: 14 | AR77: 13 | AS77: 12 | AT77: 11 | AU77: 10 | AV77: 9 | AW77: 8 | AX77: 7 | AY77: 6 | AZ77: 5 | BA77: 4 | BB77: 3 | BC77: 2 | BD77: 1 | BE77: 14 | BF77: 13 | BG77: 12 | BH77: 11 | BI77: 10 | BJ77: 9 | BK77: 8 | BL77: 7 | BM77: 6 | BN77: 5 | BO77: 4 | BP77: 3 | BQ77: 2 | BR77: 1 | BS77: 14 | BT77: 13 | BU77: 12 | BV77: 11 | BW77: 10 | BX77: 9 | BY77: 8 | BZ77: 7 | CA77: 6 | CB77: 5 | CC77: 4 | CD77: 3 | CE77: 2
A78: G | B78: 10 | C78: 1 | D78: =F78&"_"&G78&"_"&J78&"_"&I78&"_"&$D$1 -> SORTING_WEST_O_1_14 | E78: UNLOAD | F78: SORTING | G78: WEST | H78: 1 | I78: 1 | J78: O | L78: =COUNT(V78:AO78) -> 3 | V78: 1 | W78: =V78+1 -> 2 | X78: =W78+1 -> 3
A79: G | B79: 10 | C79: 2 | D79: =F79&"_"&G79&"_"&J79&"_"&I79&"_"&$D$1 -> TRANSFER_WEST_O_1_14 | E79: TRANSFER | F79: TRANSFER | G79: WEST | H79: 1 | I79: 1 | J79: O | L79: =COUNT(V79:AO79) -> 5 | V79: 1 | W79: =V79+1 -> 2 | X79: =W79+1 -> 3 | Y79: =X79+1 -> 4 | Z79: =Y79+1 -> 5
A80: G | B80: 10 | C80: 3 | D80: =F80&"_"&G80&"_"&J80&"_"&I80&"_"&$D$1 -> SUPPLY_WEST_O_1_14 | E80: SUPPLY | F80: SUPPLY | G80: WEST | H80: 1 | I80: 1 | J80: O | L80: =COUNT(AB80:BC80) -> 3 | AB80: 1 | AC80: =AB80+1 -> 2 | AD80: =AC80+1 -> 3
A81: G | B81: =B80 -> 10 | C81: 4 | D81: =F81&"_"&G81&"_"&J81&"_"&I81&"_"&$D$1 -> EMPTY_WEST_O_1_14 | E81: SUPPLY | F81: EMPTY | G81: WEST | H81: 1 | I81: 1 | J81: O | K81: 0 | L81: =COUNT(N81:AO81) -> 13 | N81: 1 | O81: =N81+1 -> 2 | P81: =O81+1 -> 3 | Q81: =P81+1 -> 4 | R81: =Q81+1 -> 5 | S81: =R81+1 -> 6 | T81: =S81+1 -> 7 | U81: =T81+1 -> 8 | V81: =U81+1 -> 9 | ... Z81: =Y81+1 -> 13
A82: G | B82: 10 | C82: 5 | D82: =F82&"_"&G82&"_"&J82&"_"&I82&"_"&$D$1 -> PREPARE_WEST_O_1_14 | E82: SUPPLY | F82: PREPARE | G82: WEST | H82: 1 | I82: 1 | J82: O | L82: =COUNT(N82:AO82) -> 15 | N82: 1 | O82: =N82+1 -> 2 | P82: =O82+1 -> 3 | Q82: =P82+1 -> 4 | R82: =Q82+1 -> 5 | S82: =R82+1 -> 6 | T82: =S82+1 -> 7 | U82: =T82+1 -> 8 | V82: =U82+1 -> 9 | ... AB82: =AA82+1 -> 15
A83: G | B83: =B81 -> 10 | C83: 6 | D83: =F83&"_"&G83&"_"&J83&"_"&I83&"_"&$D$1 -> COUNTDOWN_WEST_O_1_14 | F83: COUNTDOWN | G83: WEST | H83: 1 | I83: 1 | J83: O | N83: 3 | O83: 2 | P83: 1 | Q83: 14 | R83: 13 | S83: 12 | T83: 11 | U83: 10 | V83: 9 | W83: 8 | X83: 7 | Y83: 6 | Z83: 5 | AA83: 4 | AB83: 3 | AC83: 2 | AD83: 1 | AE83: 14 | AF83: 13 | AG83: 12 | AH83: 11 | AI83: 10 | AJ83: 9 | AK83: 8 | AL83: 7 | AM83: 6 | AN83: 5 | AO83: 4 | AP83: 3 | AQ83: 2 | AR83: 1 | AS83: 14 | AT83: 13 | AU83: 12 | AV83: 11 | AW83: 10 | AX83: 9 | AY83: 8 | AZ83: 7 | BA83: 6 | BB83: 5 | BC83: 4 | BD83: 3 | BE83: 2 | BF83: 1 | BG83: 14 | BH83: 13 | BI83: 12 | BJ83: 11 | BK83: 10 | BL83: 9 | BM83: 8 | BN83: 7 | BO83: 6 | BP83: 5 | BQ83: 4 | BR83: 3 | BS83: 2 | BT83: 1 | BU83: 14 | BV83: 13 | BW83: 12 | BX83: 11 | BY83: 10 | BZ83: 9 | CA83: 8 | CB83: 7 | CC83: 6 | CD83: 5 | CE83: 4
B84: 11 | C84: 1 | D84: =F84&"_"&G84&"_"&J84&"_"&I84&"_"&$D$1 -> SORTING_WEST_L_2_14 | E84: UNLOAD | F84: SORTING | G84: WEST | H84: 2 | I84: 2 | J84: L | L84: =COUNT(V84:AO84) -> 5 | V84: 1 | W84: =V84+1 -> 2 | X84: =W84+1 -> 3 | Y84: =X84+1 -> 4 | Z84: =Y84+1 -> 5
B85: 11 | C85: 2 | D85: =F85&"_"&G85&"_"&J85&"_"&I85&"_"&$D$1 -> TRANSFER_WEST_L_2_14 | E85: TRANSFER | F85: TRANSFER | G85: WEST | H85: 2 | I85: 2 | J85: L | L85: =COUNT(V85:AO85) -> 7 | V85: 1 | W85: =V85+1 -> 2 | X85: =W85+1 -> 3 | Y85: =X85+1 -> 4 | Z85: =Y85+1 -> 5 | AA85: =Z85+1 -> 6 | AB85: =AA85+1 -> 7
B86: 11 | C86: 3 | D86: =F86&"_"&G86&"_"&J86&"_"&I86&"_"&$D$1 -> SUPPLY_WEST_L_2_14 | E86: SUPPLY | F86: SUPPLY | G86: WEST | H86: 2 | I86: 2 | J86: L | L86: =COUNT(AB86:BC86) -> 5 | AB86: 1 | AC86: =AB86+1 -> 2 | AD86: =AC86+1 -> 3 | AE86: =AD86+1 -> 4 | AF86: =AE86+1 -> 5
B87: =B86 -> 11 | C87: 4 | D87: =F87&"_"&G87&"_"&J87&"_"&I87&"_"&$D$1 -> EMPTY_WEST_L_2_14 | E87: SUPPLY | F87: EMPTY | G87: WEST | H87: 2 | I87: 2 | J87: L | K87: 2 | L87: =COUNT(N87:AO87) -> 15 | N87: 1 | O87: =N87+1 -> 2 | P87: =O87+1 -> 3 | Q87: =P87+1 -> 4 | R87: =Q87+1 -> 5 | S87: =R87+1 -> 6 | T87: =S87+1 -> 7 | U87: =T87+1 -> 8 | V87: =U87+1 -> 9 | ... AB87: =AA87+1 -> 15
B88: 11 | C88: 5 | D88: =F88&"_"&G88&"_"&J88&"_"&I88&"_"&$D$1 -> PREPARE_WEST_L_2_14 | E88: SUPPLY | F88: PREPARE | G88: WEST | H88: 2 | I88: 2 | J88: L | L88: =COUNT(N88:AO88) -> 17 | N88: 1 | O88: =N88+1 -> 2 | P88: =O88+1 -> 3 | Q88: =P88+1 -> 4 | R88: =Q88+1 -> 5 | S88: =R88+1 -> 6 | T88: =S88+1 -> 7 | U88: =T88+1 -> 8 | V88: =U88+1 -> 9 | ... AD88: =AC88+1 -> 17
B89: =B87 -> 11 | C89: 6 | D89: =F89&"_"&G89&"_"&J89&"_"&I89&"_"&$D$1 -> COUNTDOWN_WEST_L_2_14 | F89: COUNTDOWN | G89: WEST | H89: 2 | I89: 2 | J89: L | N89: 4 | O89: 3 | P89: 2 | Q89: 1 | R89: 14 | S89: 13 | T89: 12 | U89: 11 | V89: 10 | W89: 9 | X89: 8 | Y89: 7 | Z89: 6 | AA89: 5 | AB89: 4 | AC89: 3 | AD89: 2 | AE89: 1 | AF89: 14 | AG89: 13 | AH89: 12 | AI89: 11 | AJ89: 10 | AK89: 9 | AL89: 8 | AM89: 7 | AN89: 6 | AO89: 5 | AP89: 4 | AQ89: 3 | AR89: 2 | AS89: 1 | AT89: 14 | AU89: 13 | AV89: 12 | AW89: 11 | AX89: 10 | AY89: 9 | AZ89: 8 | BA89: 7 | BB89: 6 | BC89: 5 | BD89: 4 | BE89: 3 | BF89: 2 | BG89: 1 | BH89: 14 | BI89: 13 | BJ89: 12 | BK89: 11 | BL89: 10 | BM89: 9 | BN89: 8 | BO89: 7 | BP89: 6 | BQ89: 5 | BR89: 4 | BS89: 3 | BT89: 2 | BU89: 1 | BV89: 14 | BW89: 13 | BX89: 12 | BY89: 11 | BZ89: 10 | CA89: 9 | CB89: 8 | CC89: 7 | CD89: 6 | CE89: 5
B90: 14 | C90: 1 | D90: =F90&"_"&G90&"_"&J90&"_"&I90&"_"&$D$1 -> SORTING_WEST_N_1_14 | E90: UNLOAD | F90: SORTING | G90: WEST | H90: 1 | I90: 1 | J90: N | L90: =COUNT(V90:AO90) -> 7 | V90: 1 | W90: =V90+1 -> 2 | X90: =W90+1 -> 3 | Y90: =X90+1 -> 4 | Z90: =Y90+1 -> 5 | AA90: =Z90+1 -> 6 | AB90: =AA90+1 -> 7
B91: 14 | C91: 2 | D91: =F91&"_"&G91&"_"&J91&"_"&I91&"_"&$D$1 -> TRANSFER_WEST_N_1_14 | E91: TRANSFER | F91: TRANSFER | G91: WEST | H91: 1 | I91: 1 | J91: N | L91: =COUNT(V91:AO91) -> 9 | V91: 1 | W91: =V91+1 -> 2 | X91: =W91+1 -> 3 | Y91: =X91+1 -> 4 | Z91: =Y91+1 -> 5 | AA91: =Z91+1 -> 6 | AB91: =AA91+1 -> 7 | AC91: =AB91+1 -> 8 | AD91: =AC91+1 -> 9
B92: 14 | C92: 3 | D92: =F92&"_"&G92&"_"&J92&"_"&I92&"_"&$D$1 -> SUPPLY_WEST_N_1_14 | E92: SUPPLY | F92: SUPPLY | G92: WEST | H92: 1 | I92: 1 | J92: N | L92: =COUNT(AB92:BC92) -> 7 | AB92: 1 | AC92: =AB92+1 -> 2 | AD92: =AC92+1 -> 3 | AE92: =AD92+1 -> 4 | AF92: =AE92+1 -> 5 | AG92: =AF92+1 -> 6 | AH92: =AG92+1 -> 7
B93: =B92 -> 14 | C93: 4 | D93: =F93&"_"&G93&"_"&J93&"_"&I93&"_"&$D$1 -> EMPTY_WEST_N_1_14 | E93: SUPPLY | F93: EMPTY | G93: WEST | H93: 1 | I93: 1 | J93: N | K93: 4 | L93: =COUNT(N93:AO93) -> 17 | N93: 1 | O93: =N93+1 -> 2 | P93: =O93+1 -> 3 | Q93: =P93+1 -> 4 | R93: =Q93+1 -> 5 | S93: =R93+1 -> 6 | T93: =S93+1 -> 7 | U93: =T93+1 -> 8 | V93: =U93+1 -> 9 | ... AD93: =AC93+1 -> 17
B94: 14 | C94: 5 | D94: =F94&"_"&G94&"_"&J94&"_"&I94&"_"&$D$1 -> PREPARE_WEST_N_1_14 | E94: SUPPLY | F94: PREPARE | G94: WEST | H94: 1 | I94: 1 | J94: N | L94: =COUNT(N94:AO94) -> 19 | N94: 1 | O94: =N94+1 -> 2 | P94: =O94+1 -> 3 | Q94: =P94+1 -> 4 | R94: =Q94+1 -> 5 | S94: =R94+1 -> 6 | T94: =S94+1 -> 7 | U94: =T94+1 -> 8 | V94: =U94+1 -> 9 | ... AF94: =AE94+1 -> 19
B95: =B93 -> 14 | C95: 6 | D95: =F95&"_"&G95&"_"&J95&"_"&I95&"_"&$D$1 -> COUNTDOWN_WEST_N_1_14 | F95: COUNTDOWN | G95: WEST | H95: 1 | I95: 1 | J95: N | N95: 7 | O95: 6 | P95: 5 | Q95: 4 | R95: 3 | S95: 2 | T95: 1 | U95: 14 | V95: 13 | W95: 12 | X95: 11 | Y95: 10 | Z95: 9 | AA95: 8 | AB95: 7 | AC95: 6 | AD95: 5 | AE95: 4 | AF95: 3 | AG95: 2 | AH95: 1 | AI95: 14 | AJ95: 13 | AK95: 12 | AL95: 11 | AM95: 10 | AN95: 9 | AO95: 8 | AP95: 7 | AQ95: 6 | AR95: 5 | AS95: 4 | AT95: 3 | AU95: 2 | AV95: 1 | AW95: 14 | AX95: 13 | AY95: 12 | AZ95: 11 | BA95: 10 | BB95: 9 | BC95: 8 | BD95: 7 | BE95: 6 | BF95: 5 | BG95: 4 | BH95: 3 | BI95: 2 | BJ95: 1 | BK95: 14 | BL95: 13 | BM95: 12 | BN95: 11 | BO95: 10 | BP95: 9 | BQ95: 8 | BR95: 7 | BS95: 6 | BT95: 5 | BU95: 4 | BV95: 3 | BW95: 2 | BX95: 1 | BY95: 14 | BZ95: 13 | CA95: 12 | CB95: 11 | CC95: 10 | CD95: 9 | CE95: 8
C96: 1 | D96: =F96&"_"&G96&"_"&J96&"_"&I96&"_"&$D$1 -> SORTING_WEST_J_2_14 | E96: UNLOAD | F96: SORTING | G96: WEST | H96: 2 | I96: 2 | J96: J | L96: =COUNT(V96:AO96) -> 9 | V96: 1 | W96: =V96+1 -> 2 | X96: =W96+1 -> 3 | Y96: =X96+1 -> 4 | Z96: =Y96+1 -> 5 | AA96: =Z96+1 -> 6 | AB96: =AA96+1 -> 7 | AC96: =AB96+1 -> 8 | AD96: =AC96+1 -> 9
C97: 2 | D97: =F97&"_"&G97&"_"&J97&"_"&I97&"_"&$D$1 -> TRANSFER_WEST_J_2_14 | E97: TRANSFER | F97: TRANSFER | G97: WEST | H97: 2 | I97: 2 | J97: J | L97: =COUNT(V97:AO97) -> 10 | V97: 1 | W97: =V97+1 -> 2 | X97: =W97+1 -> 3 | Y97: =X97+1 -> 4 | Z97: =Y97+1 -> 5 | AA97: =Z97+1 -> 6 | AB97: =AA97+1 -> 7 | AC97: =AB97+1 -> 8 | AD97: =AC97+1 -> 9 | AE97: =AD97+1 -> 10
C98: 3 | D98: =F98&"_"&G98&"_"&J98&"_"&I98&"_"&$D$1 -> SUPPLY_WEST_J_2_14 | E98: SUPPLY | F98: SUPPLY | G98: WEST | H98: 2 | I98: 2 | J98: J | L98: =COUNT(AB98:BC98) -> 9 | AB98: 1 | AC98: =AB98+1 -> 2 | AD98: =AC98+1 -> 3 | AE98: =AD98+1 -> 4 | AF98: =AE98+1 -> 5 | AG98: =AF98+1 -> 6 | AH98: =AG98+1 -> 7 | AI98: =AH98+1 -> 8 | AJ98: =AI98+1 -> 9
C99: 4 | D99: =F99&"_"&G99&"_"&J99&"_"&I99&"_"&$D$1 -> EMPTY_WEST_J_2_14 | E99: SUPPLY | F99: EMPTY | G99: WEST | H99: 2 | I99: 2 | J99: J | K99: 5 | L99: =COUNT(N99:AO99) -> 19 | N99: 1 | O99: =N99+1 -> 2 | P99: =O99+1 -> 3 | Q99: =P99+1 -> 4 | R99: =Q99+1 -> 5 | S99: =R99+1 -> 6 | T99: =S99+1 -> 7 | U99: =T99+1 -> 8 | V99: =U99+1 -> 9 | ... AF99: =AE99+1 -> 19
C100: 5 | D100: =F100&"_"&G100&"_"&J100&"_"&I100&"_"&$D$1 -> PREPARE_WEST_J_2_14 | E100: SUPPLY | F100: PREPARE | G100: WEST | H100: 2 | I100: 2 | J100: J | L100: =COUNT(N100:AO100) -> 21 | N100: 1 | O100: =N100+1 -> 2 | P100: =O100+1 -> 3 | Q100: =P100+1 -> 4 | R100: =Q100+1 -> 5 | S100: =R100+1 -> 6 | T100: =S100+1 -> 7 | U100: =T100+1 -> 8 | V100: =U100+1 -> 9 | ... AH100: =AG100+1 -> 21
...

Sheet 15
B1: COUNT DOWN : 15 | D1: 15 | E1: 3 Route Ketemu
AB2: PICS
B3: NO SEQ | C3: NO PROCESS | E3: MAIN JOB | F3: PROCESS NAME | G3: ZONE | I3: LANE | J3: ROUTE | K3: OFFSET 1 | L3: OFFSET 2 | M3: GROUP | N3: 9 | AC3: 8
L4: 15 | N4: 15 | O4: 14 | P4: 13 | Q4: 12 | R4: 11 | S4: 10 | T4: 9 | U4: 8 | V4: 7 | W4: 6 | X4: 5 | Y4: 4 | Z4: 3 | AA4: 2 | AB4: 1 | AC4: 15 | AD4: 14 | AE4: 13 | AF4: 12 | AG4: 11 | AH4: 10 | AI4: 9 | AJ4: 8 | AK4: 7 | AL4: 6 | AM4: 5 | AN4: 4 | AO4: 3 | AP4: 2 | AQ4: 1 | AR4: 15 | AS4: 14 | AT4: 13 | AU4: 12 | AV4: 11 | AW4: 10 | AX4: 9 | AY4: 8 | AZ4: 7 | BA4: 6 | BB4: 5 | BC4: 4 | BD4: 3 | BE4: 2 | BF4: 1 | BG4: 15 | BH4: 14 | BI4: 13 | BJ4: 12 | BK4: 11 | BL4: 10 | BM4: 9 | BN4: 8 | BO4: 7 | BP4: 6 | BQ4: 5 | BR4: 4 | BS4: 3 | BT4: 2 | BU4: 1 | BV4: 15 | BW4: 14 | BX4: 13 | BY4: 12 | BZ4: 11 | CA4: 10 | CB4: 9 | CC4: 8 | CD4: 7 | CE4: 6 | CF4: 5 | CG4: 4 | CH4: 3 | CI4: 2 | CJ4: 1
B5: 0 | C5: 0 | F5: UNLOAD P LANE | K5: -6 | L5: 6 | N5: 9 | O5: 8 | P5: 7 | Q5: 6 | R5: 5 | S5: 4 | T5: 3 | U5: 2 | V5: 1 | W5: 15 | X5: 14 | Y5: 13 | Z5: 12 | AA5: 11 | AB5: 10 | AC5: 9 | AD5: 8 | AE5: 7 | AF5: 6 | AG5: 5 | AH5: 4 | AI5: 3 | AJ5: 2 | AK5: 1 | AL5: 15 | AM5: 14 | AN5: 13 | AO5: 12 | AP5: 11 | AQ5: 10 | AR5: 9 | AS5: 8 | AT5: 7 | AU5: 6 | AV5: 5 | AW5: 4 | AX5: 3 | AY5: 2 | AZ5: 1 | BA5: 15 | BB5: 14 | BC5: 13 | BD5: 12 | BE5: 11 | BF5: 10 | BG5: 9 | BH5: 8 | BI5: 7 | BJ5: 6 | BK5: 5 | BL5: 4 | BM5: 3 | BN5: 2 | BO5: 1 | BP5: 15 | BQ5: 14 | BR5: 13 | BS5: 12 | BT5: 11 | BU5: 10 | BV5: 9 | BW5: 8 | BX5: 7 | BY5: 6 | BZ5: 5 | CA5: 4 | CB5: 3 | CC5: 2 | CD5: 1 | CE5: 15 | CF5: 14 | CG5: 13 | CH5: 12 | CI5: 11 | CJ5: 10
B6: 1 | C6: 1 | D6: =F6&"_"&G6&"_"&J6&"_"&H6&"_"&$D$1 -> SORTING_EAST_UNP_1_15 | E6: UNLOAD | F6: SORTING | G6: EAST | H6: 1 | I6: 1 | J6: UNP | L6: =COUNT(W6:AQ6) -> 0 | M6: DIRECT
B7: 1 | C7: 2 | D7: =F7&"_"&G7&"_"&J7&"_"&H7&"_"&$D$1 -> TRANSFER_EAST_UNP_1_15 | E7: TRANSFER | F7: TRANSFER | G7: EAST | H7: 1 | I7: 1 | J7: UNP | L7: =COUNT(W7:AQ7) -> 1 | M7: DIRECT | W7: 1
B8: 1 | C8: 3 | D8: =F8&"_"&G8&"_"&J8&"_"&H8&"_"&$D$1 -> SUPPLY_EAST_UNP_1_15 | E8: SUPPLY | F8: SUPPLY | G8: EAST | H8: 1 | I8: 1 | J8: UNP | L8: =COUNT(AC8:BF8) -> 0 | M8: DIRECT
B9: =B8 -> 1 | C9: 4 | D9: =F9&"_"&G9&"_"&J9&"_"&H9&"_"&$D$1 -> EMPTY_EAST_UNP_1_15 | E9: SUPPLY | F9: EMPTY | G9: EAST | H9: 1 | I9: 1 | J9: UNP | L9: =COUNT(N9:AQ9) -> 11 | M9: DIRECT | N9: 1 | O9: =N9+1 -> 2 | P9: =O9+1 -> 3 | Q9: =P9+1 -> 4 | R9: =Q9+1 -> 5 | S9: =R9+1 -> 6 | T9: =S9+1 -> 7 | U9: =T9+1 -> 8 | V9: =U9+1 -> 9 | ... X9: =W9+1 -> 11
B10: 1 | C10: 5 | D10: =F10&"_"&G10&"_"&J10&"_"&H10&"_"&$D$1 -> PREPARE_EAST_UNP_1_15 | E10: SUPPLY | F10: PREPARE | G10: EAST | H10: 1 | I10: 1 | J10: UNP | L10: =COUNT(N10:AQ10) -> 13 | M10: DIRECT | N10: 1 | O10: =N10+1 -> 2 | P10: =O10+1 -> 3 | Q10: =P10+1 -> 4 | R10: =Q10+1 -> 5 | S10: =R10+1 -> 6 | T10: =S10+1 -> 7 | U10: =T10+1 -> 8 | V10: =U10+1 -> 9 | ... Z10: =Y10+1 -> 13
B11: =B9 -> 1 | C11: 6 | D11: =F11&"_"&G11&"_"&J11&"_"&H11&"_"&$D$1 -> COUNTDOWN_EAST_UNP_1_15 | F11: COUNTDOWN | G11: EAST | H11: 1 | I11: 1 | J11: UNP | M11: DIRECT | N11: 15 | O11: 14 | P11: 13 | Q11: 12 | R11: 11 | S11: 10 | T11: 9 | U11: 8 | V11: 7 | W11: 6 | X11: 5 | Y11: 4 | Z11: 3 | AA11: 2 | AB11: 1 | AC11: 15 | AD11: 14 | AE11: 13 | AF11: 12 | AG11: 11 | AH11: 10 | AI11: 9 | AJ11: 8 | AK11: 7 | AL11: 6 | AM11: 5 | AN11: 4 | AO11: 3 | AP11: 2 | AQ11: 1 | AR11: 15 | AS11: 14 | AT11: 13 | AU11: 12 | AV11: 11 | AW11: 10 | AX11: 9 | AY11: 8 | AZ11: 7 | BA11: 6 | BB11: 5 | BC11: 4 | BD11: 3 | BE11: 2 | BF11: 1 | BG11: 15 | BH11: 14 | BI11: 13 | BJ11: 12 | BK11: 11 | BL11: 10 | BM11: 9 | BN11: 8 | BO11: 7 | BP11: 6 | BQ11: 5 | BR11: 4 | BS11: 3 | BT11: 2 | BU11: 1 | BV11: 15 | BW11: 14 | BX11: 13 | BY11: 12 | BZ11: 11 | CA11: 10 | CB11: 9 | CC11: 8 | CD11: 7 | CE11: 6 | CF11: 5 | CG11: 4 | CH11: 3 | CI11: 2 | CJ11: 1
B12: 2 | C12: 1 | D12: =F12&"_"&G12&"_"&J12&"_"&H12&"_"&$D$1 -> SORTING_EAST_A_2_15 | E12: UNLOAD | F12: SORTING | G12: EAST | H12: 2 | I12: 2 | J12: A | L12: =COUNT(W12:AQ12) -> 1 | W12: 1
B13: 2 | C13: 2 | D13: =F13&"_"&G13&"_"&J13&"_"&H13&"_"&$D$1 -> TRANSFER_EAST_A_2_15 | E13: TRANSFER | F13: TRANSFER | G13: EAST | H13: 2 | I13: 2 | J13: A | L13: =COUNT(W13:AQ13) -> 2 | W13: 1 | X13: =W13+1 -> 2
B14: 2 | C14: 3 | D14: =F14&"_"&G14&"_"&J14&"_"&H14&"_"&$D$1 -> SUPPLY_EAST_A_2_15 | E14: SUPPLY | F14: SUPPLY | G14: EAST | H14: 2 | I14: 2 | J14: A | L14: =COUNT(AC14:BF14) -> 1 | AC14: 1
B15: =B14 -> 2 | C15: 4 | D15: =F15&"_"&G15&"_"&J15&"_"&H15&"_"&$D$1 -> EMPTY_EAST_A_2_15 | E15: SUPPLY | F15: EMPTY | G15: EAST | H15: 2 | I15: 2 | J15: A | L15: =COUNT(N15:AQ15) -> 12 | N15: 1 | O15: =N15+1 -> 2 | P15: =O15+1 -> 3 | Q15: =P15+1 -> 4 | R15: =Q15+1 -> 5 | S15: =R15+1 -> 6 | T15: =S15+1 -> 7 | U15: =T15+1 -> 8 | V15: =U15+1 -> 9 | ... Y15: =X15+1 -> 12
B16: 2 | C16: 5 | D16: =F16&"_"&G16&"_"&J16&"_"&H16&"_"&$D$1 -> PREPARE_EAST_A_2_15 | E16: SUPPLY | F16: PREPARE | G16: EAST | H16: 2 | I16: 2 | J16: A | L16: =COUNT(N16:AQ16) -> 14 | N16: 1 | O16: =N16+1 -> 2 | P16: =O16+1 -> 3 | Q16: =P16+1 -> 4 | R16: =Q16+1 -> 5 | S16: =R16+1 -> 6 | T16: =S16+1 -> 7 | U16: =T16+1 -> 8 | V16: =U16+1 -> 9 | ... AA16: =Z16+1 -> 14
B17: =B15 -> 2 | C17: 6 | D17: =F17&"_"&G17&"_"&J17&"_"&H17&"_"&$D$1 -> COUNTDOWN_EAST_A_2_15 | F17: COUNTDOWN | G17: EAST | H17: 2 | I17: 2 | J17: A | N17: 2 | O17: 1 | P17: 15 | Q17: 14 | R17: 13 | S17: 12 | T17: 11 | U17: 10 | V17: 9 | W17: 8 | X17: 7 | Y17: 6 | Z17: 5 | AA17: 4 | AB17: 3 | AC17: 2 | AD17: 1 | AE17: 15 | AF17: 14 | AG17: 13 | AH17: 12 | AI17: 11 | AJ17: 10 | AK17: 9 | AL17: 8 | AM17: 7 | AN17: 6 | AO17: 5 | AP17: 4 | AQ17: 3 | AR17: 2 | AS17: 1 | AT17: 15 | AU17: 14 | AV17: 13 | AW17: 12 | AX17: 11 | AY17: 10 | AZ17: 9 | BA17: 8 | BB17: 7 | BC17: 6 | BD17: 5 | BE17: 4 | BF17: 3 | BG17: 2 | BH17: 1 | BI17: 15 | BJ17: 14 | BK17: 13 | BL17: 12 | BM17: 11 | BN17: 10 | BO17: 9 | BP17: 8 | BQ17: 7 | BR17: 6 | BS17: 5 | BT17: 4 | BU17: 3 | BV17: 2 | BW17: 1 | BX17: 15 | BY17: 14 | BZ17: 13 | CA17: 12 | CB17: 11 | CC17: 10 | CD17: 9 | CE17: 8 | CF17: 7 | CG17: 6 | CH17: 5 | CI17: 4 | CJ17: 3
C18: 1 | D18: =F18&"_"&G18&"_"&J18&"_"&H18&"_"&$D$1 -> SORTING_EAST_C/U_1_15 | E18: UNLOAD | F18: SORTING | G18: EAST | H18: 1 | I18: 1 | J18: C/U | L18: =COUNT(W18:AQ18) -> 2 | W18: 1 | X18: =W18+1 -> 2
C19: 2 | D19: =F19&"_"&G19&"_"&J19&"_"&H19&"_"&$D$1 -> TRANSFER_EAST_C/U_1_15 | E19: TRANSFER | F19: TRANSFER | G19: EAST | H19: 1 | I19: 1 | J19: C/U | L19: =COUNT(W19:AQ19) -> 3 | W19: 1 | X19: =W19+1 -> 2 | Y19: =X19+1 -> 3
C20: 3 | D20: =F20&"_"&G20&"_"&J20&"_"&H20&"_"&$D$1 -> SUPPLY_EAST_C/U_1_15 | E20: SUPPLY | F20: SUPPLY | G20: EAST | H20: 1 | I20: 1 | J20: C/U | L20: =COUNT(AC20:BF20) -> 2 | AC20: 1 | AD20: =AC20+1 -> 2
C21: 4 | D21: =F21&"_"&G21&"_"&J21&"_"&H21&"_"&$D$1 -> EMPTY_EAST_C/U_1_15 | E21: SUPPLY | F21: EMPTY | G21: EAST | H21: 1 | I21: 1 | J21: C/U | L21: =COUNT(N21:AQ21) -> 13 | N21: 1 | O21: =N21+1 -> 2 | P21: =O21+1 -> 3 | Q21: =P21+1 -> 4 | R21: =Q21+1 -> 5 | S21: =R21+1 -> 6 | T21: =S21+1 -> 7 | U21: =T21+1 -> 8 | V21: =U21+1 -> 9 | ... Z21: =Y21+1 -> 13
C22: 5 | D22: =F22&"_"&G22&"_"&J22&"_"&H22&"_"&$D$1 -> PREPARE_EAST_C/U_1_15 | E22: SUPPLY | F22: PREPARE | G22: EAST | H22: 1 | I22: 1 | J22: C/U | L22: =COUNT(N22:AQ22) -> 14 | N22: 1 | O22: =N22+1 -> 2 | P22: =O22+1 -> 3 | Q22: =P22+1 -> 4 | R22: =Q22+1 -> 5 | S22: =R22+1 -> 6 | T22: =S22+1 -> 7 | U22: =T22+1 -> 8 | V22: =U22+1 -> 9 | ... AA22: =Z22+1 -> 14
C23: 6 | D23: =F23&"_"&G23&"_"&J23&"_"&H23&"_"&$D$1 -> COUNTDOWN_EAST_C/U_1_15 | F23: COUNTDOWN | G23: EAST | H23: 1 | I23: 1 | J23: C/U | N23: 2 | O23: 1 | P23: 15 | Q23: 14 | R23: 13 | S23: 12 | T23: 11 | U23: 10 | V23: 9 | W23: 8 | X23: 7 | Y23: 6 | Z23: 5 | AA23: 4 | AB23: 3 | AC23: 2 | AD23: 1 | AE23: 15 | AF23: 14 | AG23: 13 | AH23: 12 | AI23: 11 | AJ23: 10 | AK23: 9 | AL23: 8 | AM23: 7 | AN23: 6 | AO23: 5 | AP23: 4 | AQ23: 3 | AR23: 2 | AS23: 1 | AT23: 15 | AU23: 14 | AV23: 13 | AW23: 12 | AX23: 11 | AY23: 10 | AZ23: 9 | BA23: 8 | BB23: 7 | BC23: 6 | BD23: 5 | BE23: 4 | BF23: 3 | BG23: 2 | BH23: 1 | BI23: 15 | BJ23: 14 | BK23: 13 | BL23: 12 | BM23: 11 | BN23: 10 | BO23: 9 | BP23: 8 | BQ23: 7 | BR23: 6 | BS23: 5 | BT23: 4 | BU23: 3 | BV23: 2 | BW23: 1 | BX23: 15 | BY23: 14 | BZ23: 13 | CA23: 12 | CB23: 11 | CC23: 10 | CD23: 9 | CE23: 8 | CF23: 7 | CG23: 6 | CH23: 5 | CI23: 4 | CJ23: 3
A24: E | B24: 5 | C24: 1 | D24: =F24&"_"&G24&"_"&J24&"_"&H24&"_"&$D$1 -> SORTING_EAST_C_2_15 | E24: UNLOAD | F24: SORTING | G24: EAST | H24: 2 | I24: 2 | J24: C | L24: =COUNT(W24:AQ24) -> 3 | M24: DIRECT | W24: 1 | X24: =W24+1 -> 2 | Y24: =X24+1 -> 3
A25: E | B25: 5 | C25: 2 | D25: =F25&"_"&G25&"_"&J25&"_"&H25&"_"&$D$1 -> TRANSFER_EAST_C_2_15 | E25: TRANSFER | F25: TRANSFER | G25: EAST | H25: 2 | I25: 2 | J25: C | L25: =COUNT(W25:AQ25) -> 4 | M25: DIRECT | W25: 1 | X25: =W25+1 -> 2 | Y25: =X25+1 -> 3 | Z25: =Y25+1 -> 4
A26: E | B26: 5 | C26: 3 | D26: =F26&"_"&G26&"_"&J26&"_"&H26&"_"&$D$1 -> SUPPLY_EAST_C_2_15 | E26: SUPPLY | F26: SUPPLY | G26: EAST | H26: 2 | I26: 2 | J26: C | L26: =COUNT(AC26:BF26) -> 3 | M26: DIRECT | AC26: 1 | AD26: =AC26+1 -> 2 | AE26: =AD26+1 -> 3
A27: E | B27: 5 | C27: 4 | D27: =F27&"_"&G27&"_"&J27&"_"&H27&"_"&$D$1 -> EMPTY_EAST_C_2_15 | E27: SUPPLY | F27: EMPTY | G27: EAST | H27: 2 | I27: 2 | J27: C | L27: =COUNT(N27:AQ27) -> 14 | M27: DIRECT | N27: 1 | O27: =N27+1 -> 2 | P27: =O27+1 -> 3 | Q27: =P27+1 -> 4 | R27: =Q27+1 -> 5 | S27: =R27+1 -> 6 | T27: =S27+1 -> 7 | U27: =T27+1 -> 8 | V27: =U27+1 -> 9 | ... AA27: =Z27+1 -> 14
A28: E | B28: 5 | C28: 5 | D28: =F28&"_"&G28&"_"&J28&"_"&H28&"_"&$D$1 -> PREPARE_EAST_C_2_15 | E28: SUPPLY | F28: PREPARE | G28: EAST | H28: 2 | I28: 2 | J28: C | L28: =COUNT(N28:AQ28) -> 16 | M28: DIRECT | N28: 1 | O28: =N28+1 -> 2 | P28: =O28+1 -> 3 | Q28: =P28+1 -> 4 | R28: =Q28+1 -> 5 | S28: =R28+1 -> 6 | T28: =S28+1 -> 7 | U28: =T28+1 -> 8 | V28: =U28+1 -> 9 | ... AC28: =AB28+1 -> 16
A29: E | B29: =B27 -> 5 | C29: 6 | D29: =F29&"_"&G29&"_"&J29&"_"&H29&"_"&$D$1 -> COUNTDOWN_EAST_C_2_15 | F29: COUNTDOWN | G29: EAST | H29: 2 | I29: 2 | J29: C | M29: DIRECT | N29: 3 | O29: 2 | P29: 1 | Q29: 15 | R29: 14 | S29: 13 | T29: 12 | U29: 11 | V29: 10 | W29: 9 | X29: 8 | Y29: 7 | Z29: 6 | AA29: 5 | AB29: 4 | AC29: 3 | AD29: 2 | AE29: 1 | AF29: 15 | AG29: 14 | AH29: 13 | AI29: 12 | AJ29: 11 | AK29: 10 | AL29: 9 | AM29: 8 | AN29: 7 | AO29: 6 | AP29: 5 | AQ29: 4 | AR29: 3 | AS29: 2 | AT29: 1 | AU29: 15 | AV29: 14 | AW29: 13 | AX29: 12 | AY29: 11 | AZ29: 10 | BA29: 9 | BB29: 8 | BC29: 7 | BD29: 6 | BE29: 5 | BF29: 4 | BG29: 3 | BH29: 2 | BI29: 1 | BJ29: 15 | BK29: 14 | BL29: 13 | BM29: 12 | BN29: 11 | BO29: 10 | BP29: 9 | BQ29: 8 | BR29: 7 | BS29: 6 | BT29: 5 | BU29: 4 | BV29: 3 | BW29: 2 | BX29: 1 | BY29: 15 | BZ29: 14 | CA29: 13 | CB29: 12 | CC29: 11 | CD29: 10 | CE29: 9 | CF29: 8 | CG29: 7 | CH29: 6 | CI29: 5 | CJ29: 4
B30: 6 | C30: 6 | D30: =F30&"_"&G30&"_"&J30&"_"&H30&"_"&$D$1 -> SORTING_EAST_I_1_15 | E30: UNLOAD | F30: SORTING | G30: EAST | H30: 1 | I30: 1 | J30: I | L30: =COUNT(W30:AQ30) -> 4 | M30: DIRECT | W30: 1 | X30: =W30+1 -> 2 | Y30: =X30+1 -> 3 | Z30: =Y30+1 -> 4
B31: 6 | C31: 1 | D31: =F31&"_"&G31&"_"&J31&"_"&H31&"_"&$D$1 -> TRANSFER_EAST_I_1_15 | E31: TRANSFER | F31: TRANSFER | G31: EAST | H31: 1 | I31: 1 | J31: I | L31: =COUNT(W31:AQ31) -> 5 | M31: DIRECT | W31: 1 | X31: =W31+1 -> 2 | Y31: =X31+1 -> 3 | Z31: =Y31+1 -> 4 | AA31: =Z31+1 -> 5
B32: 6 | C32: 3 | D32: =F32&"_"&G32&"_"&J32&"_"&H32&"_"&$D$1 -> SUPPLY_EAST_I_1_15 | E32: SUPPLY | F32: SUPPLY | G32: EAST | H32: 1 | I32: 1 | J32: I | L32: =COUNT(AC32:BF32) -> 4 | M32: DIRECT | AC32: 1 | AD32: =AC32+1 -> 2 | AE32: =AD32+1 -> 3 | AF32: =AE32+1 -> 4
B33: 6 | C33: 4 | D33: =F33&"_"&G33&"_"&J33&"_"&H33&"_"&$D$1 -> EMPTY_EAST_I_1_15 | E33: SUPPLY | F33: EMPTY | G33: EAST | H33: 1 | I33: 1 | J33: I | L33: =COUNT(N33:AQ33) -> 16 | M33: DIRECT | N33: 1 | O33: =N33+1 -> 2 | P33: =O33+1 -> 3 | Q33: =P33+1 -> 4 | R33: =Q33+1 -> 5 | S33: =R33+1 -> 6 | T33: =S33+1 -> 7 | U33: =T33+1 -> 8 | V33: =U33+1 -> 9 | ... AC33: =AB33+1 -> 16
B34: 6 | C34: 2 | D34: =F34&"_"&G34&"_"&J34&"_"&H34&"_"&$D$1 -> PREPARE_EAST_I_1_15 | E34: SUPPLY | F34: PREPARE | G34: EAST | H34: 1 | I34: 1 | J34: I | L34: =COUNT(N34:AQ34) -> 18 | M34: DIRECT | N34: 1 | O34: =N34+1 -> 2 | P34: =O34+1 -> 3 | Q34: =P34+1 -> 4 | R34: =Q34+1 -> 5 | S34: =R34+1 -> 6 | T34: =S34+1 -> 7 | U34: =T34+1 -> 8 | V34: =U34+1 -> 9 | ... AE34: =AD34+1 -> 18
B35: =B33 -> 6 | C35: 6 | D35: =F35&"_"&G35&"_"&J35&"_"&H35&"_"&$D$1 -> COUNTDOWN_EAST_I_1_15 | F35: COUNTDOWN | G35: EAST | H35: 1 | I35: 1 | J35: I | M35: DIRECT | N35: 4 | O35: 3 | P35: 2 | Q35: 1 | R35: 15 | S35: 14 | T35: 13 | U35: 12 | V35: 11 | W35: 10 | X35: 9 | Y35: 8 | Z35: 7 | AA35: 6 | AB35: 5 | AC35: 4 | AD35: 3 | AE35: 2 | AF35: 1 | AG35: 15 | AH35: 14 | AI35: 13 | AJ35: 12 | AK35: 11 | AL35: 10 | AM35: 9 | AN35: 8 | AO35: 7 | AP35: 6 | AQ35: 5 | AR35: 4 | AS35: 3 | AT35: 2 | AU35: 1 | AV35: 15 | AW35: 14 | AX35: 13 | AY35: 12 | AZ35: 11 | BA35: 10 | BB35: 9 | BC35: 8 | BD35: 7 | BE35: 6 | BF35: 5 | BG35: 4 | BH35: 3 | BI35: 2 | BJ35: 1 | BK35: 15 | BL35: 14 | BM35: 13 | BN35: 12 | BO35: 11 | BP35: 10 | BQ35: 9 | BR35: 8 | BS35: 7 | BT35: 6 | BU35: 5 | BV35: 4 | BW35: 3 | BX35: 2 | BY35: 1 | BZ35: 15 | CA35: 14 | CB35: 13 | CC35: 12 | CD35: 11 | CE35: 10 | CF35: 9 | CG35: 8 | CH35: 7 | CI35: 6 | CJ35: 5
A36: N | B36: 4 | C36: 1 | D36: =F36&"_"&G36&"_"&J36&"_"&H36&"_"&$D$1 -> SORTING_EAST_G_2_15 | E36: UNLOAD | F36: SORTING | G36: EAST | H36: 2 | I36: 2 | J36: G | L36: =COUNT(W36:AQ36) -> 5 | W36: 1 | X36: =W36+1 -> 2 | Y36: =X36+1 -> 3 | Z36: =Y36+1 -> 4 | AA36: =Z36+1 -> 5
A37: N | B37: 4 | C37: 2 | D37: =F37&"_"&G37&"_"&J37&"_"&H37&"_"&$D$1 -> TRANSFER_EAST_G_2_15 | E37: TRANSFER | F37: TRANSFER | G37: EAST | H37: 2 | I37: 2 | J37: G | L37: =COUNT(W37:AQ37) -> 7 | W37: 1 | X37: =W37+1 -> 2 | Y37: =X37+1 -> 3 | Z37: =Y37+1 -> 4 | AA37: =Z37+1 -> 5 | AB37: =AA37+1 -> 6 | AC37: =AB37+1 -> 7
A38: N | B38: 4 | C38: 3 | D38: =F38&"_"&G38&"_"&J38&"_"&H38&"_"&$D$1 -> SUPPLY_EAST_G_2_15 | E38: SUPPLY | F38: SUPPLY | G38: EAST | H38: 2 | I38: 2 | J38: G | L38: =COUNT(AC38:BF38) -> 6 | AC38: 1 | AD38: =AC38+1 -> 2 | AE38: =AD38+1 -> 3 | AF38: =AE38+1 -> 4 | AG38: =AF38+1 -> 5 | AH38: =AG38+1 -> 6
A39: N | B39: 4 | C39: 4 | D39: =F39&"_"&G39&"_"&J39&"_"&H39&"_"&$D$1 -> EMPTY_EAST_G_2_15 | E39: SUPPLY | F39: EMPTY | G39: EAST | H39: 2 | I39: 2 | J39: G | L39: =COUNT(N39:AQ39) -> 18 | N39: 1 | O39: =N39+1 -> 2 | P39: =O39+1 -> 3 | Q39: =P39+1 -> 4 | R39: =Q39+1 -> 5 | S39: =R39+1 -> 6 | T39: =S39+1 -> 7 | U39: =T39+1 -> 8 | V39: =U39+1 -> 9 | ... AE39: =AD39+1 -> 18
A40: N | B40: 4 | C40: 5 | D40: =F40&"_"&G40&"_"&J40&"_"&H40&"_"&$D$1 -> PREPARE_EAST_G_2_15 | E40: SUPPLY | F40: PREPARE | G40: EAST | H40: 2 | I40: 2 | J40: G | L40: =COUNT(N40:AQ40) -> 20 | N40: 1 | O40: =N40+1 -> 2 | P40: =O40+1 -> 3 | Q40: =P40+1 -> 4 | R40: =Q40+1 -> 5 | S40: =R40+1 -> 6 | T40: =S40+1 -> 7 | U40: =T40+1 -> 8 | V40: =U40+1 -> 9 | ... AG40: =AF40+1 -> 20
A41: N | B41: =B39 -> 4 | C41: 6 | D41: =F41&"_"&G41&"_"&J41&"_"&H41&"_"&$D$1 -> COUNTDOWN_EAST_G_2_15 | F41: COUNTDOWN | G41: EAST | H41: 2 | I41: 2 | J41: G | N41: 6 | O41: 5 | P41: 4 | Q41: 3 | R41: 2 | S41: 1 | T41: 15 | U41: 14 | V41: 13 | W41: 12 | X41: 11 | Y41: 10 | Z41: 9 | AA41: 8 | AB41: 7 | AC41: 6 | AD41: 5 | AE41: 4 | AF41: 3 | AG41: 2 | AH41: 1 | AI41: 15 | AJ41: 14 | AK41: 13 | AL41: 12 | AM41: 11 | AN41: 10 | AO41: 9 | AP41: 8 | AQ41: 7 | AR41: 6 | AS41: 5 | AT41: 4 | AU41: 3 | AV41: 2 | AW41: 1 | AX41: 15 | AY41: 14 | AZ41: 13 | BA41: 12 | BB41: 11 | BC41: 10 | BD41: 9 | BE41: 8 | BF41: 7 | BG41: 6 | BH41: 5 | BI41: 4 | BJ41: 3 | BK41: 2 | BL41: 1 | BM41: 15 | BN41: 14 | BO41: 13 | BP41: 12 | BQ41: 11 | BR41: 10 | BS41: 9 | BT41: 8 | BU41: 7 | BV41: 6 | BW41: 5 | BX41: 4 | BY41: 3 | BZ41: 2 | CA41: 1 | CB41: 15 | CC41: 14 | CD41: 13 | CE41: 12 | CF41: 11 | CG41: 10 | CH41: 9 | CI41: 8 | CJ41: 7
B42: 3 | C42: 1 | D42: =F42&"_"&G42&"_"&J42&"_"&H42&"_"&$D$1 -> SORTING_EAST_B_1_15 | E42: UNLOAD | F42: SORTING | G42: EAST | H42: 1 | I42: 1 | J42: B | L42: =COUNT(W42:AQ42) -> 7 | M42: DIRECT | W42: 1 | X42: =W42+1 -> 2 | Y42: =X42+1 -> 3 | Z42: =Y42+1 -> 4 | AA42: =Z42+1 -> 5 | AB42: =AA42+1 -> 6 | AC42: =AB42+1 -> 7
B43: 3 | C43: 2 | D43: =F43&"_"&G43&"_"&J43&"_"&H43&"_"&$D$1 -> TRANSFER_EAST_B_1_15 | E43: TRANSFER | F43: TRANSFER | G43: EAST | H43: 1 | I43: 1 | J43: B | L43: =COUNT(W43:AQ43) -> 9 | M43: DIRECT | W43: 1 | X43: =W43+1 -> 2 | Y43: =X43+1 -> 3 | Z43: =Y43+1 -> 4 | AA43: =Z43+1 -> 5 | AB43: =AA43+1 -> 6 | AC43: =AB43+1 -> 7 | AD43: =AC43+1 -> 8 | AE43: =AD43+1 -> 9
B44: 3 | C44: 3 | D44: =F44&"_"&G44&"_"&J44&"_"&H44&"_"&$D$1 -> SUPPLY_EAST_B_1_15 | E44: SUPPLY | F44: SUPPLY | G44: EAST | H44: 1 | I44: 1 | J44: B | L44: =COUNT(AC44:BF44) -> 8 | M44: DIRECT | AC44: 1 | AD44: =AC44+1 -> 2 | AE44: =AD44+1 -> 3 | AF44: =AE44+1 -> 4 | AG44: =AF44+1 -> 5 | AH44: =AG44+1 -> 6 | AI44: =AH44+1 -> 7 | AJ44: =AI44+1 -> 8
B45: 3 | C45: 4 | D45: =F45&"_"&G45&"_"&J45&"_"&H45&"_"&$D$1 -> EMPTY_EAST_B_1_15 | E45: SUPPLY | F45: EMPTY | G45: EAST | H45: 1 | I45: 1 | J45: B | L45: =COUNT(N45:AQ45) -> 20 | M45: DIRECT | N45: 1 | O45: =N45+1 -> 2 | P45: =O45+1 -> 3 | Q45: =P45+1 -> 4 | R45: =Q45+1 -> 5 | S45: =R45+1 -> 6 | T45: =S45+1 -> 7 | U45: =T45+1 -> 8 | V45: =U45+1 -> 9 | ... AG45: =AF45+1 -> 20
B46: 3 | C46: 5 | D46: =F46&"_"&G46&"_"&J46&"_"&H46&"_"&$D$1 -> PREPARE_EAST_B_1_15 | E46: SUPPLY | F46: PREPARE | G46: EAST | H46: 1 | I46: 1 | J46: B | L46: =COUNT(N46:AQ46) -> 22 | M46: DIRECT | N46: 1 | O46: =N46+1 -> 2 | P46: =O46+1 -> 3 | Q46: =P46+1 -> 4 | R46: =Q46+1 -> 5 | S46: =R46+1 -> 6 | T46: =S46+1 -> 7 | U46: =T46+1 -> 8 | V46: =U46+1 -> 9 | ... AI46: =AH46+1 -> 22
B47: =B45 -> 3 | C47: 6 | D47: =F47&"_"&G47&"_"&J47&"_"&H47&"_"&$D$1 -> COUNTDOWN_EAST_B_1_15 | F47: COUNTDOWN | G47: EAST | H47: 1 | I47: 1 | J47: B | M47: DIRECT | N47: 7 | O47: 6 | P47: 5 | Q47: 4 | R47: 3 | S47: 2 | T47: 1 | U47: 15 | V47: 14 | W47: 13 | X47: 12 | Y47: 11 | Z47: 10 | AA47: 9 | AB47: 8 | AC47: 7 | AD47: 6 | AE47: 5 | AF47: 4 | AG47: 3 | AH47: 2 | AI47: 1 | AJ47: 15 | AK47: 14 | AL47: 13 | AM47: 12 | AN47: 11 | AO47: 10 | AP47: 9 | AQ47: 8 | AR47: 7 | AS47: 6 | AT47: 5 | AU47: 4 | AV47: 3 | AW47: 2 | AX47: 1 | AY47: 15 | AZ47: 14 | BA47: 13 | BB47: 12 | BC47: 11 | BD47: 10 | BE47: 9 | BF47: 8 | BG47: 7 | BH47: 6 | BI47: 5 | BJ47: 4 | BK47: 3 | BL47: 2 | BM47: 1 | BN47: 15 | BO47: 14 | BP47: 13 | BQ47: 12 | BR47: 11 | BS47: 10 | BT47: 9 | BU47: 8 | BV47: 7 | BW47: 6 | BX47: 5 | BY47: 4 | BZ47: 3 | CA47: 2 | CB47: 1 | CC47: 15 | CD47: 14 | CE47: 13 | CF47: 12 | CG47: 11 | CH47: 10 | CI47: 9 | CJ47: 8
B48: 7 | C48: 1 | D48: =F48&"_"&G48&"_"&J48&"_"&H48&"_"&$D$1 -> SORTING_EAST_E_2_15 | E48: UNLOAD | F48: SORTING | G48: EAST | H48: 2 | I48: 2 | J48: E | L48: =COUNT(W48:AQ48) -> 9 | W48: 1 | X48: =W48+1 -> 2 | Y48: =X48+1 -> 3 | Z48: =Y48+1 -> 4 | AA48: =Z48+1 -> 5 | AB48: =AA48+1 -> 6 | AC48: =AB48+1 -> 7 | AD48: =AC48+1 -> 8 | AE48: =AD48+1 -> 9
B49: 7 | C49: 2 | D49: =F49&"_"&G49&"_"&J49&"_"&H49&"_"&$D$1 -> TRANSFER_EAST_E_2_15 | E49: TRANSFER | F49: TRANSFER | G49: EAST | H49: 2 | I49: 2 | J49: E | L49: =COUNT(W49:AQ49) -> 11 | W49: 1 | X49: =W49+1 -> 2 | Y49: =X49+1 -> 3 | Z49: =Y49+1 -> 4 | AA49: =Z49+1 -> 5 | AB49: =AA49+1 -> 6 | AC49: =AB49+1 -> 7 | AD49: =AC49+1 -> 8 | AE49: =AD49+1 -> 9 | ... AG49: =AF49+1 -> 11
B50: 7 | C50: 3 | D50: =F50&"_"&G50&"_"&J50&"_"&H50&"_"&$D$1 -> SUPPLY_EAST_E_2_15 | E50: SUPPLY | F50: SUPPLY | G50: EAST | H50: 2 | I50: 2 | J50: E | L50: =COUNT(AC50:BF50) -> 10 | AC50: 1 | AD50: =AC50+1 -> 2 | AE50: =AD50+1 -> 3 | AF50: =AE50+1 -> 4 | AG50: =AF50+1 -> 5 | AH50: =AG50+1 -> 6 | AI50: =AH50+1 -> 7 | AJ50: =AI50+1 -> 8 | AK50: =AJ50+1 -> 9 | AL50: =AK50+1 -> 10
B51: =B50 -> 7 | C51: 4 | D51: =F51&"_"&G51&"_"&J51&"_"&H51&"_"&$D$1 -> EMPTY_EAST_E_2_15 | E51: SUPPLY | F51: EMPTY | G51: EAST | H51: 2 | I51: 2 | J51: E | L51: =COUNT(N51:AQ51) -> 22 | N51: 1 | O51: =N51+1 -> 2 | P51: =O51+1 -> 3 | Q51: =P51+1 -> 4 | R51: =Q51+1 -> 5 | S51: =R51+1 -> 6 | T51: =S51+1 -> 7 | U51: =T51+1 -> 8 | V51: =U51+1 -> 9 | ... AI51: =AH51+1 -> 22
B52: 7 | C52: 5 | D52: =F52&"_"&G52&"_"&J52&"_"&H52&"_"&$D$1 -> PREPARE_EAST_E_2_15 | E52: SUPPLY | F52: PREPARE | G52: EAST | H52: 2 | I52: 2 | J52: E | L52: =COUNT(N52:AQ52) -> 24 | N52: 1 | O52: =N52+1 -> 2 | P52: =O52+1 -> 3 | Q52: =P52+1 -> 4 | R52: =Q52+1 -> 5 | S52: =R52+1 -> 6 | T52: =S52+1 -> 7 | U52: =T52+1 -> 8 | V52: =U52+1 -> 9 | ... AK52: =AJ52+1 -> 24
B53: =B51 -> 7 | C53: 6 | D53: =F53&"_"&G53&"_"&J53&"_"&H53&"_"&$D$1 -> COUNTDOWN_EAST_E_2_15 | F53: COUNTDOWN | G53: EAST | H53: 2 | I53: 2 | J53: E | N53: 9 | O53: 8 | P53: 7 | Q53: 6 | R53: 5 | S53: 4 | T53: 3 | U53: 2 | V53: 1 | W53: 15 | X53: 14 | Y53: 13 | Z53: 12 | AA53: 11 | AB53: 10 | AC53: 9 | AD53: 8 | AE53: 7 | AF53: 6 | AG53: 5 | AH53: 4 | AI53: 3 | AJ53: 2 | AK53: 1 | AL53: 15 | AM53: 14 | AN53: 13 | AO53: 12 | AP53: 11 | AQ53: 10 | AR53: 9 | AS53: 8 | AT53: 7 | AU53: 6 | AV53: 5 | AW53: 4 | AX53: 3 | AY53: 2 | AZ53: 1 | BA53: 15 | BB53: 14 | BC53: 13 | BD53: 12 | BE53: 11 | BF53: 10 | BG53: 9 | BH53: 8 | BI53: 7 | BJ53: 6 | BK53: 5 | BL53: 4 | BM53: 3 | BN53: 2 | BO53: 1 | BP53: 15 | BQ53: 14 | BR53: 13 | BS53: 12 | BT53: 11 | BU53: 10 | BV53: 9 | BW53: 8 | BX53: 7 | BY53: 6 | BZ53: 5 | CA53: 4 | CB53: 3 | CC53: 2 | CD53: 1 | CE53: 15 | CF53: 14 | CG53: 13 | CH53: 12 | CI53: 11 | CJ53: 10
C54: 1 | D54: =F54&"_"&G54&"_"&J54&"_"&H54&"_"&$D$1 -> SORTING_EAST_D_1_15 | E54: UNLOAD | F54: SORTING | G54: EAST | H54: 1 | I54: 1 | J54: D | L54: =COUNT(W54:AQ54) -> 11 | M54: DIRECT | W54: 1 | X54: =W54+1 -> 2 | Y54: =X54+1 -> 3 | Z54: =Y54+1 -> 4 | AA54: =Z54+1 -> 5 | AB54: =AA54+1 -> 6 | AC54: =AB54+1 -> 7 | AD54: =AC54+1 -> 8 | AE54: =AD54+1 -> 9 | ... AG54: =AF54+1 -> 11
C55: 2 | D55: =F55&"_"&G55&"_"&J55&"_"&H55&"_"&$D$1 -> TRANSFER_EAST_D_1_15 | E55: TRANSFER | F55: TRANSFER | G55: EAST | H55: 1 | I55: 1 | J55: D | L55: =COUNT(W55:AQ55) -> 13 | M55: DIRECT | W55: 1 | X55: =W55+1 -> 2 | Y55: =X55+1 -> 3 | Z55: =Y55+1 -> 4 | AA55: =Z55+1 -> 5 | AB55: =AA55+1 -> 6 | AC55: =AB55+1 -> 7 | AD55: =AC55+1 -> 8 | AE55: =AD55+1 -> 9 | ... AI55: =AH55+1 -> 13
C56: 3 | D56: =F56&"_"&G56&"_"&J56&"_"&H56&"_"&$D$1 -> SUPPLY_EAST_D_1_15 | E56: SUPPLY | F56: SUPPLY | G56: EAST | H56: 1 | I56: 1 | J56: D | L56: =COUNT(AC56:BF56) -> 12 | M56: DIRECT | AC56: 1 | AD56: =AC56+1 -> 2 | AE56: =AD56+1 -> 3 | AF56: =AE56+1 -> 4 | AG56: =AF56+1 -> 5 | AH56: =AG56+1 -> 6 | AI56: =AH56+1 -> 7 | AJ56: =AI56+1 -> 8 | AK56: =AJ56+1 -> 9 | ... AN56: =AM56+1 -> 12
C57: 4 | D57: =F57&"_"&G57&"_"&J57&"_"&H57&"_"&$D$1 -> EMPTY_EAST_D_1_15 | E57: SUPPLY | F57: EMPTY | G57: EAST | H57: 1 | I57: 1 | J57: D | L57: =COUNT(N57:AQ57) -> 23 | M57: DIRECT | N57: 1 | O57: =N57+1 -> 2 | P57: =O57+1 -> 3 | Q57: =P57+1 -> 4 | R57: =Q57+1 -> 5 | S57: =R57+1 -> 6 | T57: =S57+1 -> 7 | U57: =T57+1 -> 8 | V57: =U57+1 -> 9 | ... AJ57: =AI57+1 -> 23
C58: 5 | D58: =F58&"_"&G58&"_"&J58&"_"&H58&"_"&$D$1 -> PREPARE_EAST_D_1_15 | E58: SUPPLY | F58: PREPARE | G58: EAST | H58: 1 | I58: 1 | J58: D | L58: =COUNT(N58:AQ58) -> 25 | M58: DIRECT | N58: 1 | O58: =N58+1 -> 2 | P58: =O58+1 -> 3 | Q58: =P58+1 -> 4 | R58: =Q58+1 -> 5 | S58: =R58+1 -> 6 | T58: =S58+1 -> 7 | U58: =T58+1 -> 8 | V58: =U58+1 -> 9 | ... AL58: =AK58+1 -> 25
C59: 6 | D59: =F59&"_"&G59&"_"&J59&"_"&H59&"_"&$D$1 -> COUNTDOWN_EAST_D_1_15 | F59: COUNTDOWN | G59: EAST | H59: 1 | I59: 1 | J59: D | M59: DIRECT | N59: 10 | O59: 9 | P59: 8 | Q59: 7 | R59: 6 | S59: 5 | T59: 4 | U59: 3 | V59: 2 | W59: 1 | X59: 15 | Y59: 14 | Z59: 13 | AA59: 12 | AB59: 11 | AC59: 10 | AD59: 9 | AE59: 8 | AF59: 7 | AG59: 6 | AH59: 5 | AI59: 4 | AJ59: 3 | AK59: 2 | AL59: 1 | AM59: 15 | AN59: 14 | AO59: 13 | AP59: 12 | AQ59: 11 | AR59: 10 | AS59: 9 | AT59: 8 | AU59: 7 | AV59: 6 | AW59: 5 | AX59: 4 | AY59: 3 | AZ59: 2 | BA59: 1 | BB59: 15 | BC59: 14 | BD59: 13 | BE59: 12 | BF59: 11 | BG59: 10 | BH59: 9 | BI59: 8 | BJ59: 7 | BK59: 6 | BL59: 5 | BM59: 4 | BN59: 3 | BO59: 2 | BP59: 1 | BQ59: 15 | BR59: 14 | BS59: 13 | BT59: 12 | BU59: 11 | BV59: 10 | BW59: 9 | BX59: 8 | BY59: 7 | BZ59: 6 | CA59: 5 | CB59: 4 | CC59: 3 | CD59: 2 | CE59: 1 | CF59: 15 | CG59: 14 | CH59: 13 | CI59: 12 | CJ59: 11
C60: 1 | D60: =F60&"_"&G60&"_"&J60&"_"&H60&"_"&$D$1 -> SORTING_EAST_K_2_15 | E60: UNLOAD | F60: SORTING | G60: EAST | H60: 2 | I60: 2 | J60: K | L60: =COUNT(W60:AQ60) -> 13 | W60: 1 | X60: =W60+1 -> 2 | Y60: =X60+1 -> 3 | Z60: =Y60+1 -> 4 | AA60: =Z60+1 -> 5 | AB60: =AA60+1 -> 6 | AC60: =AB60+1 -> 7 | AD60: =AC60+1 -> 8 | AE60: =AD60+1 -> 9 | ... AI60: =AH60+1 -> 13
C61: 2 | D61: =F61&"_"&G61&"_"&J61&"_"&H61&"_"&$D$1 -> TRANSFER_EAST_K_2_15 | E61: TRANSFER | F61: TRANSFER | G61: EAST | H61: 2 | I61: 2 | J61: K | L61: =COUNT(W61:AQ61) -> 15 | W61: 1 | X61: =W61+1 -> 2 | Y61: =X61+1 -> 3 | Z61: =Y61+1 -> 4 | AA61: =Z61+1 -> 5 | AB61: =AA61+1 -> 6 | AC61: =AB61+1 -> 7 | AD61: =AC61+1 -> 8 | AE61: =AD61+1 -> 9 | ... AK61: =AJ61+1 -> 15
C62: 3 | D62: =F62&"_"&G62&"_"&J62&"_"&H62&"_"&$D$1 -> SUPPLY_EAST_K_2_15 | E62: SUPPLY | F62: SUPPLY | G62: EAST | H62: 2 | I62: 2 | J62: K | L62: =COUNT(AC62:BF62) -> 13 | AC62: 1 | AD62: =AC62+1 -> 2 | AE62: =AD62+1 -> 3 | AF62: =AE62+1 -> 4 | AG62: =AF62+1 -> 5 | AH62: =AG62+1 -> 6 | AI62: =AH62+1 -> 7 | AJ62: =AI62+1 -> 8 | AK62: =AJ62+1 -> 9 | ... AO62: =AN62+1 -> 13
C63: 4 | D63: =F63&"_"&G63&"_"&J63&"_"&H63&"_"&$D$1 -> EMPTY_EAST_K_2_15 | E63: SUPPLY | F63: EMPTY | G63: EAST | H63: 2 | I63: 2 | J63: K | L63: =COUNT(N63:AQ63) -> 24 | N63: 1 | O63: =N63+1 -> 2 | P63: =O63+1 -> 3 | Q63: =P63+1 -> 4 | R63: =Q63+1 -> 5 | S63: =R63+1 -> 6 | T63: =S63+1 -> 7 | U63: =T63+1 -> 8 | V63: =U63+1 -> 9 | ... AK63: =AJ63+1 -> 24
C64: 5 | D64: =F64&"_"&G64&"_"&J64&"_"&H64&"_"&$D$1 -> PREPARE_EAST_K_2_15 | E64: SUPPLY | F64: PREPARE | G64: EAST | H64: 2 | I64: 2 | J64: K | L64: =COUNT(N64:AQ64) -> 26 | N64: 1 | O64: =N64+1 -> 2 | P64: =O64+1 -> 3 | Q64: =P64+1 -> 4 | R64: =Q64+1 -> 5 | S64: =R64+1 -> 6 | T64: =S64+1 -> 7 | U64: =T64+1 -> 8 | V64: =U64+1 -> 9 | ... AM64: =AL64+1 -> 26
C65: 6 | D65: =F65&"_"&G65&"_"&J65&"_"&H65&"_"&$D$1 -> COUNTDOWN_EAST_K_2_15 | F65: COUNTDOWN | G65: EAST | H65: 2 | I65: 2 | J65: K
B66: 8 | C66: 1 | D66: =F66&"_"&G66&"_"&J66&"_"&H66&"_"&$D$1 -> SORTING_WEST_H_1_15 | E66: UNLOAD | F66: SORTING | G66: WEST | H66: 1 | I66: 1 | J66: H | L66: =COUNT(W66:AQ66) -> 0 | M66: DIRECT
B67: 8 | C67: 2 | D67: =F67&"_"&G67&"_"&J67&"_"&H67&"_"&$D$1 -> TRANSFER_WEST_H_1_15 | E67: TRANSFER | F67: TRANSFER | G67: WEST | H67: 1 | I67: 1 | J67: H | L67: =COUNT(W67:AQ67) -> 1 | M67: DIRECT | W67: 1
B68: 8 | C68: 3 | D68: =F68&"_"&G68&"_"&J68&"_"&H68&"_"&$D$1 -> SUPPLY_WEST_H_1_15 | E68: SUPPLY | F68: SUPPLY | G68: WEST | H68: 1 | I68: 1 | J68: H | L68: =COUNT(AC68:BF68) -> 0 | M68: DIRECT
B69: =B68 -> 8 | C69: 4 | D69: =F69&"_"&G69&"_"&J69&"_"&H69&"_"&$D$1 -> EMPTY_WEST_H_1_15 | E69: SUPPLY | F69: EMPTY | G69: WEST | H69: 1 | I69: 1 | J69: H | L69: =COUNT(N69:AQ69) -> 11 | M69: DIRECT | N69: 1 | O69: =N69+1 -> 2 | P69: =O69+1 -> 3 | Q69: =P69+1 -> 4 | R69: =Q69+1 -> 5 | S69: =R69+1 -> 6 | T69: =S69+1 -> 7 | U69: =T69+1 -> 8 | V69: =U69+1 -> 9 | ... X69: =W69+1 -> 11
B70: 8 | C70: 5 | D70: =F70&"_"&G70&"_"&J70&"_"&H70&"_"&$D$1 -> PREPARE_WEST_H_1_15 | E70: SUPPLY | F70: PREPARE | G70: WEST | H70: 1 | I70: 1 | J70: H | L70: =COUNT(N70:AQ70) -> 13 | M70: DIRECT | N70: 1 | O70: =N70+1 -> 2 | P70: =O70+1 -> 3 | Q70: =P70+1 -> 4 | R70: =Q70+1 -> 5 | S70: =R70+1 -> 6 | T70: =S70+1 -> 7 | U70: =T70+1 -> 8 | V70: =U70+1 -> 9 | ... Z70: =Y70+1 -> 13
B71: =B69 -> 8 | C71: 6 | D71: =F71&"_"&G71&"_"&J71&"_"&H71&"_"&$D$1 -> COUNTDOWN_WEST_H_1_15 | F71: COUNTDOWN | G71: WEST | H71: 1 | I71: 1 | J71: H | M71: DIRECT | N71: 15 | O71: 14 | P71: 13 | Q71: 12 | R71: 11 | S71: 10 | T71: 9 | U71: 8 | V71: 7 | W71: 6 | X71: 5 | Y71: 4 | Z71: 3 | AA71: 2 | AB71: 1 | AC71: 15 | AD71: 14 | AE71: 13 | AF71: 12 | AG71: 11 | AH71: 10 | AI71: 9 | AJ71: 8 | AK71: 7 | AL71: 6 | AM71: 5 | AN71: 4 | AO71: 3 | AP71: 2 | AQ71: 1 | AR71: 15 | AS71: 14 | AT71: 13 | AU71: 12 | AV71: 11 | AW71: 10 | AX71: 9 | AY71: 8 | AZ71: 7 | BA71: 6 | BB71: 5 | BC71: 4 | BD71: 3 | BE71: 2 | BF71: 1 | BG71: 15 | BH71: 14 | BI71: 13 | BJ71: 12 | BK71: 11 | BL71: 10 | BM71: 9 | BN71: 8 | BO71: 7 | BP71: 6 | BQ71: 5 | BR71: 4 | BS71: 3 | BT71: 2 | BU71: 1 | BV71: 15 | BW71: 14 | BX71: 13 | BY71: 12 | BZ71: 11 | CA71: 10 | CB71: 9 | CC71: 8 | CD71: 7 | CE71: 6 | CF71: 5 | CG71: 4 | CH71: 3 | CI71: 2 | CJ71: 1
B72: 9 | C72: 1 | D72: =F72&"_"&G72&"_"&J72&"_"&H72&"_"&$D$1 -> SORTING_WEST_P_2_15 | E72: UNLOAD | F72: SORTING | G72: WEST | H72: 2 | I72: 2 | J72: P | L72: =COUNT(W72:AQ72) -> 1 | W72: 1
B73: 9 | C73: 2 | D73: =F73&"_"&G73&"_"&J73&"_"&H73&"_"&$D$1 -> TRANSFER_WEST_P_2_15 | E73: TRANSFER | F73: TRANSFER | G73: WEST | H73: 2 | I73: 2 | J73: P | L73: =COUNT(W73:AQ73) -> 3 | W73: 1 | X73: =W73+1 -> 2 | Y73: =X73+1 -> 3
B74: 9 | C74: 3 | D74: =F74&"_"&G74&"_"&J74&"_"&H74&"_"&$D$1 -> SUPPLY_WEST_P_2_15 | E74: SUPPLY | F74: SUPPLY | G74: WEST | H74: 2 | I74: 2 | J74: P | L74: =COUNT(AC74:BF74) -> 2 | AC74: 1 | AD74: =AC74+1 -> 2
B75: =B74 -> 9 | C75: 4 | D75: =F75&"_"&G75&"_"&J75&"_"&H75&"_"&$D$1 -> EMPTY_WEST_P_2_15 | E75: SUPPLY | F75: EMPTY | G75: WEST | H75: 2 | I75: 2 | J75: P | L75: =COUNT(N75:AQ75) -> 13 | N75: 1 | O75: =N75+1 -> 2 | P75: =O75+1 -> 3 | Q75: =P75+1 -> 4 | R75: =Q75+1 -> 5 | S75: =R75+1 -> 6 | T75: =S75+1 -> 7 | U75: =T75+1 -> 8 | V75: =U75+1 -> 9 | ... Z75: =Y75+1 -> 13
B76: 9 | C76: 5 | D76: =F76&"_"&G76&"_"&J76&"_"&H76&"_"&$D$1 -> PREPARE_WEST_P_2_15 | E76: SUPPLY | F76: PREPARE | G76: WEST | H76: 2 | I76: 2 | J76: P | L76: =COUNT(N76:AQ76) -> 15 | N76: 1 | O76: =N76+1 -> 2 | P76: =O76+1 -> 3 | Q76: =P76+1 -> 4 | R76: =Q76+1 -> 5 | S76: =R76+1 -> 6 | T76: =S76+1 -> 7 | U76: =T76+1 -> 8 | V76: =U76+1 -> 9 | ... AB76: =AA76+1 -> 15
B77: =B75 -> 9 | C77: 6 | D77: =F77&"_"&G77&"_"&J77&"_"&H77&"_"&$D$1 -> COUNTDOWN_WEST_P_2_15 | F77: COUNTDOWN | G77: WEST | H77: 2 | I77: 2 | J77: P | N77: 1 | O77: 15 | P77: 14 | Q77: 13 | R77: 12 | S77: 11 | T77: 10 | U77: 9 | V77: 8 | W77: 7 | X77: 6 | Y77: 5 | Z77: 4 | AA77: 3 | AB77: 2 | AC77: 1 | AD77: 15 | AE77: 14 | AF77: 13 | AG77: 12 | AH77: 11 | AI77: 10 | AJ77: 9 | AK77: 8 | AL77: 7 | AM77: 6 | AN77: 5 | AO77: 4 | AP77: 3 | AQ77: 2 | AR77: 1 | AS77: 15 | AT77: 14 | AU77: 13 | AV77: 12 | AW77: 11 | AX77: 10 | AY77: 9 | AZ77: 8 | BA77: 7 | BB77: 6 | BC77: 5 | BD77: 4 | BE77: 3 | BF77: 2 | BG77: 1 | BH77: 15 | BI77: 14 | BJ77: 13 | BK77: 12 | BL77: 11 | BM77: 10 | BN77: 9 | BO77: 8 | BP77: 7 | BQ77: 6 | BR77: 5 | BS77: 4 | BT77: 3 | BU77: 2 | BV77: 1 | BW77: 15 | BX77: 14 | BY77: 13 | BZ77: 12 | CA77: 11 | CB77: 10 | CC77: 9 | CD77: 8 | CE77: 7 | CF77: 6 | CG77: 5 | CH77: 4 | CI77: 3 | CJ77: 2
A78: G | B78: 10 | C78: 1 | D78: =F78&"_"&G78&"_"&J78&"_"&H78&"_"&$D$1 -> SORTING_WEST_O_1_15 | E78: UNLOAD | F78: SORTING | G78: WEST | H78: 1 | I78: 1 | J78: O | L78: =COUNT(W78:AQ78) -> 3 | M78: DIRECT | W78: 1 | X78: =W78+1 -> 2 | Y78: =X78+1 -> 3
A79: G | B79: 10 | C79: 2 | D79: =F79&"_"&G79&"_"&J79&"_"&H79&"_"&$D$1 -> TRANSFER_WEST_O_1_15 | E79: TRANSFER | F79: TRANSFER | G79: WEST | H79: 1 | I79: 1 | J79: O | L79: =COUNT(W79:AQ79) -> 5 | M79: DIRECT | W79: 1 | X79: =W79+1 -> 2 | Y79: =X79+1 -> 3 | Z79: =Y79+1 -> 4 | AA79: =Z79+1 -> 5
A80: G | B80: 10 | C80: 3 | D80: =F80&"_"&G80&"_"&J80&"_"&H80&"_"&$D$1 -> SUPPLY_WEST_O_1_15 | E80: SUPPLY | F80: SUPPLY | G80: WEST | H80: 1 | I80: 1 | J80: O | L80: =COUNT(AC80:BF80) -> 4 | M80: DIRECT | AC80: 1 | AD80: =AC80+1 -> 2 | AE80: =AD80+1 -> 3 | AF80: =AE80+1 -> 4
A81: G | B81: =B80 -> 10 | C81: 4 | D81: =F81&"_"&G81&"_"&J81&"_"&H81&"_"&$D$1 -> EMPTY_WEST_O_1_15 | E81: SUPPLY | F81: EMPTY | G81: WEST | H81: 1 | I81: 1 | J81: O | L81: =COUNT(N81:AQ81) -> 15 | M81: DIRECT | N81: 1 | O81: =N81+1 -> 2 | P81: =O81+1 -> 3 | Q81: =P81+1 -> 4 | R81: =Q81+1 -> 5 | S81: =R81+1 -> 6 | T81: =S81+1 -> 7 | U81: =T81+1 -> 8 | V81: =U81+1 -> 9 | ... AB81: =AA81+1 -> 15
A82: G | B82: 10 | C82: 5 | D82: =F82&"_"&G82&"_"&J82&"_"&H82&"_"&$D$1 -> PREPARE_WEST_O_1_15 | E82: SUPPLY | F82: PREPARE | G82: WEST | H82: 1 | I82: 1 | J82: O | L82: =COUNT(N82:AQ82) -> 17 | M82: DIRECT | N82: 1 | O82: =N82+1 -> 2 | P82: =O82+1 -> 3 | Q82: =P82+1 -> 4 | R82: =Q82+1 -> 5 | S82: =R82+1 -> 6 | T82: =S82+1 -> 7 | U82: =T82+1 -> 8 | V82: =U82+1 -> 9 | ... AD82: =AC82+1 -> 17
A83: G | B83: =B81 -> 10 | C83: 6 | D83: =F83&"_"&G83&"_"&J83&"_"&H83&"_"&$D$1 -> COUNTDOWN_WEST_O_1_15 | F83: COUNTDOWN | G83: WEST | H83: 1 | I83: 1 | J83: O | M83: DIRECT | N83: 3 | O83: 2 | P83: 1 | Q83: 15 | R83: 14 | S83: 13 | T83: 12 | U83: 11 | V83: 10 | W83: 9 | X83: 8 | Y83: 7 | Z83: 6 | AA83: 5 | AB83: 4 | AC83: 3 | AD83: 2 | AE83: 1 | AF83: 15 | AG83: 14 | AH83: 13 | AI83: 12 | AJ83: 11 | AK83: 10 | AL83: 9 | AM83: 8 | AN83: 7 | AO83: 6 | AP83: 5 | AQ83: 4 | AR83: 3 | AS83: 2 | AT83: 1 | AU83: 15 | AV83: 14 | AW83: 13 | AX83: 12 | AY83: 11 | AZ83: 10 | BA83: 9 | BB83: 8 | BC83: 7 | BD83: 6 | BE83: 5 | BF83: 4 | BG83: 3 | BH83: 2 | BI83: 1 | BJ83: 15 | BK83: 14 | BL83: 13 | BM83: 12 | BN83: 11 | BO83: 10 | BP83: 9 | BQ83: 8 | BR83: 7 | BS83: 6 | BT83: 5 | BU83: 4 | BV83: 3 | BW83: 2 | BX83: 1 | BY83: 15 | BZ83: 14 | CA83: 13 | CB83: 12 | CC83: 11 | CD83: 10 | CE83: 9 | CF83: 8 | CG83: 7 | CH83: 6 | CI83: 5 | CJ83: 4
B84: 11 | C84: 1 | D84: =F84&"_"&G84&"_"&J84&"_"&H84&"_"&$D$1 -> SORTING_WEST_L_2_15 | E84: UNLOAD | F84: SORTING | G84: WEST | H84: 2 | I84: 2 | J84: L | L84: =COUNT(W84:AQ84) -> 5 | M84: DIRECT | W84: 1 | X84: =W84+1 -> 2 | Y84: =X84+1 -> 3 | Z84: =Y84+1 -> 4 | AA84: =Z84+1 -> 5
B85: 11 | C85: 2 | D85: =F85&"_"&G85&"_"&J85&"_"&H85&"_"&$D$1 -> TRANSFER_WEST_L_2_15 | E85: TRANSFER | F85: TRANSFER | G85: WEST | H85: 2 | I85: 2 | J85: L | L85: =COUNT(W85:AQ85) -> 7 | M85: DIRECT | W85: 1 | X85: =W85+1 -> 2 | Y85: =X85+1 -> 3 | Z85: =Y85+1 -> 4 | AA85: =Z85+1 -> 5 | AB85: =AA85+1 -> 6 | AC85: =AB85+1 -> 7
B86: 11 | C86: 3 | D86: =F86&"_"&G86&"_"&J86&"_"&H86&"_"&$D$1 -> SUPPLY_WEST_L_2_15 | E86: SUPPLY | F86: SUPPLY | G86: WEST | H86: 2 | I86: 2 | J86: L | L86: =COUNT(AC86:BF86) -> 6 | M86: DIRECT | AC86: 1 | AD86: =AC86+1 -> 2 | AE86: =AD86+1 -> 3 | AF86: =AE86+1 -> 4 | AG86: =AF86+1 -> 5 | AH86: =AG86+1 -> 6
B87: =B86 -> 11 | C87: 4 | D87: =F87&"_"&G87&"_"&J87&"_"&H87&"_"&$D$1 -> EMPTY_WEST_L_2_15 | E87: SUPPLY | F87: EMPTY | G87: WEST | H87: 2 | I87: 2 | J87: L | L87: =COUNT(N87:AQ87) -> 17 | M87: DIRECT | N87: 1 | O87: =N87+1 -> 2 | P87: =O87+1 -> 3 | Q87: =P87+1 -> 4 | R87: =Q87+1 -> 5 | S87: =R87+1 -> 6 | T87: =S87+1 -> 7 | U87: =T87+1 -> 8 | V87: =U87+1 -> 9 | ... AD87: =AC87+1 -> 17
B88: 11 | C88: 5 | D88: =F88&"_"&G88&"_"&J88&"_"&H88&"_"&$D$1 -> PREPARE_WEST_L_2_15 | E88: SUPPLY | F88: PREPARE | G88: WEST | H88: 2 | I88: 2 | J88: L | L88: =COUNT(N88:AQ88) -> 19 | M88: DIRECT | N88: 1 | O88: =N88+1 -> 2 | P88: =O88+1 -> 3 | Q88: =P88+1 -> 4 | R88: =Q88+1 -> 5 | S88: =R88+1 -> 6 | T88: =S88+1 -> 7 | U88: =T88+1 -> 8 | V88: =U88+1 -> 9 | ... AF88: =AE88+1 -> 19
B89: =B87 -> 11 | C89: 6 | D89: =F89&"_"&G89&"_"&J89&"_"&H89&"_"&$D$1 -> COUNTDOWN_WEST_L_2_15 | F89: COUNTDOWN | G89: WEST | H89: 2 | I89: 2 | J89: L | M89: DIRECT | N89: 4 | O89: 3 | P89: 2 | Q89: 1 | R89: 15 | S89: 14 | T89: 13 | U89: 12 | V89: 11 | W89: 10 | X89: 9 | Y89: 8 | Z89: 7 | AA89: 6 | AB89: 5 | AC89: 4 | AD89: 3 | AE89: 2 | AF89: 1 | AG89: 15 | AH89: 14 | AI89: 13 | AJ89: 12 | AK89: 11 | AL89: 10 | AM89: 9 | AN89: 8 | AO89: 7 | AP89: 6 | AQ89: 5 | AR89: 4 | AS89: 3 | AT89: 2 | AU89: 1 | AV89: 15 | AW89: 14 | AX89: 13 | AY89: 12 | AZ89: 11 | BA89: 10 | BB89: 9 | BC89: 8 | BD89: 7 | BE89: 6 | BF89: 5 | BG89: 4 | BH89: 3 | BI89: 2 | BJ89: 1 | BK89: 15 | BL89: 14 | BM89: 13 | BN89: 12 | BO89: 11 | BP89: 10 | BQ89: 9 | BR89: 8 | BS89: 7 | BT89: 6 | BU89: 5 | BV89: 4 | BW89: 3 | BX89: 2 | BY89: 1 | BZ89: 15 | CA89: 14 | CB89: 13 | CC89: 12 | CD89: 11 | CE89: 10 | CF89: 9 | CG89: 8 | CH89: 7 | CI89: 6 | CJ89: 5
B90: 14 | C90: 1 | D90: =F90&"_"&G90&"_"&J90&"_"&H90&"_"&$D$1 -> SORTING_WEST_N_1_15 | E90: UNLOAD | F90: SORTING | G90: WEST | H90: 1 | I90: 1 | J90: N | L90: =COUNT(W90:AQ90) -> 7 | W90: 1 | X90: =W90+1 -> 2 | Y90: =X90+1 -> 3 | Z90: =Y90+1 -> 4 | AA90: =Z90+1 -> 5 | AB90: =AA90+1 -> 6 | AC90: =AB90+1 -> 7
B91: 14 | C91: 2 | D91: =F91&"_"&G91&"_"&J91&"_"&H91&"_"&$D$1 -> TRANSFER_WEST_N_1_15 | E91: TRANSFER | F91: TRANSFER | G91: WEST | H91: 1 | I91: 1 | J91: N | L91: =COUNT(W91:AQ91) -> 9 | W91: 1 | X91: =W91+1 -> 2 | Y91: =X91+1 -> 3 | Z91: =Y91+1 -> 4 | AA91: =Z91+1 -> 5 | AB91: =AA91+1 -> 6 | AC91: =AB91+1 -> 7 | AD91: =AC91+1 -> 8 | AE91: =AD91+1 -> 9
B92: 14 | C92: 3 | D92: =F92&"_"&G92&"_"&J92&"_"&H92&"_"&$D$1 -> SUPPLY_WEST_N_1_15 | E92: SUPPLY | F92: SUPPLY | G92: WEST | H92: 1 | I92: 1 | J92: N | L92: =COUNT(AC92:BF92) -> 7 | AC92: 1 | AD92: =AC92+1 -> 2 | AE92: =AD92+1 -> 3 | AF92: =AE92+1 -> 4 | AG92: =AF92+1 -> 5 | AH92: =AG92+1 -> 6 | AI92: =AH92+1 -> 7
B93: =B92 -> 14 | C93: 4 | D93: =F93&"_"&G93&"_"&J93&"_"&H93&"_"&$D$1 -> EMPTY_WEST_N_1_15 | E93: SUPPLY | F93: EMPTY | G93: WEST | H93: 1 | I93: 1 | J93: N | L93: =COUNT(N93:AQ93) -> 19 | N93: 1 | O93: =N93+1 -> 2 | P93: =O93+1 -> 3 | Q93: =P93+1 -> 4 | R93: =Q93+1 -> 5 | S93: =R93+1 -> 6 | T93: =S93+1 -> 7 | U93: =T93+1 -> 8 | V93: =U93+1 -> 9 | ... AF93: =AE93+1 -> 19
B94: 14 | C94: 5 | D94: =F94&"_"&G94&"_"&J94&"_"&H94&"_"&$D$1 -> PREPARE_WEST_N_1_15 | E94: SUPPLY | F94: PREPARE | G94: WEST | H94: 1 | I94: 1 | J94: N | L94: =COUNT(N94:AQ94) -> 20 | N94: 1 | O94: =N94+1 -> 2 | P94: =O94+1 -> 3 | Q94: =P94+1 -> 4 | R94: =Q94+1 -> 5 | S94: =R94+1 -> 6 | T94: =S94+1 -> 7 | U94: =T94+1 -> 8 | V94: =U94+1 -> 9 | ... AG94: =AF94+1 -> 20
B95: =B93 -> 14 | C95: 6 | D95: =F95&"_"&G95&"_"&J95&"_"&H95&"_"&$D$1 -> COUNTDOWN_WEST_N_1_15 | F95: COUNTDOWN | G95: WEST | H95: 1 | I95: 1 | J95: N | N95: 7 | O95: 6 | P95: 5 | Q95: 4 | R95: 3 | S95: 2 | T95: 1 | U95: 15 | V95: 14 | W95: 13 | X95: 12 | Y95: 11 | Z95: 10 | AA95: 9 | AB95: 8 | AC95: 7 | AD95: 6 | AE95: 5 | AF95: 4 | AG95: 3 | AH95: 2 | AI95: 1 | AJ95: 15 | AK95: 14 | AL95: 13 | AM95: 12 | AN95: 11 | AO95: 10 | AP95: 9 | AQ95: 8 | AR95: 7 | AS95: 6 | AT95: 5 | AU95: 4 | AV95: 3 | AW95: 2 | AX95: 1 | AY95: 15 | AZ95: 14 | BA95: 13 | BB95: 12 | BC95: 11 | BD95: 10 | BE95: 9 | BF95: 8 | BG95: 7 | BH95: 6 | BI95: 5 | BJ95: 4 | BK95: 3 | BL95: 2 | BM95: 1 | BN95: 15 | BO95: 14 | BP95: 13 | BQ95: 12 | BR95: 11 | BS95: 10 | BT95: 9 | BU95: 8 | BV95: 7 | BW95: 6 | BX95: 5 | BY95: 4 | BZ95: 3 | CA95: 2 | CB95: 1 | CC95: 15 | CD95: 14 | CE95: 13 | CF95: 12 | CG95: 11 | CH95: 10 | CI95: 9 | CJ95: 8
C96: 1 | D96: =F96&"_"&G96&"_"&J96&"_"&H96&"_"&$D$1 -> SORTING_WEST_J_2_15 | E96: UNLOAD | F96: SORTING | G96: WEST | H96: 2 | I96: 2 | J96: J | L96: =COUNT(W96:AQ96) -> 9 | W96: 1 | X96: =W96+1 -> 2 | Y96: =X96+1 -> 3 | Z96: =Y96+1 -> 4 | AA96: =Z96+1 -> 5 | AB96: =AA96+1 -> 6 | AC96: =AB96+1 -> 7 | AD96: =AC96+1 -> 8 | AE96: =AD96+1 -> 9
C97: 2 | D97: =F97&"_"&G97&"_"&J97&"_"&H97&"_"&$D$1 -> TRANSFER_WEST_J_2_15 | E97: TRANSFER | F97: TRANSFER | G97: WEST | H97: 2 | I97: 2 | J97: J | L97: =COUNT(W97:AQ97) -> 10 | W97: 1 | X97: =W97+1 -> 2 | Y97: =X97+1 -> 3 | Z97: =Y97+1 -> 4 | AA97: =Z97+1 -> 5 | AB97: =AA97+1 -> 6 | AC97: =AB97+1 -> 7 | AD97: =AC97+1 -> 8 | AE97: =AD97+1 -> 9 | AF97: =AE97+1 -> 10
C98: 3 | D98: =F98&"_"&G98&"_"&J98&"_"&H98&"_"&$D$1 -> SUPPLY_WEST_J_2_15 | E98: SUPPLY | F98: SUPPLY | G98: WEST | H98: 2 | I98: 2 | J98: J | L98: =COUNT(AC98:BF98) -> 8 | AC98: 1 | AD98: =AC98+1 -> 2 | AE98: =AD98+1 -> 3 | AF98: =AE98+1 -> 4 | AG98: =AF98+1 -> 5 | AH98: =AG98+1 -> 6 | AI98: =AH98+1 -> 7 | AJ98: =AI98+1 -> 8
C99: 4 | D99: =F99&"_"&G99&"_"&J99&"_"&H99&"_"&$D$1 -> EMPTY_WEST_J_2_15 | E99: SUPPLY | F99: EMPTY | G99: WEST | H99: 2 | I99: 2 | J99: J | L99: =COUNT(N99:AQ99) -> 21 | N99: 1 | O99: =N99+1 -> 2 | P99: =O99+1 -> 3 | Q99: =P99+1 -> 4 | R99: =Q99+1 -> 5 | S99: =R99+1 -> 6 | T99: =S99+1 -> 7 | U99: =T99+1 -> 8 | V99: =U99+1 -> 9 | ... AH99: =AG99+1 -> 21
C100: 5 | D100: =F100&"_"&G100&"_"&J100&"_"&H100&"_"&$D$1 -> PREPARE_WEST_J_2_15 | E100: SUPPLY | F100: PREPARE | G100: WEST | H100: 2 | I100: 2 | J100: J | L100: =COUNT(N100:AQ100) -> 22 | N100: 1 | O100: =N100+1 -> 2 | P100: =O100+1 -> 3 | Q100: =P100+1 -> 4 | R100: =Q100+1 -> 5 | S100: =R100+1 -> 6 | T100: =S100+1 -> 7 | U100: =T100+1 -> 8 | V100: =U100+1 -> 9 | ... AI100: =AH100+1 -> 22
...

Sheet 16
B1: COUNT DOWN : | D1: 16 | E1: 2 Route Ketemu
AB2: PICS
B3: NO SEQ | C3: NO PROCESS | E3: MAIN JOB | F3: PROCESS NAME | G3: ZONE | H3: LANE | I3: ROUTE | J3: OFFSET 1 | K3: OFFSET 2 | L3: GROUP | M3: 9 | AC3: 8
K4: 16 | M4: 16 | N4: 15 | O4: 14 | P4: 13 | Q4: 12 | R4: 11 | S4: 10 | T4: 9 | U4: 8 | V4: 7 | W4: 6 | X4: 5 | Y4: 4 | Z4: 3 | AA4: 2 | AB4: 1 | AC4: 16 | AD4: 15 | AE4: 14 | AF4: 13 | AG4: 12 | AH4: 11 | AI4: 10 | AJ4: 9 | AK4: 8 | AL4: 7 | AM4: 6 | AN4: 5 | AO4: 4 | AP4: 3 | AQ4: 2 | AR4: 1 | AS4: 16 | AT4: 15 | AU4: 14 | AV4: 13 | AW4: 12 | AX4: 11 | AY4: 10 | AZ4: 9 | BA4: 8 | BB4: 7 | BC4: 6 | BD4: 5 | BE4: 4 | BF4: 3 | BG4: 2 | BH4: 1 | BI4: 16 | BJ4: 15 | BK4: 14 | BL4: 13 | BM4: 12 | BN4: 11 | BO4: 10 | BP4: 9 | BQ4: 8 | BR4: 7 | BS4: 6 | BT4: 5 | BU4: 4 | BV4: 3 | BW4: 2 | BX4: 1 | BY4: 16 | BZ4: 15 | CA4: 14 | CB4: 13 | CC4: 12 | CD4: 11 | CE4: 10 | CF4: 9 | CG4: 8 | CH4: 7 | CI4: 6 | CJ4: 5 | CK4: 4 | CL4: 3 | CM4: 2 | CN4: 1
B5: 0 | C5: 0 | F5: UNLOAD P LANE | K5: 6 | M5: 10 | N5: 9 | O5: 8 | P5: 7 | Q5: 6 | R5: 5 | S5: 4 | T5: 3 | U5: 2 | V5: 1 | W5: 16 | X5: 15 | Y5: 14 | Z5: 13 | AA5: 12 | AB5: 11 | AC5: 10 | AD5: 9 | AE5: 8 | AF5: 7 | AG5: 6 | AH5: 5 | AI5: 4 | AJ5: 3 | AK5: 2 | AL5: 1 | AM5: 16 | AN5: 15 | AO5: 14 | AP5: 13 | AQ5: 12 | AR5: 11 | AS5: 10 | AT5: 9 | AU5: 8 | AV5: 7 | AW5: 6 | AX5: 5 | AY5: 4 | AZ5: 3 | BA5: 2 | BB5: 1 | BC5: 16 | BD5: 15 | BE5: 14 | BF5: 13 | BG5: 12 | BH5: 11 | BI5: 10 | BJ5: 9 | BK5: 8 | BL5: 7 | BM5: 6 | BN5: 5 | BO5: 4 | BP5: 3 | BQ5: 2 | BR5: 1 | BS5: 16 | BT5: 15 | BU5: 14 | BV5: 13 | BW5: 12 | BX5: 11 | BY5: 10 | BZ5: 9 | CA5: 8 | CB5: 7 | CC5: 6 | CD5: 5 | CE5: 4 | CF5: 3 | CG5: 2 | CH5: 1 | CI5: 16 | CJ5: 15 | CK5: 14 | CL5: 13 | CM5: 12 | CN5: 11
B6: 1 | C6: 1 | D6: =F6&"_"&G6&"_"&I6&"_"&H6&"_"&$D$1 -> SORTING_EAST_UNP_1_16 | E6: UNLOAD | F6: SORTING | G6: EAST | H6: 1 | I6: UNP | K6: =COUNT(W6:AR6) -> 0 | L6: DIRECT
B7: 1 | C7: 2 | D7: =F7&"_"&G7&"_"&I7&"_"&H7&"_"&$D$1 -> TRANSFER_EAST_UNP_1_16 | E7: TRANSFER | F7: TRANSFER | G7: EAST | H7: 1 | I7: UNP | K7: =COUNT(W7:AR7) -> 1 | L7: DIRECT | W7: 1
B8: 1 | C8: 3 | D8: =F8&"_"&G8&"_"&I8&"_"&H8&"_"&$D$1 -> SUPPLY_EAST_UNP_1_16 | E8: SUPPLY | F8: SUPPLY | G8: EAST | H8: 1 | I8: UNP | K8: =COUNT(AC8:BH8) -> 0 | L8: DIRECT
B9: =B8 -> 1 | C9: 4 | D9: =F9&"_"&G9&"_"&I9&"_"&H9&"_"&$D$1 -> EMPTY_EAST_UNP_1_16 | E9: SUPPLY | F9: EMPTY | G9: EAST | H9: 1 | I9: UNP | K9: =COUNT(M9:AR9) -> 12 | L9: DIRECT | M9: 1 | N9: =M9+1 -> 2 | O9: =N9+1 -> 3 | P9: =O9+1 -> 4 | Q9: =P9+1 -> 5 | R9: =Q9+1 -> 6 | S9: =R9+1 -> 7 | T9: =S9+1 -> 8 | U9: =T9+1 -> 9 | ... X9: =W9+1 -> 12
B10: 1 | C10: 5 | D10: =F10&"_"&G10&"_"&I10&"_"&H10&"_"&$D$1 -> PREPARE_EAST_UNP_1_16 | E10: SUPPLY | F10: PREPARE | G10: EAST | H10: 1 | I10: UNP | K10: =COUNT(M10:AR10) -> 14 | L10: DIRECT | M10: 1 | N10: =M10+1 -> 2 | O10: =N10+1 -> 3 | P10: =O10+1 -> 4 | Q10: =P10+1 -> 5 | R10: =Q10+1 -> 6 | S10: =R10+1 -> 7 | T10: =S10+1 -> 8 | U10: =T10+1 -> 9 | ... Z10: =Y10+1 -> 14
B11: =B9 -> 1 | C11: 6 | D11: =F11&"_"&G11&"_"&I11&"_"&H11&"_"&$D$1 -> COUNTDOWN_EAST_UNP_1_16 | F11: COUNTDOWN | G11: EAST | H11: 1 | I11: UNP | L11: DIRECT | M11: 16 | N11: 15 | O11: 14 | P11: 13 | Q11: 12 | R11: 11 | S11: 10 | T11: 9 | U11: 8 | V11: 7 | W11: 6 | X11: 5 | Y11: 4 | Z11: 3 | AA11: 2 | AB11: 1 | AC11: 16 | AD11: 15 | AE11: 14 | AF11: 13 | AG11: 12 | AH11: 11 | AI11: 10 | AJ11: 9 | AK11: 8 | AL11: 7 | AM11: 6 | AN11: 5 | AO11: 4 | AP11: 3 | AQ11: 2 | AR11: 1 | AS11: 16 | AT11: 15 | AU11: 14 | AV11: 13 | AW11: 12 | AX11: 11 | AY11: 10 | AZ11: 9 | BA11: 8 | BB11: 7 | BC11: 6 | BD11: 5 | BE11: 4 | BF11: 3 | BG11: 2 | BH11: 1 | BI11: 16 | BJ11: 15 | BK11: 14 | BL11: 13 | BM11: 12 | BN11: 11 | BO11: 10 | BP11: 9 | BQ11: 8 | BR11: 7 | BS11: 6 | BT11: 5 | BU11: 4 | BV11: 3 | BW11: 2 | BX11: 1 | BY11: 16 | BZ11: 15 | CA11: 14 | CB11: 13 | CC11: 12 | CD11: 11 | CE11: 10 | CF11: 9 | CG11: 8 | CH11: 7 | CI11: 6 | CJ11: 5 | CK11: 4 | CL11: 3 | CM11: 2 | CN11: 1
B12: 2 | C12: 1 | D12: =F12&"_"&G12&"_"&I12&"_"&H12&"_"&$D$1 -> SORTING_EAST_A_2_16 | E12: UNLOAD | F12: SORTING | G12: EAST | H12: 2 | I12: A | K12: =COUNT(W12:AR12) -> 1 | W12: 1
B13: 2 | C13: 2 | D13: =F13&"_"&G13&"_"&I13&"_"&H13&"_"&$D$1 -> TRANSFER_EAST_A_2_16 | E13: TRANSFER | F13: TRANSFER | G13: EAST | H13: 2 | I13: A | K13: =COUNT(W13:AR13) -> 3 | W13: 1 | X13: =W13+1 -> 2 | Y13: =X13+1 -> 3
B14: 2 | C14: 3 | D14: =F14&"_"&G14&"_"&I14&"_"&H14&"_"&$D$1 -> SUPPLY_EAST_A_2_16 | E14: SUPPLY | F14: SUPPLY | G14: EAST | H14: 2 | I14: A | K14: =COUNT(AC14:BH14) -> 1 | AC14: 1
B15: =B14 -> 2 | C15: 4 | D15: =F15&"_"&G15&"_"&I15&"_"&H15&"_"&$D$1 -> EMPTY_EAST_A_2_16 | E15: SUPPLY | F15: EMPTY | G15: EAST | H15: 2 | I15: A | K15: =COUNT(M15:AR15) -> 13 | M15: 1 | N15: =M15+1 -> 2 | O15: =N15+1 -> 3 | P15: =O15+1 -> 4 | Q15: =P15+1 -> 5 | R15: =Q15+1 -> 6 | S15: =R15+1 -> 7 | T15: =S15+1 -> 8 | U15: =T15+1 -> 9 | ... Y15: =X15+1 -> 13
B16: 2 | C16: 5 | D16: =F16&"_"&G16&"_"&I16&"_"&H16&"_"&$D$1 -> PREPARE_EAST_A_2_16 | E16: SUPPLY | F16: PREPARE | G16: EAST | H16: 2 | I16: A | K16: =COUNT(M16:AR16) -> 15 | M16: 1 | N16: =M16+1 -> 2 | O16: =N16+1 -> 3 | P16: =O16+1 -> 4 | Q16: =P16+1 -> 5 | R16: =Q16+1 -> 6 | S16: =R16+1 -> 7 | T16: =S16+1 -> 8 | U16: =T16+1 -> 9 | ... AA16: =Z16+1 -> 15
B17: =B15 -> 2 | C17: 6 | D17: =F17&"_"&G17&"_"&I17&"_"&H17&"_"&$D$1 -> COUNTDOWN_EAST_A_2_16 | F17: COUNTDOWN | G17: EAST | H17: 2 | I17: A | M17: 1 | N17: 16 | O17: 15 | P17: 14 | Q17: 13 | R17: 12 | S17: 11 | T17: 10 | U17: 9 | V17: 8 | W17: 7 | X17: 6 | Y17: 5 | Z17: 4 | AA17: 3 | AB17: 2 | AC17: 1 | AD17: 16 | AE17: 15 | AF17: 14 | AG17: 13 | AH17: 12 | AI17: 11 | AJ17: 10 | AK17: 9 | AL17: 8 | AM17: 7 | AN17: 6 | AO17: 5 | AP17: 4 | AQ17: 3 | AR17: 2 | AS17: 1 | AT17: 16 | AU17: 15 | AV17: 14 | AW17: 13 | AX17: 12 | AY17: 11 | AZ17: 10 | BA17: 9 | BB17: 8 | BC17: 7 | BD17: 6 | BE17: 5 | BF17: 4 | BG17: 3 | BH17: 2 | BI17: 1 | BJ17: 16 | BK17: 15 | BL17: 14 | BM17: 13 | BN17: 12 | BO17: 11 | BP17: 10 | BQ17: 9 | BR17: 8 | BS17: 7 | BT17: 6 | BU17: 5 | BV17: 4 | BW17: 3 | BX17: 2 | BY17: 1 | BZ17: 16 | CA17: 15 | CB17: 14 | CC17: 13 | CD17: 12 | CE17: 11 | CF17: 10 | CG17: 9 | CH17: 8 | CI17: 7 | CJ17: 6 | CK17: 5 | CL17: 4 | CM17: 3 | CN17: 2
C18: 1 | D18: =F18&"_"&G18&"_"&I18&"_"&H18&"_"&$D$1 -> SORTING_EAST_C/U_1_16 | E18: UNLOAD | F18: SORTING | G18: EAST | H18: 1 | I18: C/U | K18: =COUNT(W18:AR18) -> 3 | W18: 1 | X18: =W18+1 -> 2 | Y18: =X18+1 -> 3
C19: 2 | D19: =F19&"_"&G19&"_"&I19&"_"&H19&"_"&$D$1 -> TRANSFER_EAST_C/U_1_16 | E19: TRANSFER | F19: TRANSFER | G19: EAST | H19: 1 | I19: C/U | K19: =COUNT(W19:AR19) -> 4 | W19: 1 | X19: =W19+1 -> 2 | Y19: =X19+1 -> 3 | Z19: =Y19+1 -> 4
C20: 3 | D20: =F20&"_"&G20&"_"&I20&"_"&H20&"_"&$D$1 -> SUPPLY_EAST_C/U_1_16 | E20: SUPPLY | F20: SUPPLY | G20: EAST | H20: 1 | I20: C/U | K20: =COUNT(AC20:BH20) -> 2 | AC20: 1 | AD20: 2
C21: 4 | D21: =F21&"_"&G21&"_"&I21&"_"&H21&"_"&$D$1 -> EMPTY_EAST_C/U_1_16 | E21: SUPPLY | F21: EMPTY | G21: EAST | H21: 1 | I21: C/U | K21: =COUNT(M21:AR21) -> 14 | M21: 1 | N21: =M21+1 -> 2 | O21: =N21+1 -> 3 | P21: =O21+1 -> 4 | Q21: =P21+1 -> 5 | R21: =Q21+1 -> 6 | S21: =R21+1 -> 7 | T21: =S21+1 -> 8 | U21: =T21+1 -> 9 | ... Z21: =Y21+1 -> 14
C22: 5 | D22: =F22&"_"&G22&"_"&I22&"_"&H22&"_"&$D$1 -> PREPARE_EAST_C/U_1_16 | E22: SUPPLY | F22: PREPARE | G22: EAST | H22: 1 | I22: C/U | K22: =COUNT(M22:AR22) -> 16 | M22: 1 | N22: =M22+1 -> 2 | O22: =N22+1 -> 3 | P22: =O22+1 -> 4 | Q22: =P22+1 -> 5 | R22: =Q22+1 -> 6 | S22: =R22+1 -> 7 | T22: =S22+1 -> 8 | U22: =T22+1 -> 9 | ... AB22: =AA22+1 -> 16
C23: 6 | D23: =F23&"_"&G23&"_"&I23&"_"&H23&"_"&$D$1 -> COUNTDOWN_EAST_C/U_1_16 | F23: COUNTDOWN | G23: EAST | H23: 1 | I23: C/U | M23: 1 | N23: 16 | O23: 15 | P23: 14 | Q23: 13 | R23: 12 | S23: 11 | T23: 10 | U23: 9 | V23: 8 | W23: 7 | X23: 6 | Y23: 5 | Z23: 4 | AA23: 3 | AB23: 2 | AC23: 1 | AD23: 16 | AE23: 15 | AF23: 14 | AG23: 13 | AH23: 12 | AI23: 11 | AJ23: 10 | AK23: 9 | AL23: 8 | AM23: 7 | AN23: 6 | AO23: 5 | AP23: 4 | AQ23: 3 | AR23: 2 | AS23: 1 | AT23: 16 | AU23: 15 | AV23: 14 | AW23: 13 | AX23: 12 | AY23: 11 | AZ23: 10 | BA23: 9 | BB23: 8 | BC23: 7 | BD23: 6 | BE23: 5 | BF23: 4 | BG23: 3 | BH23: 2 | BI23: 1 | BJ23: 16 | BK23: 15 | BL23: 14 | BM23: 13 | BN23: 12 | BO23: 11 | BP23: 10 | BQ23: 9 | BR23: 8 | BS23: 7 | BT23: 6 | BU23: 5 | BV23: 4 | BW23: 3 | BX23: 2 | BY23: 1 | BZ23: 16 | CA23: 15 | CB23: 14 | CC23: 13 | CD23: 12 | CE23: 11 | CF23: 10 | CG23: 9 | CH23: 8 | CI23: 7 | CJ23: 6 | CK23: 5 | CL23: 4 | CM23: 3 | CN23: 2
A24: E | B24: 5 | C24: 1 | D24: =F24&"_"&G24&"_"&I24&"_"&H24&"_"&$D$1 -> SORTING_EAST_C_2_16 | E24: UNLOAD | F24: SORTING | G24: EAST | H24: 2 | I24: C | K24: =COUNT(W24:AR24) -> 4 | L24: DIRECT | W24: 1 | X24: =W24+1 -> 2 | Y24: =X24+1 -> 3 | Z24: =Y24+1 -> 4
A25: E | B25: 5 | C25: 2 | D25: =F25&"_"&G25&"_"&I25&"_"&H25&"_"&$D$1 -> TRANSFER_EAST_C_2_16 | E25: TRANSFER | F25: TRANSFER | G25: EAST | H25: 2 | I25: C | K25: =COUNT(W25:AR25) -> 5 | L25: DIRECT | W25: 1 | X25: =W25+1 -> 2 | Y25: =X25+1 -> 3 | Z25: =Y25+1 -> 4 | AA25: =Z25+1 -> 5
A26: E | B26: 5 | C26: 3 | D26: =F26&"_"&G26&"_"&I26&"_"&H26&"_"&$D$1 -> SUPPLY_EAST_C_2_16 | E26: SUPPLY | F26: SUPPLY | G26: EAST | H26: 2 | I26: C | K26: =COUNT(AC26:BH26) -> 3 | L26: DIRECT | AC26: 1 | AD26: =AC26+1 -> 2 | AE26: =AD26+1 -> 3
A27: E | B27: 5 | C27: 4 | D27: =F27&"_"&G27&"_"&I27&"_"&H27&"_"&$D$1 -> EMPTY_EAST_C_2_16 | E27: SUPPLY | F27: EMPTY | G27: EAST | H27: 2 | I27: C | K27: =COUNT(M27:AR27) -> 15 | L27: DIRECT | M27: 1 | N27: =M27+1 -> 2 | O27: =N27+1 -> 3 | P27: =O27+1 -> 4 | Q27: =P27+1 -> 5 | R27: =Q27+1 -> 6 | S27: =R27+1 -> 7 | T27: =S27+1 -> 8 | U27: =T27+1 -> 9 | ... AA27: =Z27+1 -> 15
A28: E | B28: 5 | C28: 5 | D28: =F28&"_"&G28&"_"&I28&"_"&H28&"_"&$D$1 -> PREPARE_EAST_C_2_16 | E28: SUPPLY | F28: PREPARE | G28: EAST | H28: 2 | I28: C | K28: =COUNT(M28:AR28) -> 17 | L28: DIRECT | M28: 1 | N28: =M28+1 -> 2 | O28: =N28+1 -> 3 | P28: =O28+1 -> 4 | Q28: =P28+1 -> 5 | R28: =Q28+1 -> 6 | S28: =R28+1 -> 7 | T28: =S28+1 -> 8 | U28: =T28+1 -> 9 | ... AC28: =AB28+1 -> 17
A29: E | B29: =B27 -> 5 | C29: 6 | D29: =F29&"_"&G29&"_"&I29&"_"&H29&"_"&$D$1 -> COUNTDOWN_EAST_C_2_16 | F29: COUNTDOWN | G29: EAST | H29: 2 | I29: C | L29: DIRECT | M29: 2 | N29: 1 | O29: 16 | P29: 15 | Q29: 14 | R29: 13 | S29: 12 | T29: 11 | U29: 10 | V29: 9 | W29: 8 | X29: 7 | Y29: 6 | Z29: 5 | AA29: 4 | AB29: 3 | AC29: 2 | AD29: 1 | AE29: 16 | AF29: 15 | AG29: 14 | AH29: 13 | AI29: 12 | AJ29: 11 | AK29: 10 | AL29: 9 | AM29: 8 | AN29: 7 | AO29: 6 | AP29: 5 | AQ29: 4 | AR29: 3 | AS29: 2 | AT29: 1 | AU29: 16 | AV29: 15 | AW29: 14 | AX29: 13 | AY29: 12 | AZ29: 11 | BA29: 10 | BB29: 9 | BC29: 8 | BD29: 7 | BE29: 6 | BF29: 5 | BG29: 4 | BH29: 3 | BI29: 2 | BJ29: 1 | BK29: 16 | BL29: 15 | BM29: 14 | BN29: 13 | BO29: 12 | BP29: 11 | BQ29: 10 | BR29: 9 | BS29: 8 | BT29: 7 | BU29: 6 | BV29: 5 | BW29: 4 | BX29: 3 | BY29: 2 | BZ29: 1 | CA29: 16 | CB29: 15 | CC29: 14 | CD29: 13 | CE29: 12 | CF29: 11 | CG29: 10 | CH29: 9 | CI29: 8 | CJ29: 7 | CK29: 6 | CL29: 5 | CM29: 4 | CN29: 3
B30: 6 | C30: 6 | D30: =F30&"_"&G30&"_"&I30&"_"&H30&"_"&$D$1 -> SORTING_EAST_I_1_16 | E30: UNLOAD | F30: SORTING | G30: EAST | H30: 1 | I30: I | K30: =COUNT(W30:AR30) -> 5 | L30: DIRECT | W30: 1 | X30: =W30+1 -> 2 | Y30: =X30+1 -> 3 | Z30: =Y30+1 -> 4 | AA30: =Z30+1 -> 5
B31: 6 | C31: 1 | D31: =F31&"_"&G31&"_"&I31&"_"&H31&"_"&$D$1 -> TRANSFER_EAST_I_1_16 | E31: TRANSFER | F31: TRANSFER | G31: EAST | H31: 1 | I31: I | K31: =COUNT(W31:AR31) -> 6 | L31: DIRECT | W31: 1 | X31: =W31+1 -> 2 | Y31: =X31+1 -> 3 | Z31: =Y31+1 -> 4 | AA31: =Z31+1 -> 5 | AB31: =AA31+1 -> 6
B32: 6 | C32: 3 | D32: =F32&"_"&G32&"_"&I32&"_"&H32&"_"&$D$1 -> SUPPLY_EAST_I_1_16 | E32: SUPPLY | F32: SUPPLY | G32: EAST | H32: 1 | I32: I | K32: =COUNT(AC32:BH32) -> 4 | L32: DIRECT | AC32: 1 | AD32: =AC32+1 -> 2 | AE32: =AD32+1 -> 3 | AF32: =AE32+1 -> 4
B33: 6 | C33: 4 | D33: =F33&"_"&G33&"_"&I33&"_"&H33&"_"&$D$1 -> EMPTY_EAST_I_1_16 | E33: SUPPLY | F33: EMPTY | G33: EAST | H33: 1 | I33: I | K33: =COUNT(M33:AR33) -> 17 | L33: DIRECT | M33: 1 | N33: =M33+1 -> 2 | O33: =N33+1 -> 3 | P33: =O33+1 -> 4 | Q33: =P33+1 -> 5 | R33: =Q33+1 -> 6 | S33: =R33+1 -> 7 | T33: =S33+1 -> 8 | U33: =T33+1 -> 9 | ... AC33: =AB33+1 -> 17
B34: 6 | C34: 2 | D34: =F34&"_"&G34&"_"&I34&"_"&H34&"_"&$D$1 -> PREPARE_EAST_I_1_16 | E34: SUPPLY | F34: PREPARE | G34: EAST | H34: 1 | I34: I | K34: =COUNT(M34:AR34) -> 19 | L34: DIRECT | M34: 1 | N34: =M34+1 -> 2 | O34: =N34+1 -> 3 | P34: =O34+1 -> 4 | Q34: =P34+1 -> 5 | R34: =Q34+1 -> 6 | S34: =R34+1 -> 7 | T34: =S34+1 -> 8 | U34: =T34+1 -> 9 | ... AE34: =AD34+1 -> 19
B35: =B33 -> 6 | C35: 6 | D35: =F35&"_"&G35&"_"&I35&"_"&H35&"_"&$D$1 -> COUNTDOWN_EAST_I_1_16 | F35: COUNTDOWN | G35: EAST | H35: 1 | I35: I | L35: DIRECT | M35: 3 | N35: 2 | O35: 1 | P35: 16 | Q35: 15 | R35: 14 | S35: 13 | T35: 12 | U35: 11 | V35: 10 | W35: 9 | X35: 8 | Y35: 7 | Z35: 6 | AA35: 5 | AB35: 4 | AC35: 3 | AD35: 2 | AE35: 1 | AF35: 16 | AG35: 15 | AH35: 14 | AI35: 13 | AJ35: 12 | AK35: 11 | AL35: 10 | AM35: 9 | AN35: 8 | AO35: 7 | AP35: 6 | AQ35: 5 | AR35: 4 | AS35: 3 | AT35: 2 | AU35: 1 | AV35: 16 | AW35: 15 | AX35: 14 | AY35: 13 | AZ35: 12 | BA35: 11 | BB35: 10 | BC35: 9 | BD35: 8 | BE35: 7 | BF35: 6 | BG35: 5 | BH35: 4 | BI35: 3 | BJ35: 2 | BK35: 1 | BL35: 16 | BM35: 15 | BN35: 14 | BO35: 13 | BP35: 12 | BQ35: 11 | BR35: 10 | BS35: 9 | BT35: 8 | BU35: 7 | BV35: 6 | BW35: 5 | BX35: 4 | BY35: 3 | BZ35: 2 | CA35: 1 | CB35: 16 | CC35: 15 | CD35: 14 | CE35: 13 | CF35: 12 | CG35: 11 | CH35: 10 | CI35: 9 | CJ35: 8 | CK35: 7 | CL35: 6 | CM35: 5 | CN35: 4
A36: N | B36: 4 | C36: 1 | D36: =F36&"_"&G36&"_"&I36&"_"&H36&"_"&$D$1 -> SORTING_EAST_G_2_16 | E36: UNLOAD | F36: SORTING | G36: EAST | H36: 2 | I36: G | K36: =COUNT(W36:AR36) -> 6 | W36: 1 | X36: =W36+1 -> 2 | Y36: =X36+1 -> 3 | Z36: =Y36+1 -> 4 | AA36: =Z36+1 -> 5 | AB36: =AA36+1 -> 6
A37: N | B37: 4 | C37: 2 | D37: =F37&"_"&G37&"_"&I37&"_"&H37&"_"&$D$1 -> TRANSFER_EAST_G_2_16 | E37: TRANSFER | F37: TRANSFER | G37: EAST | H37: 2 | I37: G | K37: =COUNT(W37:AR37) -> 8 | W37: 1 | X37: =W37+1 -> 2 | Y37: =X37+1 -> 3 | Z37: =Y37+1 -> 4 | AA37: =Z37+1 -> 5 | AB37: =AA37+1 -> 6 | AC37: =AB37+1 -> 7 | AD37: =AC37+1 -> 8
A38: N | B38: 4 | C38: 3 | D38: =F38&"_"&G38&"_"&I38&"_"&H38&"_"&$D$1 -> SUPPLY_EAST_G_2_16 | E38: SUPPLY | F38: SUPPLY | G38: EAST | H38: 2 | I38: G | K38: =COUNT(AC38:BH38) -> 6 | AC38: 1 | AD38: =AC38+1 -> 2 | AE38: =AD38+1 -> 3 | AF38: =AE38+1 -> 4 | AG38: =AF38+1 -> 5 | AH38: =AG38+1 -> 6
A39: N | B39: 4 | C39: 4 | D39: =F39&"_"&G39&"_"&I39&"_"&H39&"_"&$D$1 -> EMPTY_EAST_G_2_16 | E39: SUPPLY | F39: EMPTY | G39: EAST | H39: 2 | I39: G | K39: =COUNT(M39:AR39) -> 19 | M39: 1 | N39: =M39+1 -> 2 | O39: =N39+1 -> 3 | P39: =O39+1 -> 4 | Q39: =P39+1 -> 5 | R39: =Q39+1 -> 6 | S39: =R39+1 -> 7 | T39: =S39+1 -> 8 | U39: =T39+1 -> 9 | ... AE39: =AD39+1 -> 19
A40: N | B40: 4 | C40: 5 | D40: =F40&"_"&G40&"_"&I40&"_"&H40&"_"&$D$1 -> PREPARE_EAST_G_2_16 | E40: SUPPLY | F40: PREPARE | G40: EAST | H40: 2 | I40: G | K40: =COUNT(M40:AR40) -> 21 | M40: 1 | N40: =M40+1 -> 2 | O40: =N40+1 -> 3 | P40: =O40+1 -> 4 | Q40: =P40+1 -> 5 | R40: =Q40+1 -> 6 | S40: =R40+1 -> 7 | T40: =S40+1 -> 8 | U40: =T40+1 -> 9 | ... AG40: =AF40+1 -> 21
A41: N | B41: =B39 -> 4 | C41: 6 | D41: =F41&"_"&G41&"_"&I41&"_"&H41&"_"&$D$1 -> COUNTDOWN_EAST_G_2_16 | F41: COUNTDOWN | G41: EAST | H41: 2 | I41: G | M41: 5 | N41: 4 | O41: 3 | P41: 2 | Q41: 1 | R41: 16 | S41: 15 | T41: 14 | U41: 13 | V41: 12 | W41: 11 | X41: 10 | Y41: 9 | Z41: 8 | AA41: 7 | AB41: 6 | AC41: 5 | AD41: 4 | AE41: 3 | AF41: 2 | AG41: 1 | AH41: 16 | AI41: 15 | AJ41: 14 | AK41: 13 | AL41: 12 | AM41: 11 | AN41: 10 | AO41: 9 | AP41: 8 | AQ41: 7 | AR41: 6 | AS41: 5 | AT41: 4 | AU41: 3 | AV41: 2 | AW41: 1 | AX41: 16 | AY41: 15 | AZ41: 14 | BA41: 13 | BB41: 12 | BC41: 11 | BD41: 10 | BE41: 9 | BF41: 8 | BG41: 7 | BH41: 6 | BI41: 5 | BJ41: 4 | BK41: 3 | BL41: 2 | BM41: 1 | BN41: 16 | BO41: 15 | BP41: 14 | BQ41: 13 | BR41: 12 | BS41: 11 | BT41: 10 | BU41: 9 | BV41: 8 | BW41: 7 | BX41: 6 | BY41: 5 | BZ41: 4 | CA41: 3 | CB41: 2 | CC41: 1 | CD41: 16 | CE41: 15 | CF41: 14 | CG41: 13 | CH41: 12 | CI41: 11 | CJ41: 10 | CK41: 9 | CL41: 8 | CM41: 7 | CN41: 6
B42: 3 | C42: 1 | D42: =F42&"_"&G42&"_"&I42&"_"&H42&"_"&$D$1 -> SORTING_EAST_B_1_16 | E42: UNLOAD | F42: SORTING | G42: EAST | H42: 1 | I42: B | K42: =COUNT(W42:AR42) -> 8 | L42: DIRECT | W42: 1 | X42: =W42+1 -> 2 | Y42: =X42+1 -> 3 | Z42: =Y42+1 -> 4 | AA42: =Z42+1 -> 5 | AB42: =AA42+1 -> 6 | AC42: =AB42+1 -> 7 | AD42: =AC42+1 -> 8
B43: 3 | C43: 2 | D43: =F43&"_"&G43&"_"&I43&"_"&H43&"_"&$D$1 -> TRANSFER_EAST_B_1_16 | E43: TRANSFER | F43: TRANSFER | G43: EAST | H43: 1 | I43: B | K43: =COUNT(W43:AR43) -> 10 | L43: DIRECT | W43: 1 | X43: =W43+1 -> 2 | Y43: =X43+1 -> 3 | Z43: =Y43+1 -> 4 | AA43: =Z43+1 -> 5 | AB43: =AA43+1 -> 6 | AC43: =AB43+1 -> 7 | AD43: =AC43+1 -> 8 | AE43: =AD43+1 -> 9 | AF43: =AE43+1 -> 10
B44: 3 | C44: 3 | D44: =F44&"_"&G44&"_"&I44&"_"&H44&"_"&$D$1 -> SUPPLY_EAST_B_1_16 | E44: SUPPLY | F44: SUPPLY | G44: EAST | H44: 1 | I44: B | K44: =COUNT(AC44:BH44) -> 8 | L44: DIRECT | AC44: 1 | AD44: =AC44+1 -> 2 | AE44: =AD44+1 -> 3 | AF44: =AE44+1 -> 4 | AG44: =AF44+1 -> 5 | AH44: =AG44+1 -> 6 | AI44: =AH44+1 -> 7 | AJ44: =AI44+1 -> 8
B45: 3 | C45: 4 | D45: =F45&"_"&G45&"_"&I45&"_"&H45&"_"&$D$1 -> EMPTY_EAST_B_1_16 | E45: SUPPLY | F45: EMPTY | G45: EAST | H45: 1 | I45: B | K45: =COUNT(M45:AR45) -> 21 | L45: DIRECT | M45: 1 | N45: =M45+1 -> 2 | O45: =N45+1 -> 3 | P45: =O45+1 -> 4 | Q45: =P45+1 -> 5 | R45: =Q45+1 -> 6 | S45: =R45+1 -> 7 | T45: =S45+1 -> 8 | U45: =T45+1 -> 9 | ... AG45: =AF45+1 -> 21
B46: 3 | C46: 5 | D46: =F46&"_"&G46&"_"&I46&"_"&H46&"_"&$D$1 -> PREPARE_EAST_B_1_16 | E46: SUPPLY | F46: PREPARE | G46: EAST | H46: 1 | I46: B | K46: =COUNT(M46:AR46) -> 23 | L46: DIRECT | M46: 1 | N46: =M46+1 -> 2 | O46: =N46+1 -> 3 | P46: =O46+1 -> 4 | Q46: =P46+1 -> 5 | R46: =Q46+1 -> 6 | S46: =R46+1 -> 7 | T46: =S46+1 -> 8 | U46: =T46+1 -> 9 | ... AI46: =AH46+1 -> 23
B47: =B45 -> 3 | C47: 6 | D47: =F47&"_"&G47&"_"&I47&"_"&H47&"_"&$D$1 -> COUNTDOWN_EAST_B_1_16 | F47: COUNTDOWN | G47: EAST | H47: 1 | I47: B | L47: DIRECT | M47: 7 | N47: 6 | O47: 5 | P47: 4 | Q47: 3 | R47: 2 | S47: 1 | T47: 16 | U47: 15 | V47: 14 | W47: 13 | X47: 12 | Y47: 11 | Z47: 10 | AA47: 9 | AB47: 8 | AC47: 7 | AD47: 6 | AE47: 5 | AF47: 4 | AG47: 3 | AH47: 2 | AI47: 1 | AJ47: 16 | AK47: 15 | AL47: 14 | AM47: 13 | AN47: 12 | AO47: 11 | AP47: 10 | AQ47: 9 | AR47: 8 | AS47: 7 | AT47: 6 | AU47: 5 | AV47: 4 | AW47: 3 | AX47: 2 | AY47: 1 | AZ47: 16 | BA47: 15 | BB47: 14 | BC47: 13 | BD47: 12 | BE47: 11 | BF47: 10 | BG47: 9 | BH47: 8 | BI47: 7 | BJ47: 6 | BK47: 5 | BL47: 4 | BM47: 3 | BN47: 2 | BO47: 1 | BP47: 16 | BQ47: 15 | BR47: 14 | BS47: 13 | BT47: 12 | BU47: 11 | BV47: 10 | BW47: 9 | BX47: 8 | BY47: 7 | BZ47: 6 | CA47: 5 | CB47: 4 | CC47: 3 | CD47: 2 | CE47: 1 | CF47: 16 | CG47: 15 | CH47: 14 | CI47: 13 | CJ47: 12 | CK47: 11 | CL47: 10 | CM47: 9 | CN47: 8
B48: 7 | C48: 1 | D48: =F48&"_"&G48&"_"&I48&"_"&H48&"_"&$D$1 -> SORTING_EAST_E_2_16 | E48: UNLOAD | F48: SORTING | G48: EAST | H48: 2 | I48: E | K48: =COUNT(W48:AR48) -> 10 | W48: 1 | X48: =W48+1 -> 2 | Y48: =X48+1 -> 3 | Z48: =Y48+1 -> 4 | AA48: =Z48+1 -> 5 | AB48: =AA48+1 -> 6 | AC48: =AB48+1 -> 7 | AD48: =AC48+1 -> 8 | AE48: =AD48+1 -> 9 | AF48: =AE48+1 -> 10
B49: 7 | C49: 2 | D49: =F49&"_"&G49&"_"&I49&"_"&H49&"_"&$D$1 -> TRANSFER_EAST_E_2_16 | E49: TRANSFER | F49: TRANSFER | G49: EAST | H49: 2 | I49: E | K49: =COUNT(W49:AR49) -> 12 | W49: 1 | X49: =W49+1 -> 2 | Y49: =X49+1 -> 3 | Z49: =Y49+1 -> 4 | AA49: =Z49+1 -> 5 | AB49: =AA49+1 -> 6 | AC49: =AB49+1 -> 7 | AD49: =AC49+1 -> 8 | AE49: =AD49+1 -> 9 | ... AH49: =AG49+1 -> 12
B50: 7 | C50: 3 | D50: =F50&"_"&G50&"_"&I50&"_"&H50&"_"&$D$1 -> SUPPLY_EAST_E_2_16 | E50: SUPPLY | F50: SUPPLY | G50: EAST | H50: 2 | I50: E | K50: =COUNT(AC50:BH50) -> 10 | AC50: 1 | AD50: =AC50+1 -> 2 | AE50: =AD50+1 -> 3 | AF50: =AE50+1 -> 4 | AG50: =AF50+1 -> 5 | AH50: =AG50+1 -> 6 | AI50: =AH50+1 -> 7 | AJ50: =AI50+1 -> 8 | AK50: =AJ50+1 -> 9 | AL50: =AK50+1 -> 10
B51: =B50 -> 7 | C51: 4 | D51: =F51&"_"&G51&"_"&I51&"_"&H51&"_"&$D$1 -> EMPTY_EAST_E_2_16 | E51: SUPPLY | F51: EMPTY | G51: EAST | H51: 2 | I51: E | K51: =COUNT(M51:AR51) -> 23 | M51: 1 | N51: =M51+1 -> 2 | O51: =N51+1 -> 3 | P51: =O51+1 -> 4 | Q51: =P51+1 -> 5 | R51: =Q51+1 -> 6 | S51: =R51+1 -> 7 | T51: =S51+1 -> 8 | U51: =T51+1 -> 9 | ... AI51: =AH51+1 -> 23
B52: 7 | C52: 5 | D52: =F52&"_"&G52&"_"&I52&"_"&H52&"_"&$D$1 -> PREPARE_EAST_E_2_16 | E52: SUPPLY | F52: PREPARE | G52: EAST | H52: 2 | I52: E | K52: =COUNT(M52:AR52) -> 25 | M52: 1 | N52: =M52+1 -> 2 | O52: =N52+1 -> 3 | P52: =O52+1 -> 4 | Q52: =P52+1 -> 5 | R52: =Q52+1 -> 6 | S52: =R52+1 -> 7 | T52: =S52+1 -> 8 | U52: =T52+1 -> 9 | ... AK52: =AJ52+1 -> 25
B53: =B51 -> 7 | C53: 6 | D53: =F53&"_"&G53&"_"&I53&"_"&H53&"_"&$D$1 -> COUNTDOWN_EAST_E_2_16 | F53: COUNTDOWN | G53: EAST | H53: 2 | I53: E | M53: 9 | N53: 8 | O53: 7 | P53: 6 | Q53: 5 | R53: 4 | S53: 3 | T53: 2 | U53: 1 | V53: 16 | W53: 15 | X53: 14 | Y53: 13 | Z53: 12 | AA53: 11 | AB53: 10 | AC53: 9 | AD53: 8 | AE53: 7 | AF53: 6 | AG53: 5 | AH53: 4 | AI53: 3 | AJ53: 2 | AK53: 1 | AL53: 16 | AM53: 15 | AN53: 14 | AO53: 13 | AP53: 12 | AQ53: 11 | AR53: 10 | AS53: 9 | AT53: 8 | AU53: 7 | AV53: 6 | AW53: 5 | AX53: 4 | AY53: 3 | AZ53: 2 | BA53: 1 | BB53: 16 | BC53: 15 | BD53: 14 | BE53: 13 | BF53: 12 | BG53: 11 | BH53: 10 | BI53: 9 | BJ53: 8 | BK53: 7 | BL53: 6 | BM53: 5 | BN53: 4 | BO53: 3 | BP53: 2 | BQ53: 1 | BR53: 16 | BS53: 15 | BT53: 14 | BU53: 13 | BV53: 12 | BW53: 11 | BX53: 10 | BY53: 9 | BZ53: 8 | CA53: 7 | CB53: 6 | CC53: 5 | CD53: 4 | CE53: 3 | CF53: 2 | CG53: 1 | CH53: 16 | CI53: 15 | CJ53: 14 | CK53: 13 | CL53: 12 | CM53: 11 | CN53: 10
C54: 1 | D54: =F54&"_"&G54&"_"&I54&"_"&H54&"_"&$D$1 -> SORTING_EAST_D_1_16 | E54: UNLOAD | F54: SORTING | G54: EAST | H54: 1 | I54: D | K54: =COUNT(W54:AR54) -> 12 | L54: DIRECT | W54: 1 | X54: =W54+1 -> 2 | Y54: =X54+1 -> 3 | Z54: =Y54+1 -> 4 | AA54: =Z54+1 -> 5 | AB54: =AA54+1 -> 6 | AC54: =AB54+1 -> 7 | AD54: =AC54+1 -> 8 | AE54: =AD54+1 -> 9 | ... AH54: =AG54+1 -> 12
C55: 2 | D55: =F55&"_"&G55&"_"&I55&"_"&H55&"_"&$D$1 -> TRANSFER_EAST_D_1_16 | E55: TRANSFER | F55: TRANSFER | G55: EAST | H55: 1 | I55: D | K55: =COUNT(W55:AR55) -> 14 | L55: DIRECT | W55: 1 | X55: =W55+1 -> 2 | Y55: =X55+1 -> 3 | Z55: =Y55+1 -> 4 | AA55: =Z55+1 -> 5 | AB55: =AA55+1 -> 6 | AC55: =AB55+1 -> 7 | AD55: =AC55+1 -> 8 | AE55: =AD55+1 -> 9 | ... AJ55: =AI55+1 -> 14
C56: 3 | D56: =F56&"_"&G56&"_"&I56&"_"&H56&"_"&$D$1 -> SUPPLY_EAST_D_1_16 | E56: SUPPLY | F56: SUPPLY | G56: EAST | H56: 1 | I56: D | K56: =COUNT(AC56:BH56) -> 12 | L56: DIRECT | AC56: 1 | AD56: =AC56+1 -> 2 | AE56: =AD56+1 -> 3 | AF56: =AE56+1 -> 4 | AG56: =AF56+1 -> 5 | AH56: =AG56+1 -> 6 | AI56: =AH56+1 -> 7 | AJ56: =AI56+1 -> 8 | AK56: =AJ56+1 -> 9 | ... AN56: =AM56+1 -> 12
C57: 4 | D57: =F57&"_"&G57&"_"&I57&"_"&H57&"_"&$D$1 -> EMPTY_EAST_D_1_16 | E57: SUPPLY | F57: EMPTY | G57: EAST | H57: 1 | I57: D | K57: =COUNT(M57:AR57) -> 25 | L57: DIRECT | M57: 1 | N57: =M57+1 -> 2 | O57: =N57+1 -> 3 | P57: =O57+1 -> 4 | Q57: =P57+1 -> 5 | R57: =Q57+1 -> 6 | S57: =R57+1 -> 7 | T57: =S57+1 -> 8 | U57: =T57+1 -> 9 | ... AK57: =AJ57+1 -> 25
C58: 5 | D58: =F58&"_"&G58&"_"&I58&"_"&H58&"_"&$D$1 -> PREPARE_EAST_D_1_16 | E58: SUPPLY | F58: PREPARE | G58: EAST | H58: 1 | I58: D | K58: =COUNT(M58:AR58) -> 27 | L58: DIRECT | M58: 1 | N58: =M58+1 -> 2 | O58: =N58+1 -> 3 | P58: =O58+1 -> 4 | Q58: =P58+1 -> 5 | R58: =Q58+1 -> 6 | S58: =R58+1 -> 7 | T58: =S58+1 -> 8 | U58: =T58+1 -> 9 | ... AM58: =AL58+1 -> 27
C59: 6 | D59: =F59&"_"&G59&"_"&I59&"_"&H59&"_"&$D$1 -> COUNTDOWN_EAST_D_1_16 | F59: COUNTDOWN | G59: EAST | H59: 1 | I59: D | L59: DIRECT | M59: 10 | N59: 9 | O59: 8 | P59: 7 | Q59: 6 | R59: 5 | S59: 4 | T59: 3 | U59: 2 | V59: 1 | W59: 16 | X59: 15 | Y59: 14 | Z59: 13 | AA59: 12 | AB59: 11 | AC59: 10 | AD59: 9 | AE59: 8 | AF59: 7 | AG59: 6 | AH59: 5 | AI59: 4 | AJ59: 3 | AK59: 2 | AL59: 1 | AM59: 16 | AN59: 15 | AO59: 14 | AP59: 13 | AQ59: 12 | AR59: 11 | AS59: 10 | AT59: 9 | AU59: 8 | AV59: 7 | AW59: 6 | AX59: 5 | AY59: 4 | AZ59: 3 | BA59: 2 | BB59: 1 | BC59: 16 | BD59: 15 | BE59: 14 | BF59: 13 | BG59: 12 | BH59: 11 | BI59: 10 | BJ59: 9 | BK59: 8 | BL59: 7 | BM59: 6 | BN59: 5 | BO59: 4 | BP59: 3 | BQ59: 2 | BR59: 1 | BS59: 16 | BT59: 15 | BU59: 14 | BV59: 13 | BW59: 12 | BX59: 11 | BY59: 10 | BZ59: 9 | CA59: 8 | CB59: 7 | CC59: 6 | CD59: 5 | CE59: 4 | CF59: 3 | CG59: 2 | CH59: 1 | CI59: 16 | CJ59: 15 | CK59: 14 | CL59: 13 | CM59: 12 | CN59: 11
C60: 1 | D60: =F60&"_"&G60&"_"&I60&"_"&H60&"_"&$D$1 -> SORTING_EAST_K_2_16 | E60: UNLOAD | F60: SORTING | G60: EAST | H60: 2 | I60: K | K60: =COUNT(W60:AR60) -> 14 | W60: 1 | X60: =W60+1 -> 2 | Y60: =X60+1 -> 3 | Z60: =Y60+1 -> 4 | AA60: =Z60+1 -> 5 | AB60: =AA60+1 -> 6 | AC60: =AB60+1 -> 7 | AD60: =AC60+1 -> 8 | AE60: =AD60+1 -> 9 | ... AJ60: =AI60+1 -> 14
C61: 2 | D61: =F61&"_"&G61&"_"&I61&"_"&H61&"_"&$D$1 -> TRANSFER_EAST_K_2_16 | E61: TRANSFER | F61: TRANSFER | G61: EAST | H61: 2 | I61: K | K61: =COUNT(W61:AR61) -> 16 | W61: 1 | X61: =W61+1 -> 2 | Y61: =X61+1 -> 3 | Z61: =Y61+1 -> 4 | AA61: =Z61+1 -> 5 | AB61: =AA61+1 -> 6 | AC61: =AB61+1 -> 7 | AD61: =AC61+1 -> 8 | AE61: =AD61+1 -> 9 | ... AL61: =AK61+1 -> 16
C62: 3 | D62: =F62&"_"&G62&"_"&I62&"_"&H62&"_"&$D$1 -> SUPPLY_EAST_K_2_16 | E62: SUPPLY | F62: SUPPLY | G62: EAST | H62: 2 | I62: K | K62: =COUNT(AC62:BH62) -> 14 | AC62: 1 | AD62: =AC62+1 -> 2 | AE62: =AD62+1 -> 3 | AF62: =AE62+1 -> 4 | AG62: =AF62+1 -> 5 | AH62: =AG62+1 -> 6 | AI62: =AH62+1 -> 7 | AJ62: =AI62+1 -> 8 | AK62: =AJ62+1 -> 9 | ... AP62: =AO62+1 -> 14
C63: 4 | D63: =F63&"_"&G63&"_"&I63&"_"&H63&"_"&$D$1 -> EMPTY_EAST_K_2_16 | E63: SUPPLY | F63: EMPTY | G63: EAST | H63: 2 | I63: K | K63: =COUNT(M63:AR63) -> 27 | M63: 1 | N63: =M63+1 -> 2 | O63: =N63+1 -> 3 | P63: =O63+1 -> 4 | Q63: =P63+1 -> 5 | R63: =Q63+1 -> 6 | S63: =R63+1 -> 7 | T63: =S63+1 -> 8 | U63: =T63+1 -> 9 | ... AM63: =AL63+1 -> 27
C64: 5 | D64: =F64&"_"&G64&"_"&I64&"_"&H64&"_"&$D$1 -> PREPARE_EAST_K_2_16 | E64: SUPPLY | F64: PREPARE | G64: EAST | H64: 2 | I64: K | K64: =COUNT(M64:AR64) -> 29 | M64: 1 | N64: =M64+1 -> 2 | O64: =N64+1 -> 3 | P64: =O64+1 -> 4 | Q64: =P64+1 -> 5 | R64: =Q64+1 -> 6 | S64: =R64+1 -> 7 | T64: =S64+1 -> 8 | U64: =T64+1 -> 9 | ... AO64: =AN64+1 -> 29
C65: 6 | D65: =F65&"_"&G65&"_"&I65&"_"&H65&"_"&$D$1 -> COUNTDOWN_EAST_K_2_16 | F65: COUNTDOWN | G65: EAST | H65: 2 | I65: K
B66: 8 | C66: 1 | D66: =F66&"_"&G66&"_"&I66&"_"&H66&"_"&$D$1 -> SORTING_WEST_H_1_16 | E66: UNLOAD | F66: SORTING | G66: WEST | H66: 1 | I66: H | K66: =COUNT(W66:AR66) -> 0 | L66: DIRECT
B67: 8 | C67: 2 | D67: =F67&"_"&G67&"_"&I67&"_"&H67&"_"&$D$1 -> TRANSFER_WEST_H_1_16 | E67: TRANSFER | F67: TRANSFER | G67: WEST | H67: 1 | I67: H | K67: =COUNT(W67:AR67) -> 2 | L67: DIRECT | W67: 1 | X67: =W67+1 -> 2
B68: 8 | C68: 3 | D68: =F68&"_"&G68&"_"&I68&"_"&H68&"_"&$D$1 -> SUPPLY_WEST_H_1_16 | E68: SUPPLY | F68: SUPPLY | G68: WEST | H68: 1 | I68: H | K68: =COUNT(AC68:BH68) -> 0
B69: =B68 -> 8 | C69: 4 | D69: =F69&"_"&G69&"_"&I69&"_"&H69&"_"&$D$1 -> EMPTY_WEST_H_1_16 | E69: SUPPLY | F69: EMPTY | G69: WEST | H69: 1 | I69: H | K69: =COUNT(M69:AR69) -> 12 | M69: 1 | N69: =M69+1 -> 2 | O69: =N69+1 -> 3 | P69: =O69+1 -> 4 | Q69: =P69+1 -> 5 | R69: =Q69+1 -> 6 | S69: =R69+1 -> 7 | T69: =S69+1 -> 8 | U69: =T69+1 -> 9 | ... X69: =W69+1 -> 12
B70: 8 | C70: 5 | D70: =F70&"_"&G70&"_"&I70&"_"&H70&"_"&$D$1 -> PREPARE_WEST_H_1_16 | E70: SUPPLY | F70: PREPARE | G70: WEST | H70: 1 | I70: H | K70: =COUNT(M70:AR70) -> 14 | M70: 1 | N70: =M70+1 -> 2 | O70: =N70+1 -> 3 | P70: =O70+1 -> 4 | Q70: =P70+1 -> 5 | R70: =Q70+1 -> 6 | S70: =R70+1 -> 7 | T70: =S70+1 -> 8 | U70: =T70+1 -> 9 | ... Z70: =Y70+1 -> 14
B71: =B69 -> 8 | C71: 6 | D71: =F71&"_"&G71&"_"&I71&"_"&H71&"_"&$D$1 -> COUNTDOWN_WEST_H_1_16 | F71: COUNTDOWN | G71: WEST | H71: 1 | I71: H | L71: DIRECT | M71: 16 | N71: 15 | O71: 14 | P71: 13 | Q71: 12 | R71: 11 | S71: 10 | T71: 9 | U71: 8 | V71: 7 | W71: 6 | X71: 5 | Y71: 4 | Z71: 3 | AA71: 2 | AB71: 1 | AC71: 16 | AD71: 15 | AE71: 14 | AF71: 13 | AG71: 12 | AH71: 11 | AI71: 10 | AJ71: 9 | AK71: 8 | AL71: 7 | AM71: 6 | AN71: 5 | AO71: 4 | AP71: 3 | AQ71: 2 | AR71: 1 | AS71: 16 | AT71: 15 | AU71: 14 | AV71: 13 | AW71: 12 | AX71: 11 | AY71: 10 | AZ71: 9 | BA71: 8 | BB71: 7 | BC71: 6 | BD71: 5 | BE71: 4 | BF71: 3 | BG71: 2 | BH71: 1 | BI71: 16 | BJ71: 15 | BK71: 14 | BL71: 13 | BM71: 12 | BN71: 11 | BO71: 10 | BP71: 9 | BQ71: 8 | BR71: 7 | BS71: 6 | BT71: 5 | BU71: 4 | BV71: 3 | BW71: 2 | BX71: 1 | BY71: 16 | BZ71: 15 | CA71: 14 | CB71: 13 | CC71: 12 | CD71: 11 | CE71: 10 | CF71: 9 | CG71: 8 | CH71: 7 | CI71: 6 | CJ71: 5 | CK71: 4 | CL71: 3 | CM71: 2 | CN71: 1
B72: 9 | C72: 1 | D72: =F72&"_"&G72&"_"&I72&"_"&H72&"_"&$D$1 -> SORTING_WEST_P_2_16 | E72: UNLOAD | F72: SORTING | G72: WEST | H72: 2 | I72: P | K72: =COUNT(W72:AR72) -> 2 | W72: 1 | X72: =W72+1 -> 2
B73: 9 | C73: 2 | D73: =F73&"_"&G73&"_"&I73&"_"&H73&"_"&$D$1 -> TRANSFER_WEST_P_2_16 | E73: TRANSFER | F73: TRANSFER | G73: WEST | H73: 2 | I73: P | K73: =COUNT(W73:AR73) -> 4 | W73: 1 | X73: =W73+1 -> 2 | Y73: =X73+1 -> 3 | Z73: =Y73+1 -> 4
B74: 9 | C74: 3 | D74: =F74&"_"&G74&"_"&I74&"_"&H74&"_"&$D$1 -> SUPPLY_WEST_P_2_16 | E74: SUPPLY | F74: SUPPLY | G74: WEST | H74: 2 | I74: P | K74: =COUNT(AC74:BH74) -> 2 | AC74: 1 | AD74: =AC74+1 -> 2
B75: =B74 -> 9 | C75: 4 | D75: =F75&"_"&G75&"_"&I75&"_"&H75&"_"&$D$1 -> EMPTY_WEST_P_2_16 | E75: SUPPLY | F75: EMPTY | G75: WEST | H75: 2 | I75: P | K75: =COUNT(M75:AR75) -> 14 | M75: 1 | N75: =M75+1 -> 2 | O75: =N75+1 -> 3 | P75: =O75+1 -> 4 | Q75: =P75+1 -> 5 | R75: =Q75+1 -> 6 | S75: =R75+1 -> 7 | T75: =S75+1 -> 8 | U75: =T75+1 -> 9 | ... Z75: =Y75+1 -> 14
B76: 9 | C76: 5 | D76: =F76&"_"&G76&"_"&I76&"_"&H76&"_"&$D$1 -> PREPARE_WEST_P_2_16 | E76: SUPPLY | F76: PREPARE | G76: WEST | H76: 2 | I76: P | K76: =COUNT(M76:AR76) -> 16 | M76: 1 | N76: =M76+1 -> 2 | O76: =N76+1 -> 3 | P76: =O76+1 -> 4 | Q76: =P76+1 -> 5 | R76: =Q76+1 -> 6 | S76: =R76+1 -> 7 | T76: =S76+1 -> 8 | U76: =T76+1 -> 9 | ... AB76: =AA76+1 -> 16
B77: =B75 -> 9 | C77: 6 | D77: =F77&"_"&G77&"_"&I77&"_"&H77&"_"&$D$1 -> COUNTDOWN_WEST_P_2_16 | F77: COUNTDOWN | G77: WEST | H77: 2 | I77: P | M77: 1 | N77: 16 | O77: 15 | P77: 14 | Q77: 13 | R77: 12 | S77: 11 | T77: 10 | U77: 9 | V77: 8 | W77: 7 | X77: 6 | Y77: 5 | Z77: 4 | AA77: 3 | AB77: 2 | AC77: 1 | AD77: 16 | AE77: 15 | AF77: 14 | AG77: 13 | AH77: 12 | AI77: 11 | AJ77: 10 | AK77: 9 | AL77: 8 | AM77: 7 | AN77: 6 | AO77: 5 | AP77: 4 | AQ77: 3 | AR77: 2 | AS77: 1 | AT77: 16 | AU77: 15 | AV77: 14 | AW77: 13 | AX77: 12 | AY77: 11 | AZ77: 10 | BA77: 9 | BB77: 8 | BC77: 7 | BD77: 6 | BE77: 5 | BF77: 4 | BG77: 3 | BH77: 2 | BI77: 1 | BJ77: 16 | BK77: 15 | BL77: 14 | BM77: 13 | BN77: 12 | BO77: 11 | BP77: 10 | BQ77: 9 | BR77: 8 | BS77: 7 | BT77: 6 | BU77: 5 | BV77: 4 | BW77: 3 | BX77: 2 | BY77: 1 | BZ77: 16 | CA77: 15 | CB77: 14 | CC77: 13 | CD77: 12 | CE77: 11 | CF77: 10 | CG77: 9 | CH77: 8 | CI77: 7 | CJ77: 6 | CK77: 5 | CL77: 4 | CM77: 3 | CN77: 2
A78: G | B78: 10 | C78: 1 | D78: =F78&"_"&G78&"_"&I78&"_"&H78&"_"&$D$1 -> SORTING_WEST_O_1_16 | E78: UNLOAD | F78: SORTING | G78: WEST | H78: 1 | I78: O | K78: =COUNT(W78:AR78) -> 4 | L78: DIRECT | W78: 1 | X78: =W78+1 -> 2 | Y78: =X78+1 -> 3 | Z78: =Y78+1 -> 4
A79: G | B79: 10 | C79: 2 | D79: =F79&"_"&G79&"_"&I79&"_"&H79&"_"&$D$1 -> TRANSFER_WEST_O_1_16 | E79: TRANSFER | F79: TRANSFER | G79: WEST | H79: 1 | I79: O | K79: =COUNT(W79:AR79) -> 6 | L79: DIRECT | W79: 1 | X79: =W79+1 -> 2 | Y79: =X79+1 -> 3 | Z79: =Y79+1 -> 4 | AA79: =Z79+1 -> 5 | AB79: =AA79+1 -> 6
A80: G | B80: 10 | C80: 3 | D80: =F80&"_"&G80&"_"&I80&"_"&H80&"_"&$D$1 -> SUPPLY_WEST_O_1_16 | E80: SUPPLY | F80: SUPPLY | G80: WEST | H80: 1 | I80: O | K80: =COUNT(AC80:BH80) -> 4 | AC80: 1 | AD80: =AC80+1 -> 2 | AE80: =AD80+1 -> 3 | AF80: =AE80+1 -> 4
A81: G | B81: =B80 -> 10 | C81: 4 | D81: =F81&"_"&G81&"_"&I81&"_"&H81&"_"&$D$1 -> EMPTY_WEST_O_1_16 | E81: SUPPLY | F81: EMPTY | G81: WEST | H81: 1 | I81: O | K81: =COUNT(M81:AR81) -> 16 | M81: 1 | N81: =M81+1 -> 2 | O81: =N81+1 -> 3 | P81: =O81+1 -> 4 | Q81: =P81+1 -> 5 | R81: =Q81+1 -> 6 | S81: =R81+1 -> 7 | T81: =S81+1 -> 8 | U81: =T81+1 -> 9 | ... AB81: =AA81+1 -> 16
A82: G | B82: 10 | C82: 5 | D82: =F82&"_"&G82&"_"&I82&"_"&H82&"_"&$D$1 -> PREPARE_WEST_O_1_16 | E82: SUPPLY | F82: PREPARE | G82: WEST | H82: 1 | I82: O | K82: =COUNT(M82:AR82) -> 18 | M82: 1 | N82: =M82+1 -> 2 | O82: =N82+1 -> 3 | P82: =O82+1 -> 4 | Q82: =P82+1 -> 5 | R82: =Q82+1 -> 6 | S82: =R82+1 -> 7 | T82: =S82+1 -> 8 | U82: =T82+1 -> 9 | ... AD82: =AC82+1 -> 18
A83: G | B83: =B81 -> 10 | C83: 6 | D83: =F83&"_"&G83&"_"&I83&"_"&H83&"_"&$D$1 -> COUNTDOWN_WEST_O_1_16 | F83: COUNTDOWN | G83: WEST | H83: 1 | I83: O | L83: DIRECT | M83: 3 | N83: 2 | O83: 1 | P83: 16 | Q83: 15 | R83: 14 | S83: 13 | T83: 12 | U83: 11 | V83: 10 | W83: 9 | X83: 8 | Y83: 7 | Z83: 6 | AA83: 5 | AB83: 4 | AC83: 3 | AD83: 2 | AE83: 1 | AF83: 16 | AG83: 15 | AH83: 14 | AI83: 13 | AJ83: 12 | AK83: 11 | AL83: 10 | AM83: 9 | AN83: 8 | AO83: 7 | AP83: 6 | AQ83: 5 | AR83: 4 | AS83: 3 | AT83: 2 | AU83: 1 | AV83: 16 | AW83: 15 | AX83: 14 | AY83: 13 | AZ83: 12 | BA83: 11 | BB83: 10 | BC83: 9 | BD83: 8 | BE83: 7 | BF83: 6 | BG83: 5 | BH83: 4 | BI83: 3 | BJ83: 2 | BK83: 1 | BL83: 16 | BM83: 15 | BN83: 14 | BO83: 13 | BP83: 12 | BQ83: 11 | BR83: 10 | BS83: 9 | BT83: 8 | BU83: 7 | BV83: 6 | BW83: 5 | BX83: 4 | BY83: 3 | BZ83: 2 | CA83: 1 | CB83: 16 | CC83: 15 | CD83: 14 | CE83: 13 | CF83: 12 | CG83: 11 | CH83: 10 | CI83: 9 | CJ83: 8 | CK83: 7 | CL83: 6 | CM83: 5 | CN83: 4
B84: 11 | C84: 1 | D84: =F84&"_"&G84&"_"&I84&"_"&H84&"_"&$D$1 -> SORTING_WEST_L_2_16 | E84: UNLOAD | F84: SORTING | G84: WEST | H84: 2 | I84: L | K84: =COUNT(W84:AR84) -> 6 | L84: DIRECT | W84: 1 | X84: =W84+1 -> 2 | Y84: =X84+1 -> 3 | Z84: =Y84+1 -> 4 | AA84: =Z84+1 -> 5 | AB84: =AA84+1 -> 6
B85: 11 | C85: 2 | D85: =F85&"_"&G85&"_"&I85&"_"&H85&"_"&$D$1 -> TRANSFER_WEST_L_2_16 | E85: TRANSFER | F85: TRANSFER | G85: WEST | H85: 2 | I85: L | K85: =COUNT(W85:AR85) -> 8 | L85: DIRECT | W85: 1 | X85: =W85+1 -> 2 | Y85: =X85+1 -> 3 | Z85: =Y85+1 -> 4 | AA85: =Z85+1 -> 5 | AB85: =AA85+1 -> 6 | AC85: =AB85+1 -> 7 | AD85: =AC85+1 -> 8
B86: 11 | C86: 3 | D86: =F86&"_"&G86&"_"&I86&"_"&H86&"_"&$D$1 -> SUPPLY_WEST_L_2_16 | E86: SUPPLY | F86: SUPPLY | G86: WEST | H86: 2 | I86: L | K86: =COUNT(AC86:BH86) -> 6 | AC86: 1 | AD86: =AC86+1 -> 2 | AE86: =AD86+1 -> 3 | AF86: =AE86+1 -> 4 | AG86: =AF86+1 -> 5 | AH86: =AG86+1 -> 6
B87: =B86 -> 11 | C87: 4 | D87: =F87&"_"&G87&"_"&I87&"_"&H87&"_"&$D$1 -> EMPTY_WEST_L_2_16 | E87: SUPPLY | F87: EMPTY | G87: WEST | H87: 2 | I87: L | K87: =COUNT(M87:AR87) -> 18 | M87: 1 | N87: =M87+1 -> 2 | O87: =N87+1 -> 3 | P87: =O87+1 -> 4 | Q87: =P87+1 -> 5 | R87: =Q87+1 -> 6 | S87: =R87+1 -> 7 | T87: =S87+1 -> 8 | U87: =T87+1 -> 9 | ... AD87: =AC87+1 -> 18
B88: 11 | C88: 5 | D88: =F88&"_"&G88&"_"&I88&"_"&H88&"_"&$D$1 -> PREPARE_WEST_L_2_16 | E88: SUPPLY | F88: PREPARE | G88: WEST | H88: 2 | I88: L | K88: =COUNT(M88:AR88) -> 20 | M88: 1 | N88: =M88+1 -> 2 | O88: =N88+1 -> 3 | P88: =O88+1 -> 4 | Q88: =P88+1 -> 5 | R88: =Q88+1 -> 6 | S88: =R88+1 -> 7 | T88: =S88+1 -> 8 | U88: =T88+1 -> 9 | ... AF88: =AE88+1 -> 20
B89: =B87 -> 11 | C89: 6 | D89: =F89&"_"&G89&"_"&I89&"_"&H89&"_"&$D$1 -> COUNTDOWN_WEST_L_2_16 | F89: COUNTDOWN | G89: WEST | H89: 2 | I89: L | L89: DIRECT | M89: 4 | N89: 3 | O89: 2 | P89: 1 | Q89: 16 | R89: 15 | S89: 14 | T89: 13 | U89: 12 | V89: 11 | W89: 10 | X89: 9 | Y89: 8 | Z89: 7 | AA89: 6 | AB89: 5 | AC89: 4 | AD89: 3 | AE89: 2 | AF89: 1 | AG89: 16 | AH89: 15 | AI89: 14 | AJ89: 13 | AK89: 12 | AL89: 11 | AM89: 10 | AN89: 9 | AO89: 8 | AP89: 7 | AQ89: 6 | AR89: 5 | AS89: 4 | AT89: 3 | AU89: 2 | AV89: 1 | AW89: 16 | AX89: 15 | AY89: 14 | AZ89: 13 | BA89: 12 | BB89: 11 | BC89: 10 | BD89: 9 | BE89: 8 | BF89: 7 | BG89: 6 | BH89: 5 | BI89: 4 | BJ89: 3 | BK89: 2 | BL89: 1 | BM89: 16 | BN89: 15 | BO89: 14 | BP89: 13 | BQ89: 12 | BR89: 11 | BS89: 10 | BT89: 9 | BU89: 8 | BV89: 7 | BW89: 6 | BX89: 5 | BY89: 4 | BZ89: 3 | CA89: 2 | CB89: 1 | CC89: 16 | CD89: 15 | CE89: 14 | CF89: 13 | CG89: 12 | CH89: 11 | CI89: 10 | CJ89: 9 | CK89: 8 | CL89: 7 | CM89: 6 | CN89: 5
B90: 14 | C90: 1 | D90: =F90&"_"&G90&"_"&I90&"_"&H90&"_"&$D$1 -> SORTING_WEST_N_1_16 | E90: UNLOAD | F90: SORTING | G90: WEST | H90: 1 | I90: N | K90: =COUNT(W90:AR90) -> 8 | W90: 1 | X90: =W90+1 -> 2 | Y90: =X90+1 -> 3 | Z90: =Y90+1 -> 4 | AA90: =Z90+1 -> 5 | AB90: =AA90+1 -> 6 | AC90: =AB90+1 -> 7 | AD90: =AC90+1 -> 8
B91: 14 | C91: 2 | D91: =F91&"_"&G91&"_"&I91&"_"&H91&"_"&$D$1 -> TRANSFER_WEST_N_1_16 | E91: TRANSFER | F91: TRANSFER | G91: WEST | H91: 1 | I91: N | K91: =COUNT(W91:AR91) -> 10 | W91: 1 | X91: =W91+1 -> 2 | Y91: =X91+1 -> 3 | Z91: =Y91+1 -> 4 | AA91: =Z91+1 -> 5 | AB91: =AA91+1 -> 6 | AC91: =AB91+1 -> 7 | AD91: =AC91+1 -> 8 | AE91: =AD91+1 -> 9 | AF91: =AE91+1 -> 10
B92: 14 | C92: 3 | D92: =F92&"_"&G92&"_"&I92&"_"&H92&"_"&$D$1 -> SUPPLY_WEST_N_1_16 | E92: SUPPLY | F92: SUPPLY | G92: WEST | H92: 1 | I92: N | K92: =COUNT(AC92:BH92) -> 8 | AC92: 1 | AD92: =AC92+1 -> 2 | AE92: =AD92+1 -> 3 | AF92: =AE92+1 -> 4 | AG92: =AF92+1 -> 5 | AH92: =AG92+1 -> 6 | AI92: =AH92+1 -> 7 | AJ92: =AI92+1 -> 8
B93: =B92 -> 14 | C93: 4 | D93: =F93&"_"&G93&"_"&I93&"_"&H93&"_"&$D$1 -> EMPTY_WEST_N_1_16 | E93: SUPPLY | F93: EMPTY | G93: WEST | H93: 1 | I93: N | K93: =COUNT(M93:AR93) -> 20 | M93: 1 | N93: =M93+1 -> 2 | O93: =N93+1 -> 3 | P93: =O93+1 -> 4 | Q93: =P93+1 -> 5 | R93: =Q93+1 -> 6 | S93: =R93+1 -> 7 | T93: =S93+1 -> 8 | U93: =T93+1 -> 9 | ... AF93: =AE93+1 -> 20
B94: 14 | C94: 5 | D94: =F94&"_"&G94&"_"&I94&"_"&H94&"_"&$D$1 -> PREPARE_WEST_N_1_16 | E94: SUPPLY | F94: PREPARE | G94: WEST | H94: 1 | I94: N | K94: =COUNT(M94:AR94) -> 22 | M94: 1 | N94: =M94+1 -> 2 | O94: =N94+1 -> 3 | P94: =O94+1 -> 4 | Q94: =P94+1 -> 5 | R94: =Q94+1 -> 6 | S94: =R94+1 -> 7 | T94: =S94+1 -> 8 | U94: =T94+1 -> 9 | ... AH94: =AG94+1 -> 22
B95: =B93 -> 14 | C95: 6 | D95: =F95&"_"&G95&"_"&I95&"_"&H95&"_"&$D$1 -> COUNTDOWN_WEST_N_1_16 | F95: COUNTDOWN | G95: WEST | H95: 1 | I95: N | M95: 8 | N95: 7 | O95: 6 | P95: 5 | Q95: 4 | R95: 3 | S95: 2 | T95: 1 | U95: 16 | V95: 15 | W95: 14 | X95: 13 | Y95: 12 | Z95: 11 | AA95: 10 | AB95: 9 | AC95: 8 | AD95: 7 | AE95: 6 | AF95: 5 | AG95: 4 | AH95: 3 | AI95: 2 | AJ95: 1 | AK95: 16 | AL95: 15 | AM95: 14 | AN95: 13 | AO95: 12 | AP95: 11 | AQ95: 10 | AR95: 9 | AS95: 8 | AT95: 7 | AU95: 6 | AV95: 5 | AW95: 4 | AX95: 3 | AY95: 2 | AZ95: 1 | BA95: 16 | BB95: 15 | BC95: 14 | BD95: 13 | BE95: 12 | BF95: 11 | BG95: 10 | BH95: 9 | BI95: 8 | BJ95: 7 | BK95: 6 | BL95: 5 | BM95: 4 | BN95: 3 | BO95: 2 | BP95: 1 | BQ95: 16 | BR95: 15 | BS95: 14 | BT95: 13 | BU95: 12 | BV95: 11 | BW95: 10 | BX95: 9 | BY95: 8 | BZ95: 7 | CA95: 6 | CB95: 5 | CC95: 4 | CD95: 3 | CE95: 2 | CF95: 1 | CG95: 16 | CH95: 15 | CI95: 14 | CJ95: 13 | CK95: 12 | CL95: 11 | CM95: 10 | CN95: 9
C96: 1 | D96: =F96&"_"&G96&"_"&I96&"_"&H96&"_"&$D$1 -> SORTING_WEST_J_2_16 | E96: UNLOAD | F96: SORTING | G96: WEST | H96: 2 | I96: J | K96: =COUNT(W96:AR96) -> 10 | W96: 1 | X96: =W96+1 -> 2 | Y96: =X96+1 -> 3 | Z96: =Y96+1 -> 4 | AA96: =Z96+1 -> 5 | AB96: =AA96+1 -> 6 | AC96: =AB96+1 -> 7 | AD96: =AC96+1 -> 8 | AE96: =AD96+1 -> 9 | AF96: =AE96+1 -> 10
C97: 2 | D97: =F97&"_"&G97&"_"&I97&"_"&H97&"_"&$D$1 -> TRANSFER_WEST_J_2_16 | E97: TRANSFER | F97: TRANSFER | G97: WEST | H97: 2 | I97: J | K97: =COUNT(W97:AR97) -> 12 | W97: 1 | X97: =W97+1 -> 2 | Y97: =X97+1 -> 3 | Z97: =Y97+1 -> 4 | AA97: =Z97+1 -> 5 | AB97: =AA97+1 -> 6 | AC97: =AB97+1 -> 7 | AD97: =AC97+1 -> 8 | AE97: =AD97+1 -> 9 | ... AH97: =AG97+1 -> 12
C98: 3 | D98: =F98&"_"&G98&"_"&I98&"_"&H98&"_"&$D$1 -> SUPPLY_WEST_J_2_16 | E98: SUPPLY | F98: SUPPLY | G98: WEST | H98: 2 | I98: J | K98: =COUNT(AC98:BH98) -> 9 | AC98: 1 | AD98: =AC98+1 -> 2 | AE98: =AD98+1 -> 3 | AF98: =AE98+1 -> 4 | AG98: =AF98+1 -> 5 | AH98: =AG98+1 -> 6 | AI98: =AH98+1 -> 7 | AJ98: =AI98+1 -> 8 | AK98: =AJ98+1 -> 9
C99: 4 | D99: =F99&"_"&G99&"_"&I99&"_"&H99&"_"&$D$1 -> EMPTY_WEST_J_2_16 | E99: SUPPLY | F99: EMPTY | G99: WEST | H99: 2 | I99: J | K99: =COUNT(M99:AR99) -> 22 | M99: 1 | N99: =M99+1 -> 2 | O99: =N99+1 -> 3 | P99: =O99+1 -> 4 | Q99: =P99+1 -> 5 | R99: =Q99+1 -> 6 | S99: =R99+1 -> 7 | T99: =S99+1 -> 8 | U99: =T99+1 -> 9 | ... AH99: =AG99+1 -> 22
C100: 5 | D100: =F100&"_"&G100&"_"&I100&"_"&H100&"_"&$D$1 -> PREPARE_WEST_J_2_16 | E100: SUPPLY | F100: PREPARE | G100: WEST | H100: 2 | I100: J | K100: =COUNT(M100:AR100) -> 24 | M100: 1 | N100: =M100+1 -> 2 | O100: =N100+1 -> 3 | P100: =O100+1 -> 4 | Q100: =P100+1 -> 5 | R100: =Q100+1 -> 6 | S100: =R100+1 -> 7 | T100: =S100+1 -> 8 | U100: =T100+1 -> 9 | ... AJ100: =AI100+1 -> 24
...

Sheet 17
B2: COUNT DOWN : | D2: 17 | E2: 1 Route Ketemu | V2: Advance 6 C/D | AB2: PICS=Supply
B4: NO SEQ | C4: NO PROCESS | E4: MAIN PROCESS | F4: PROCESS NAME | G4: ZONE | H4: ROUTE | I4: LANE | J4: OFFSET 1 | K4: OFFSET 2 | L4: GROUP
K5: 17 | L5: PICS | M5: 17 | N5: 16 | O5: 15 | P5: 14 | Q5: 13 | R5: 12 | S5: 11 | T5: 10 | U5: 9 | V5: 8 | W5: 7 | X5: 6 | Y5: 5 | Z5: 4 | AA5: 3 | AB5: 2 | AC5: 1 | AD5: 17 | AE5: 16 | AF5: 15 | AG5: 14 | AH5: 13 | AI5: 12 | AJ5: 11 | AK5: 10 | AL5: 9 | AM5: 8 | AN5: 7 | AO5: 6 | AP5: 5 | AQ5: 4 | AR5: 3 | AS5: 2 | AT5: 1 | AU5: 17 | AV5: 16 | AW5: 15 | AX5: 14 | AY5: 13 | AZ5: 12 | BA5: 11 | BB5: 10 | BC5: 9 | BD5: 8 | BE5: 7 | BF5: 6 | BG5: 5 | BH5: 4 | BI5: 3 | BJ5: 2 | BK5: 1 | BL5: 17 | BM5: 16 | BN5: 15 | BO5: 14 | BP5: 13 | BQ5: 12 | BR5: 11 | BS5: 10 | BT5: 9 | BU5: 8 | BV5: 7 | BW5: 6 | BX5: 5 | BY5: 4 | BZ5: 3 | CA5: 2 | CB5: 1 | CC5: 17 | CD5: 16 | CE5: 15 | CF5: 14 | CG5: 13 | CH5: 12 | CI5: 11 | CJ5: 10 | CK5: 9 | CL5: 8 | CM5: 7 | CN5: 6 | CO5: 5 | CP5: 4 | CQ5: 3 | CR5: 2 | CS5: 1
B6: 0 | C6: 0 | F6: UNLOAD P LANE | M6: 11 | N6: 10 | O6: 9 | P6: 8 | Q6: 7 | R6: 6 | S6: 5 | T6: 4 | U6: 3 | V6: 2 | W6: 1 | X6: 17 | Y6: 16 | Z6: 15 | AA6: 14 | AB6: 13 | AC6: 12 | AD6: 11 | AE6: 10 | AF6: 9 | AG6: 8 | AH6: 7 | AI6: 6 | AJ6: 5 | AK6: 4 | AL6: 3 | AM6: 2 | AN6: 1 | AO6: 17 | AP6: 16 | AQ6: 15 | AR6: 14 | AS6: 13 | AT6: 12 | AU6: 11 | AV6: 10 | AW6: 9 | AX6: 8 | AY6: 7 | AZ6: 6 | BA6: 5 | BB6: 4 | BC6: 3 | BD6: 2 | BE6: 1 | BF6: 17 | BG6: 16 | BH6: 15 | BI6: 14 | BJ6: 13 | BK6: 12 | BL6: 11 | BM6: 10 | BN6: 9 | BO6: 8 | BP6: 7 | BQ6: 6 | BR6: 5 | BS6: 4 | BT6: 3 | BU6: 2 | BV6: 1 | BW6: 17 | BX6: 16 | BY6: 15 | BZ6: 14 | CA6: 13 | CB6: 12 | CC6: 11 | CD6: 10 | CE6: 9 | CF6: 8 | CG6: 7 | CH6: 6 | CI6: 5 | CJ6: 4 | CK6: 3 | CL6: 2 | CM6: 1 | CN6: 17 | CO6: 16 | CP6: 15 | CQ6: 14 | CR6: 13 | CS6: 12
B7: 1 | C7: 1 | D7: =F7&"_"&G7&"_"&H7&"_"&I7&"_"&$D$2 -> SORTING_EAST_UNP_1_17 | E7: UNLOAD | F7: SORTING | G7: EAST | H7: UNP | I7: 1 | K7: =COUNT(X7:AT7) -> 0
B8: 1 | C8: 2 | D8: =F8&"_"&G8&"_"&H8&"_"&I8&"_"&$D$2 -> TRANSFER_EAST_UNP_1_17 | E8: TRANSFER | F8: TRANSFER | G8: EAST | H8: UNP | I8: 1 | K8: =COUNT(X8:AT8) -> 1 | X8: 1
B9: 1 | C9: 3 | D9: =F9&"_"&G9&"_"&H9&"_"&I9&"_"&$D$2 -> PREPARE_EAST_UNP_1_17 | E9: SUPPLY | F9: PREPARE | G9: EAST | H9: UNP | I9: 1 | K9: =COUNT(M9:AT9) -> 15 | M9: 1 | N9: =M9+1 -> 2 | O9: =N9+1 -> 3 | P9: =O9+1 -> 4 | Q9: =P9+1 -> 5 | R9: =Q9+1 -> 6 | S9: =R9+1 -> 7 | T9: =S9+1 -> 8 | U9: =T9+1 -> 9 | ... AA9: =Z9+1 -> 15
B10: 1 | C10: 4 | D10: =F10&"_"&G10&"_"&H10&"_"&I10&"_"&$D$2 -> SUPPLY_EAST_UNP_1_17 | E10: SUPPLY | F10: SUPPLY | G10: EAST | H10: UNP | I10: 1 | K10: =COUNT(AD10:BK10) -> 0
B11: 1 | C11: 5 | D11: =F11&"_"&G11&"_"&H11&"_"&I11&"_"&$D$2 -> EMPTY_EAST_UNP_1_17 | E11: SUPPLY | F11: EMPTY | G11: EAST | H11: UNP | I11: 1 | K11: =COUNT(AD11:BG11) -> 13 | AD11: 1 | AE11: =AD11+1 -> 2 | AF11: =AE11+1 -> 3 | AG11: =AF11+1 -> 4 | AH11: =AG11+1 -> 5 | AI11: =AH11+1 -> 6 | AJ11: =AI11+1 -> 7 | AK11: =AJ11+1 -> 8 | AL11: =AK11+1 -> 9 | ... AP11: =AO11+1 -> 13
B12: 1 | C12: 6 | D12: =F12&"_"&G12&"_"&H12&"_"&I12&"_"&$D$2 -> COUNTDOWN_EAST_UNP_1_17 | F12: COUNTDOWN | G12: EAST | H12: UNP | I12: 1
B13: 2 | C13: 1 | D13: =F13&"_"&G13&"_"&H13&"_"&I13&"_"&$D$2 -> SORTING_EAST_A_2_17 | E13: UNLOAD | F13: SORTING | G13: EAST | H13: A | I13: 2 | K13: =COUNT(X13:AT13) -> 1 | X13: 1
B14: 2 | C14: 2 | D14: =F14&"_"&G14&"_"&H14&"_"&I14&"_"&$D$2 -> TRANSFER_EAST_A_2_17 | E14: TRANSFER | F14: TRANSFER | G14: EAST | H14: A | I14: 2 | K14: =COUNT(X14:AT14) -> 2 | X14: 1 | Y14: =X14+1 -> 2
B15: 2 | C15: 3 | D15: =F15&"_"&G15&"_"&H15&"_"&I15&"_"&$D$2 -> PREPARE_EAST_A_2_17 | E15: SUPPLY | F15: PREPARE | G15: EAST | H15: A | I15: 2 | K15: =COUNT(M15:AT15) -> 16 | M15: 1 | N15: =M15+1 -> 2 | O15: =N15+1 -> 3 | P15: =O15+1 -> 4 | Q15: =P15+1 -> 5 | R15: =Q15+1 -> 6 | S15: =R15+1 -> 7 | T15: =S15+1 -> 8 | U15: =T15+1 -> 9 | ... AB15: =AA15+1 -> 16
B16: 2 | C16: 4 | D16: =F16&"_"&G16&"_"&H16&"_"&I16&"_"&$D$2 -> SUPPLY_EAST_A_2_17 | E16: SUPPLY | F16: SUPPLY | G16: EAST | H16: A | I16: 2 | K16: =COUNT(AD16:BK16) -> 1 | AD16: 1
B17: 2 | C17: 5 | D17: =F17&"_"&G17&"_"&H17&"_"&I17&"_"&$D$2 -> EMPTY_EAST_A_2_17 | E17: SUPPLY | F17: EMPTY | G17: EAST | H17: A | I17: 2 | K17: =COUNT(AD17:BG17) -> 14 | AD17: 1 | AE17: =AD17+1 -> 2 | AF17: =AE17+1 -> 3 | AG17: =AF17+1 -> 4 | AH17: =AG17+1 -> 5 | AI17: =AH17+1 -> 6 | AJ17: =AI17+1 -> 7 | AK17: =AJ17+1 -> 8 | AL17: =AK17+1 -> 9 | ... AQ17: =AP17+1 -> 14
B18: 2 | C18: 6 | D18: =F18&"_"&G18&"_"&H18&"_"&I18&"_"&$D$2 -> COUNTDOWN_EAST_A_2_17 | F18: COUNTDOWN | G18: EAST | H18: A | I18: 2
C19: 1 | D19: =F19&"_"&G19&"_"&H19&"_"&I19&"_"&$D$2 -> SORTING_EAST_C/U_1_17 | E19: UNLOAD | F19: SORTING | G19: EAST | H19: C/U | I19: 1 | K19: =COUNT(X19:AT19) -> 2 | X19: 1 | Y19: =X19+1 -> 2
C20: 2 | D20: =F20&"_"&G20&"_"&H20&"_"&I20&"_"&$D$2 -> TRANSFER_EAST_C/U_1_17 | E20: TRANSFER | F20: TRANSFER | G20: EAST | H20: C/U | I20: 1 | K20: =COUNT(X20:AT20) -> 3 | X20: 1 | Y20: =X20+1 -> 2 | Z20: =Y20+1 -> 3
C21: 3 | D21: =F21&"_"&G21&"_"&H21&"_"&I21&"_"&$D$2 -> PREPARE_EAST_C/U_1_17 | E21: SUPPLY | F21: PREPARE | G21: EAST | H21: C/U | I21: 1 | K21: =COUNT(M21:AT21) -> 16 | M21: 1 | N21: =M21+1 -> 2 | O21: =N21+1 -> 3 | P21: =O21+1 -> 4 | Q21: =P21+1 -> 5 | R21: =Q21+1 -> 6 | S21: =R21+1 -> 7 | T21: =S21+1 -> 8 | U21: =T21+1 -> 9 | ... AB21: =AA21+1 -> 16
C22: 4 | D22: =F22&"_"&G22&"_"&H22&"_"&I22&"_"&$D$2 -> SUPPLY_EAST_C/U_1_17 | E22: SUPPLY | F22: SUPPLY | G22: EAST | H22: C/U | I22: 1 | K22: =COUNT(AD22:BK22) -> 2 | AD22: 1 | AE22: =AD22+1 -> 2
C23: 5 | D23: =F23&"_"&G23&"_"&H23&"_"&I23&"_"&$D$2 -> EMPTY_EAST_C/U_1_17 | E23: SUPPLY | F23: EMPTY | G23: EAST | H23: C/U | I23: 1 | K23: =COUNT(AD23:BG23) -> 15 | AD23: 1 | AE23: =AD23+1 -> 2 | AF23: =AE23+1 -> 3 | AG23: =AF23+1 -> 4 | AH23: =AG23+1 -> 5 | AI23: =AH23+1 -> 6 | AJ23: =AI23+1 -> 7 | AK23: =AJ23+1 -> 8 | AL23: =AK23+1 -> 9 | ... AR23: =AQ23+1 -> 15
C24: 6 | D24: =F24&"_"&G24&"_"&H24&"_"&I24&"_"&$D$2 -> COUNTDOWN_EAST_C/U_1_17 | F24: COUNTDOWN | G24: EAST | H24: C/U | I24: 1
A25: E | B25: 3 | C25: 1 | D25: =F25&"_"&G25&"_"&H25&"_"&I25&"_"&$D$2 -> SORTING_EAST_C_2_17 | E25: UNLOAD | F25: SORTING | G25: EAST | H25: C | I25: 2 | K25: =COUNT(X25:AT25) -> 3 | X25: 1 | Y25: =X25+1 -> 2 | Z25: =Y25+1 -> 3
A26: E | B26: 3 | C26: 2 | D26: =F26&"_"&G26&"_"&H26&"_"&I26&"_"&$D$2 -> TRANSFER_EAST_C_2_17 | E26: TRANSFER | F26: TRANSFER | G26: EAST | H26: C | I26: 2 | K26: =COUNT(X26:AT26) -> 5 | X26: 1 | Y26: =X26+1 -> 2 | Z26: =Y26+1 -> 3 | AA26: =Z26+1 -> 4 | AB26: =AA26+1 -> 5
A27: E | B27: 3 | C27: 3 | D27: =F27&"_"&G27&"_"&H27&"_"&I27&"_"&$D$2 -> PREPARE_EAST_C_2_17 | E27: SUPPLY | F27: PREPARE | G27: EAST | H27: C | I27: 2 | K27: =COUNT(M27:AT27) -> 18 | M27: 1 | N27: =M27+1 -> 2 | O27: =N27+1 -> 3 | P27: =O27+1 -> 4 | Q27: =P27+1 -> 5 | R27: =Q27+1 -> 6 | S27: =R27+1 -> 7 | T27: =S27+1 -> 8 | U27: =T27+1 -> 9 | ... AD27: =AC27+1 -> 18
A28: E | B28: 3 | C28: 4 | D28: =F28&"_"&G28&"_"&H28&"_"&I28&"_"&$D$2 -> SUPPLY_EAST_C_2_17 | E28: SUPPLY | F28: SUPPLY | G28: EAST | H28: C | I28: 2 | K28: =COUNT(AD28:BK28) -> 3 | AD28: 1 | AE28: =AD28+1 -> 2 | AF28: =AE28+1 -> 3
A29: E | B29: 3 | C29: 5 | D29: =F29&"_"&G29&"_"&H29&"_"&I29&"_"&$D$2 -> EMPTY_EAST_C_2_17 | E29: SUPPLY | F29: EMPTY | G29: EAST | H29: C | I29: 2 | K29: =COUNT(AD29:BG29) -> 16 | AD29: 1 | AE29: =AD29+1 -> 2 | AF29: =AE29+1 -> 3 | AG29: =AF29+1 -> 4 | AH29: =AG29+1 -> 5 | AI29: =AH29+1 -> 6 | AJ29: =AI29+1 -> 7 | AK29: =AJ29+1 -> 8 | AL29: =AK29+1 -> 9 | ... AS29: =AR29+1 -> 16
A30: E | B30: 3 | C30: 6 | D30: =F30&"_"&G30&"_"&H30&"_"&I30&"_"&$D$2 -> COUNTDOWN_EAST_C_2_17 | F30: COUNTDOWN | G30: EAST | H30: C | I30: 2
B31: 4 | C31: 1 | D31: =F31&"_"&G31&"_"&H31&"_"&I31&"_"&$D$2 -> SORTING_EAST_I_1_17 | E31: UNLOAD | F31: SORTING | G31: EAST | H31: I | I31: 1 | K31: =COUNT(X31:AT31) -> 5 | X31: 1 | Y31: =X31+1 -> 2 | Z31: =Y31+1 -> 3 | AA31: =Z31+1 -> 4 | AB31: =AA31+1 -> 5
B32: 4 | C32: 2 | D32: =F32&"_"&G32&"_"&H32&"_"&I32&"_"&$D$2 -> TRANSFER_EAST_I_1_17 | E32: TRANSFER | F32: TRANSFER | G32: EAST | H32: I | I32: 1 | K32: =COUNT(X32:AT32) -> 7 | X32: 1 | Y32: =X32+1 -> 2 | Z32: =Y32+1 -> 3 | AA32: =Z32+1 -> 4 | AB32: =AA32+1 -> 5 | AC32: =AB32+1 -> 6 | AD32: =AC32+1 -> 7
B33: 4 | C33: 3 | D33: =F33&"_"&G33&"_"&H33&"_"&I33&"_"&$D$2 -> PREPARE_EAST_I_1_17 | E33: SUPPLY | F33: PREPARE | G33: EAST | H33: I | I33: 1 | K33: =COUNT(M33:AT33) -> 20 | M33: 1 | N33: =M33+1 -> 2 | O33: =N33+1 -> 3 | P33: =O33+1 -> 4 | Q33: =P33+1 -> 5 | R33: =Q33+1 -> 6 | S33: =R33+1 -> 7 | T33: =S33+1 -> 8 | U33: =T33+1 -> 9 | ... AF33: =AE33+1 -> 20
B34: 4 | C34: 4 | D34: =F34&"_"&G34&"_"&H34&"_"&I34&"_"&$D$2 -> SUPPLY_EAST_I_1_17 | E34: SUPPLY | F34: SUPPLY | G34: EAST | H34: I | I34: 1 | K34: =COUNT(AD34:BK34) -> 5 | AD34: 1 | AE34: =AD34+1 -> 2 | AF34: =AE34+1 -> 3 | AG34: =AF34+1 -> 4 | AH34: =AG34+1 -> 5
B35: 4 | C35: 5 | D35: =F35&"_"&G35&"_"&H35&"_"&I35&"_"&$D$2 -> EMPTY_EAST_I_1_17 | E35: SUPPLY | F35: EMPTY | G35: EAST | H35: I | I35: 1 | K35: =COUNT(AD35:BG35) -> 18 | AD35: 1 | AE35: =AD35+1 -> 2 | AF35: =AE35+1 -> 3 | AG35: =AF35+1 -> 4 | AH35: =AG35+1 -> 5 | AI35: =AH35+1 -> 6 | AJ35: =AI35+1 -> 7 | AK35: =AJ35+1 -> 8 | AL35: =AK35+1 -> 9 | ... AU35: =AT35+1 -> 18
B36: 4 | C36: 6 | D36: =F36&"_"&G36&"_"&H36&"_"&I36&"_"&$D$2 -> COUNTDOWN_EAST_I_1_17 | F36: COUNTDOWN | G36: EAST | H36: I | I36: 1
A37: N | B37: 5 | C37: 1 | D37: =F37&"_"&G37&"_"&H37&"_"&I37&"_"&$D$2 -> SORTING_EAST_G_2_17 | E37: UNLOAD | F37: SORTING | G37: EAST | H37: G | I37: 2 | K37: =COUNT(X37:AT37) -> 7 | X37: 1 | Y37: =X37+1 -> 2 | Z37: =Y37+1 -> 3 | AA37: =Z37+1 -> 4 | AB37: =AA37+1 -> 5 | AC37: =AB37+1 -> 6 | AD37: =AC37+1 -> 7
A38: N | B38: 5 | C38: 2 | D38: =F38&"_"&G38&"_"&H38&"_"&I38&"_"&$D$2 -> TRANSFER_EAST_G_2_17 | E38: TRANSFER | F38: TRANSFER | G38: EAST | H38: G | I38: 2 | K38: =COUNT(X38:AT38) -> 9 | X38: 1 | Y38: =X38+1 -> 2 | Z38: =Y38+1 -> 3 | AA38: =Z38+1 -> 4 | AB38: =AA38+1 -> 5 | AC38: =AB38+1 -> 6 | AD38: =AC38+1 -> 7 | AE38: =AD38+1 -> 8 | AF38: =AE38+1 -> 9
A39: N | B39: 5 | C39: 3 | D39: =F39&"_"&G39&"_"&H39&"_"&I39&"_"&$D$2 -> PREPARE_EAST_G_2_17 | E39: SUPPLY | F39: PREPARE | G39: EAST | H39: G | I39: 2 | K39: =COUNT(M39:AT39) -> 22 | M39: 1 | N39: =M39+1 -> 2 | O39: =N39+1 -> 3 | P39: =O39+1 -> 4 | Q39: =P39+1 -> 5 | R39: =Q39+1 -> 6 | S39: =R39+1 -> 7 | T39: =S39+1 -> 8 | U39: =T39+1 -> 9 | ... AH39: =AG39+1 -> 22
A40: N | B40: 5 | C40: 4 | D40: =F40&"_"&G40&"_"&H40&"_"&I40&"_"&$D$2 -> SUPPLY_EAST_G_2_17 | E40: SUPPLY | F40: SUPPLY | G40: EAST | H40: G | I40: 2 | K40: =COUNT(AD40:BK40) -> 6 | AD40: 1 | AE40: =AD40+1 -> 2 | AF40: =AE40+1 -> 3 | AG40: =AF40+1 -> 4 | AH40: =AG40+1 -> 5 | AI40: =AH40+1 -> 6
A41: N | B41: 5 | C41: 5 | D41: =F41&"_"&G41&"_"&H41&"_"&I41&"_"&$D$2 -> EMPTY_EAST_G_2_17 | E41: SUPPLY | F41: EMPTY | G41: EAST | H41: G | I41: 2 | K41: =COUNT(AD41:BG41) -> 20 | AD41: 1 | AE41: =AD41+1 -> 2 | AF41: =AE41+1 -> 3 | AG41: =AF41+1 -> 4 | AH41: =AG41+1 -> 5 | AI41: =AH41+1 -> 6 | AJ41: =AI41+1 -> 7 | AK41: =AJ41+1 -> 8 | AL41: =AK41+1 -> 9 | ... AW41: =AV41+1 -> 20
A42: N | B42: 5 | C42: 6 | D42: =F42&"_"&G42&"_"&H42&"_"&I42&"_"&$D$2 -> COUNTDOWN_EAST_G_2_17 | F42: COUNTDOWN | G42: EAST | H42: G | I42: 2
B43: 6 | C43: 1 | D43: =F43&"_"&G43&"_"&H43&"_"&I43&"_"&$D$2 -> SORTING_EAST_B_1_17 | E43: UNLOAD | F43: SORTING | G43: EAST | H43: B | I43: 1 | K43: =COUNT(X43:AT43) -> 9 | X43: 1 | Y43: =X43+1 -> 2 | Z43: =Y43+1 -> 3 | AA43: =Z43+1 -> 4 | AB43: =AA43+1 -> 5 | AC43: =AB43+1 -> 6 | AD43: =AC43+1 -> 7 | AE43: =AD43+1 -> 8 | AF43: =AE43+1 -> 9
B44: 6 | C44: 2 | D44: =F44&"_"&G44&"_"&H44&"_"&I44&"_"&$D$2 -> TRANSFER_EAST_B_1_17 | E44: TRANSFER | F44: TRANSFER | G44: EAST | H44: B | I44: 1 | K44: =COUNT(X44:AT44) -> 11 | X44: 1 | Y44: =X44+1 -> 2 | Z44: =Y44+1 -> 3 | AA44: =Z44+1 -> 4 | AB44: =AA44+1 -> 5 | AC44: =AB44+1 -> 6 | AD44: =AC44+1 -> 7 | AE44: =AD44+1 -> 8 | AF44: =AE44+1 -> 9 | ... AH44: =AG44+1 -> 11
B45: 6 | C45: 3 | D45: =F45&"_"&G45&"_"&H45&"_"&I45&"_"&$D$2 -> PREPARE_EAST_B_1_17 | E45: SUPPLY | F45: PREPARE | G45: EAST | H45: B | I45: 1 | K45: =COUNT(M45:AT45) -> 24 | M45: 1 | N45: =M45+1 -> 2 | O45: =N45+1 -> 3 | P45: =O45+1 -> 4 | Q45: =P45+1 -> 5 | R45: =Q45+1 -> 6 | S45: =R45+1 -> 7 | T45: =S45+1 -> 8 | U45: =T45+1 -> 9 | ... AJ45: =AI45+1 -> 24
B46: 6 | C46: 4 | D46: =F46&"_"&G46&"_"&H46&"_"&I46&"_"&$D$2 -> SUPPLY_EAST_B_1_17 | E46: SUPPLY | F46: SUPPLY | G46: EAST | H46: B | I46: 1 | K46: =COUNT(AD46:BK46) -> 9 | AD46: 1 | AE46: =AD46+1 -> 2 | AF46: =AE46+1 -> 3 | AG46: =AF46+1 -> 4 | AH46: =AG46+1 -> 5 | AI46: =AH46+1 -> 6 | AJ46: =AI46+1 -> 7 | AK46: =AJ46+1 -> 8 | AL46: =AK46+1 -> 9
B47: 6 | C47: 5 | D47: =F47&"_"&G47&"_"&H47&"_"&I47&"_"&$D$2 -> EMPTY_EAST_B_1_17 | E47: SUPPLY | F47: EMPTY | G47: EAST | H47: B | I47: 1 | K47: =COUNT(AD47:BG47) -> 22 | AD47: 1 | AE47: =AD47+1 -> 2 | AF47: =AE47+1 -> 3 | AG47: =AF47+1 -> 4 | AH47: =AG47+1 -> 5 | AI47: =AH47+1 -> 6 | AJ47: =AI47+1 -> 7 | AK47: =AJ47+1 -> 8 | AL47: =AK47+1 -> 9 | ... AY47: =AX47+1 -> 22
B48: 6 | C48: 6 | D48: =F48&"_"&G48&"_"&H48&"_"&I48&"_"&$D$2 -> COUNTDOWN_EAST_B_1_17 | F48: COUNTDOWN | G48: EAST | H48: B | I48: 1
B49: 7 | C49: 1 | D49: =F49&"_"&G49&"_"&H49&"_"&I49&"_"&$D$2 -> SORTING_EAST_E_2_17 | E49: UNLOAD | F49: SORTING | G49: EAST | H49: E | I49: 2 | K49: =COUNT(X49:AT49) -> 11 | X49: 1 | Y49: =X49+1 -> 2 | Z49: =Y49+1 -> 3 | AA49: =Z49+1 -> 4 | AB49: =AA49+1 -> 5 | AC49: =AB49+1 -> 6 | AD49: =AC49+1 -> 7 | AE49: =AD49+1 -> 8 | AF49: =AE49+1 -> 9 | ... AH49: =AG49+1 -> 11
B50: 7 | C50: 2 | D50: =F50&"_"&G50&"_"&H50&"_"&I50&"_"&$D$2 -> TRANSFER_EAST_E_2_17 | E50: TRANSFER | F50: TRANSFER | G50: EAST | H50: E | I50: 2 | K50: =COUNT(X50:AT50) -> 13 | X50: 1 | Y50: =X50+1 -> 2 | Z50: =Y50+1 -> 3 | AA50: =Z50+1 -> 4 | AB50: =AA50+1 -> 5 | AC50: =AB50+1 -> 6 | AD50: =AC50+1 -> 7 | AE50: =AD50+1 -> 8 | AF50: =AE50+1 -> 9 | ... AJ50: =AI50+1 -> 13
B51: 7 | C51: 3 | D51: =F51&"_"&G51&"_"&H51&"_"&I51&"_"&$D$2 -> PREPARE_EAST_E_2_17 | E51: SUPPLY | F51: PREPARE | G51: EAST | H51: E | I51: 2 | K51: =COUNT(M51:AT51) -> 26 | M51: 1 | N51: =M51+1 -> 2 | O51: =N51+1 -> 3 | P51: =O51+1 -> 4 | Q51: =P51+1 -> 5 | R51: =Q51+1 -> 6 | S51: =R51+1 -> 7 | T51: =S51+1 -> 8 | U51: =T51+1 -> 9 | ... AL51: =AK51+1 -> 26
B52: 7 | C52: 4 | D52: =F52&"_"&G52&"_"&H52&"_"&I52&"_"&$D$2 -> SUPPLY_EAST_E_2_17 | E52: SUPPLY | F52: SUPPLY | G52: EAST | H52: E | I52: 2 | K52: =COUNT(AD52:BK52) -> 11 | AD52: 1 | AE52: =AD52+1 -> 2 | AF52: =AE52+1 -> 3 | AG52: =AF52+1 -> 4 | AH52: =AG52+1 -> 5 | AI52: =AH52+1 -> 6 | AJ52: =AI52+1 -> 7 | AK52: =AJ52+1 -> 8 | AL52: =AK52+1 -> 9 | ... AN52: =AM52+1 -> 11
B53: 7 | C53: 5 | D53: =F53&"_"&G53&"_"&H53&"_"&I53&"_"&$D$2 -> EMPTY_EAST_E_2_17 | E53: SUPPLY | F53: EMPTY | G53: EAST | H53: E | I53: 2 | K53: =COUNT(AD53:BG53) -> 24 | AD53: 1 | AE53: =AD53+1 -> 2 | AF53: =AE53+1 -> 3 | AG53: =AF53+1 -> 4 | AH53: =AG53+1 -> 5 | AI53: =AH53+1 -> 6 | AJ53: =AI53+1 -> 7 | AK53: =AJ53+1 -> 8 | AL53: =AK53+1 -> 9 | ... BA53: =AZ53+1 -> 24
B54: 7 | C54: 6 | D54: =F54&"_"&G54&"_"&H54&"_"&I54&"_"&$D$2 -> COUNTDOWN_EAST_E_2_17 | F54: COUNTDOWN | G54: EAST | H54: E | I54: 2
B55: 8 | C55: 1 | D55: =F55&"_"&G55&"_"&H55&"_"&I55&"_"&$D$2 -> SORTING_EAST_D_1_17 | E55: UNLOAD | F55: SORTING | G55: EAST | H55: D | I55: 1 | K55: =COUNT(X55:AT55) -> 13 | X55: 1 | Y55: =X55+1 -> 2 | Z55: =Y55+1 -> 3 | AA55: =Z55+1 -> 4 | AB55: =AA55+1 -> 5 | AC55: =AB55+1 -> 6 | AD55: =AC55+1 -> 7 | AE55: =AD55+1 -> 8 | AF55: =AE55+1 -> 9 | ... AJ55: =AI55+1 -> 13
B56: 8 | C56: 2 | D56: =F56&"_"&G56&"_"&H56&"_"&I56&"_"&$D$2 -> TRANSFER_EAST_D_1_17 | E56: TRANSFER | F56: TRANSFER | G56: EAST | H56: D | I56: 1 | K56: =COUNT(X56:AT56) -> 15 | X56: 1 | Y56: =X56+1 -> 2 | Z56: =Y56+1 -> 3 | AA56: =Z56+1 -> 4 | AB56: =AA56+1 -> 5 | AC56: =AB56+1 -> 6 | AD56: =AC56+1 -> 7 | AE56: =AD56+1 -> 8 | AF56: =AE56+1 -> 9 | ... AL56: =AK56+1 -> 15
B57: 8 | C57: 3 | D57: =F57&"_"&G57&"_"&H57&"_"&I57&"_"&$D$2 -> PREPARE_EAST_D_1_17 | E57: SUPPLY | F57: PREPARE | G57: EAST | H57: D | I57: 1 | K57: =COUNT(M57:AT57) -> 28 | M57: 1 | N57: =M57+1 -> 2 | O57: =N57+1 -> 3 | P57: =O57+1 -> 4 | Q57: =P57+1 -> 5 | R57: =Q57+1 -> 6 | S57: =R57+1 -> 7 | T57: =S57+1 -> 8 | U57: =T57+1 -> 9 | ... AN57: =AM57+1 -> 28
B58: 8 | C58: 4 | D58: =F58&"_"&G58&"_"&H58&"_"&I58&"_"&$D$2 -> SUPPLY_EAST_D_1_17 | E58: SUPPLY | F58: SUPPLY | G58: EAST | H58: D | I58: 1 | K58: =COUNT(AD58:BK58) -> 13 | AD58: 1 | AE58: =AD58+1 -> 2 | AF58: =AE58+1 -> 3 | AG58: =AF58+1 -> 4 | AH58: =AG58+1 -> 5 | AI58: =AH58+1 -> 6 | AJ58: =AI58+1 -> 7 | AK58: =AJ58+1 -> 8 | AL58: =AK58+1 -> 9 | ... AP58: =AO58+1 -> 13
B59: 8 | C59: 5 | D59: =F59&"_"&G59&"_"&H59&"_"&I59&"_"&$D$2 -> EMPTY_EAST_D_1_17 | E59: SUPPLY | F59: EMPTY | G59: EAST | H59: D | I59: 1 | K59: =COUNT(AD59:BG59) -> 26 | AD59: 1 | AE59: =AD59+1 -> 2 | AF59: =AE59+1 -> 3 | AG59: =AF59+1 -> 4 | AH59: =AG59+1 -> 5 | AI59: =AH59+1 -> 6 | AJ59: =AI59+1 -> 7 | AK59: =AJ59+1 -> 8 | AL59: =AK59+1 -> 9 | ... BC59: =BB59+1 -> 26
B60: 8 | C60: 6 | D60: =F60&"_"&G60&"_"&H60&"_"&I60&"_"&$D$2 -> COUNTDOWN_EAST_D_1_17 | F60: COUNTDOWN | G60: EAST | H60: D | I60: 1
B61: 10 | C61: 1 | D61: =F61&"_"&G61&"_"&H61&"_"&I61&"_"&$D$2 -> SORTING_EAST_K_2_17 | E61: UNLOAD | F61: SORTING | G61: EAST | H61: K | I61: 2 | K61: =COUNT(X61:AT61) -> 15 | X61: 1 | Y61: =X61+1 -> 2 | Z61: =Y61+1 -> 3 | AA61: =Z61+1 -> 4 | AB61: =AA61+1 -> 5 | AC61: =AB61+1 -> 6 | AD61: =AC61+1 -> 7 | AE61: =AD61+1 -> 8 | AF61: =AE61+1 -> 9 | ... AL61: =AK61+1 -> 15
B62: 10 | C62: 2 | D62: =F62&"_"&G62&"_"&H62&"_"&I62&"_"&$D$2 -> TRANSFER_EAST_K_2_17 | E62: TRANSFER | F62: TRANSFER | G62: EAST | H62: K | I62: 2 | K62: =COUNT(X62:AT62) -> 17 | X62: 1 | Y62: =X62+1 -> 2 | Z62: =Y62+1 -> 3 | AA62: =Z62+1 -> 4 | AB62: =AA62+1 -> 5 | AC62: =AB62+1 -> 6 | AD62: =AC62+1 -> 7 | AE62: =AD62+1 -> 8 | AF62: =AE62+1 -> 9 | ... AN62: =AM62+1 -> 17
B63: 10 | C63: 3 | D63: =F63&"_"&G63&"_"&H63&"_"&I63&"_"&$D$2 -> PREPARE_EAST_K_2_17 | E63: SUPPLY | F63: PREPARE | G63: EAST | H63: K | I63: 2 | K63: =COUNT(M63:AT63) -> 30 | M63: 1 | N63: =M63+1 -> 2 | O63: =N63+1 -> 3 | P63: =O63+1 -> 4 | Q63: =P63+1 -> 5 | R63: =Q63+1 -> 6 | S63: =R63+1 -> 7 | T63: =S63+1 -> 8 | U63: =T63+1 -> 9 | ... AP63: =AO63+1 -> 30
B64: 10 | C64: 4 | D64: =F64&"_"&G64&"_"&H64&"_"&I64&"_"&$D$2 -> SUPPLY_EAST_K_2_17 | E64: SUPPLY | F64: SUPPLY | G64: EAST | H64: K | I64: 2 | K64: =COUNT(AD64:BK64) -> 15 | AD64: 1 | AE64: =AD64+1 -> 2 | AF64: =AE64+1 -> 3 | AG64: =AF64+1 -> 4 | AH64: =AG64+1 -> 5 | AI64: =AH64+1 -> 6 | AJ64: =AI64+1 -> 7 | AK64: =AJ64+1 -> 8 | AL64: =AK64+1 -> 9 | ... AR64: =AQ64+1 -> 15
B65: 10 | C65: 5 | D65: =F65&"_"&G65&"_"&H65&"_"&I65&"_"&$D$2 -> EMPTY_EAST_K_2_17 | E65: SUPPLY | F65: EMPTY | G65: EAST | H65: K | I65: 2 | K65: =COUNT(AD65:BG65) -> 28 | AD65: 1 | AE65: =AD65+1 -> 2 | AF65: =AE65+1 -> 3 | AG65: =AF65+1 -> 4 | AH65: =AG65+1 -> 5 | AI65: =AH65+1 -> 6 | AJ65: =AI65+1 -> 7 | AK65: =AJ65+1 -> 8 | AL65: =AK65+1 -> 9 | ... BE65: =BD65+1 -> 28
B66: 10 | C66: 6 | D66: =F66&"_"&G66&"_"&H66&"_"&I66&"_"&$D$2 -> COUNTDOWN_EAST_K_2_17 | F66: COUNTDOWN | G66: EAST | H66: K | I66: 2
B67: 11 | C67: 1 | D67: =F67&"_"&G67&"_"&H67&"_"&I67&"_"&$D$2 -> SORTING_WEST_H_1_17 | E67: UNLOAD | F67: SORTING | G67: WEST | H67: H | I67: 1 | K67: =COUNT(X67:AT67) -> 0
B68: 11 | C68: 2 | D68: =F68&"_"&G68&"_"&H68&"_"&I68&"_"&$D$2 -> TRANSFER_WEST_H_1_17 | E68: TRANSFER | F68: TRANSFER | G68: WEST | H68: H | I68: 1 | K68: =COUNT(X68:AT68) -> 2 | X68: 1 | Y68: =X68+1 -> 2
B69: 11 | C69: 3 | D69: =F69&"_"&G69&"_"&H69&"_"&I69&"_"&$D$2 -> PREPARE_WEST_H_1_17 | E69: SUPPLY | F69: PREPARE | G69: WEST | H69: H | I69: 1 | K69: =COUNT(M69:AT69) -> 15 | M69: 1 | N69: =M69+1 -> 2 | O69: =N69+1 -> 3 | P69: =O69+1 -> 4 | Q69: =P69+1 -> 5 | R69: =Q69+1 -> 6 | S69: =R69+1 -> 7 | T69: =S69+1 -> 8 | U69: =T69+1 -> 9 | ... AA69: =Z69+1 -> 15
B70: 11 | C70: 4 | D70: =F70&"_"&G70&"_"&H70&"_"&I70&"_"&$D$2 -> SUPPLY_WEST_H_1_17 | E70: SUPPLY | F70: SUPPLY | G70: WEST | H70: H | I70: 1 | K70: =COUNT(AD70:BK70) -> 0
B71: 11 | C71: 5 | D71: =F71&"_"&G71&"_"&H71&"_"&I71&"_"&$D$2 -> EMPTY_WEST_H_1_17 | E71: SUPPLY | F71: EMPTY | G71: WEST | H71: H | I71: 1 | K71: =COUNT(AD71:BG71) -> 13 | AD71: 1 | AE71: =AD71+1 -> 2 | AF71: =AE71+1 -> 3 | AG71: =AF71+1 -> 4 | AH71: =AG71+1 -> 5 | AI71: =AH71+1 -> 6 | AJ71: =AI71+1 -> 7 | AK71: =AJ71+1 -> 8 | AL71: =AK71+1 -> 9 | ... AP71: =AO71+1 -> 13
B72: 11 | C72: 6 | D72: =F72&"_"&G72&"_"&H72&"_"&I72&"_"&$D$2 -> COUNTDOWN_WEST_H_1_17 | F72: COUNTDOWN | G72: WEST | H72: H | I72: 1
B73: 12 | C73: 1 | D73: =F73&"_"&G73&"_"&H73&"_"&I73&"_"&$D$2 -> SORTING_WEST_P_2_17 | E73: UNLOAD | F73: SORTING | G73: WEST | H73: P | I73: 2 | K73: =COUNT(X73:AT73) -> 2 | X73: 1 | Y73: =X73+1 -> 2
B74: 12 | C74: 2 | D74: =F74&"_"&G74&"_"&H74&"_"&I74&"_"&$D$2 -> TRANSFER_WEST_P_2_17 | E74: TRANSFER | F74: TRANSFER | G74: WEST | H74: P | I74: 2 | K74: =COUNT(X74:AT74) -> 4 | X74: 1 | Y74: =X74+1 -> 2 | Z74: =Y74+1 -> 3 | AA74: =Z74+1 -> 4
B75: 12 | C75: 3 | D75: =F75&"_"&G75&"_"&H75&"_"&I75&"_"&$D$2 -> PREPARE_WEST_P_2_17 | E75: SUPPLY | F75: PREPARE | G75: WEST | H75: P | I75: 2 | K75: =COUNT(M75:AT75) -> 17 | M75: 1 | N75: =M75+1 -> 2 | O75: =N75+1 -> 3 | P75: =O75+1 -> 4 | Q75: =P75+1 -> 5 | R75: =Q75+1 -> 6 | S75: =R75+1 -> 7 | T75: =S75+1 -> 8 | U75: =T75+1 -> 9 | ... AC75: =AB75+1 -> 17
B76: 12 | C76: 4 | D76: =F76&"_"&G76&"_"&H76&"_"&I76&"_"&$D$2 -> SUPPLY_WEST_P_2_17 | E76: SUPPLY | F76: SUPPLY | G76: WEST | H76: P | I76: 2 | K76: =COUNT(AD76:BK76) -> 2 | AD76: 1 | AE76: =AD76+1 -> 2
B77: 12 | C77: 5 | D77: =F77&"_"&G77&"_"&H77&"_"&I77&"_"&$D$2 -> EMPTY_WEST_P_2_17 | E77: SUPPLY | F77: EMPTY | G77: WEST | H77: P | I77: 2 | K77: =COUNT(AD77:BG77) -> 15 | AD77: 1 | AE77: =AD77+1 -> 2 | AF77: =AE77+1 -> 3 | AG77: =AF77+1 -> 4 | AH77: =AG77+1 -> 5 | AI77: =AH77+1 -> 6 | AJ77: =AI77+1 -> 7 | AK77: =AJ77+1 -> 8 | AL77: =AK77+1 -> 9 | ... AR77: =AQ77+1 -> 15
B78: 12 | C78: 6 | D78: =F78&"_"&G78&"_"&H78&"_"&I78&"_"&$D$2 -> COUNTDOWN_WEST_P_2_17 | F78: COUNTDOWN | G78: WEST | H78: P | I78: 2
A79: G | B79: 13 | C79: 1 | D79: =F79&"_"&G79&"_"&H79&"_"&I79&"_"&$D$2 -> SORTING_WEST_O_1_17 | E79: UNLOAD | F79: SORTING | G79: WEST | H79: O | I79: 1 | K79: =COUNT(X79:AT79) -> 4 | X79: 1 | Y79: =X79+1 -> 2 | Z79: =Y79+1 -> 3 | AA79: =Z79+1 -> 4
A80: G | B80: 13 | C80: 2 | D80: =F80&"_"&G80&"_"&H80&"_"&I80&"_"&$D$2 -> TRANSFER_WEST_O_1_17 | E80: TRANSFER | F80: TRANSFER | G80: WEST | H80: O | I80: 1 | K80: =COUNT(X80:AT80) -> 6 | X80: 1 | Y80: =X80+1 -> 2 | Z80: =Y80+1 -> 3 | AA80: =Z80+1 -> 4 | AB80: =AA80+1 -> 5 | AC80: =AB80+1 -> 6
A81: G | B81: 13 | C81: 3 | D81: =F81&"_"&G81&"_"&H81&"_"&I81&"_"&$D$2 -> PREPARE_WEST_O_1_17 | E81: SUPPLY | F81: PREPARE | G81: WEST | H81: O | I81: 1 | K81: =COUNT(M81:AT81) -> 19 | M81: 1 | N81: =M81+1 -> 2 | O81: =N81+1 -> 3 | P81: =O81+1 -> 4 | Q81: =P81+1 -> 5 | R81: =Q81+1 -> 6 | S81: =R81+1 -> 7 | T81: =S81+1 -> 8 | U81: =T81+1 -> 9 | ... AE81: =AD81+1 -> 19
A82: G | B82: 13 | C82: 4 | D82: =F82&"_"&G82&"_"&H82&"_"&I82&"_"&$D$2 -> SUPPLY_WEST_O_1_17 | E82: SUPPLY | F82: SUPPLY | G82: WEST | H82: O | I82: 1 | K82: =COUNT(AD82:BK82) -> 4 | AD82: 1 | AE82: =AD82+1 -> 2 | AF82: =AE82+1 -> 3 | AG82: =AF82+1 -> 4
A83: G | B83: 13 | C83: 5 | D83: =F83&"_"&G83&"_"&H83&"_"&I83&"_"&$D$2 -> EMPTY_WEST_O_1_17 | E83: SUPPLY | F83: EMPTY | G83: WEST | H83: O | I83: 1 | K83: =COUNT(AD83:BG83) -> 17 | AD83: 1 | AE83: =AD83+1 -> 2 | AF83: =AE83+1 -> 3 | AG83: =AF83+1 -> 4 | AH83: =AG83+1 -> 5 | AI83: =AH83+1 -> 6 | AJ83: =AI83+1 -> 7 | AK83: =AJ83+1 -> 8 | AL83: =AK83+1 -> 9 | ... AT83: =AS83+1 -> 17
A84: G | B84: 13 | C84: 6 | D84: =F84&"_"&G84&"_"&H84&"_"&I84&"_"&$D$2 -> COUNTDOWN_WEST_O_1_17 | F84: COUNTDOWN | G84: WEST | H84: O | I84: 1
B85: 14 | C85: 1 | D85: =F85&"_"&G85&"_"&H85&"_"&I85&"_"&$D$2 -> SORTING_WEST_L_2_17 | E85: UNLOAD | F85: SORTING | G85: WEST | H85: L | I85: 2 | K85: =COUNT(X85:AT85) -> 6 | X85: 1 | Y85: =X85+1 -> 2 | Z85: =Y85+1 -> 3 | AA85: =Z85+1 -> 4 | AB85: =AA85+1 -> 5 | AC85: =AB85+1 -> 6
B86: 14 | C86: 2 | D86: =F86&"_"&G86&"_"&H86&"_"&I86&"_"&$D$2 -> TRANSFER_WEST_L_2_17 | E86: TRANSFER | F86: TRANSFER | G86: WEST | H86: L | I86: 2 | K86: =COUNT(X86:AT86) -> 8 | X86: 1 | Y86: =X86+1 -> 2 | Z86: =Y86+1 -> 3 | AA86: =Z86+1 -> 4 | AB86: =AA86+1 -> 5 | AC86: =AB86+1 -> 6 | AD86: =AC86+1 -> 7 | AE86: =AD86+1 -> 8
B87: 14 | C87: 3 | D87: =F87&"_"&G87&"_"&H87&"_"&I87&"_"&$D$2 -> PREPARE_WEST_L_2_17 | E87: SUPPLY | F87: PREPARE | G87: WEST | H87: L | I87: 2 | K87: =COUNT(M87:AT87) -> 21 | M87: 1 | N87: =M87+1 -> 2 | O87: =N87+1 -> 3 | P87: =O87+1 -> 4 | Q87: =P87+1 -> 5 | R87: =Q87+1 -> 6 | S87: =R87+1 -> 7 | T87: =S87+1 -> 8 | U87: =T87+1 -> 9 | ... AG87: =AF87+1 -> 21
B88: 14 | C88: 4 | D88: =F88&"_"&G88&"_"&H88&"_"&I88&"_"&$D$2 -> SUPPLY_WEST_L_2_17 | E88: SUPPLY | F88: SUPPLY | G88: WEST | H88: L | I88: 2 | K88: =COUNT(AD88:BK88) -> 6 | AD88: 1 | AE88: =AD88+1 -> 2 | AF88: =AE88+1 -> 3 | AG88: =AF88+1 -> 4 | AH88: =AG88+1 -> 5 | AI88: =AH88+1 -> 6
B89: 14 | C89: 5 | D89: =F89&"_"&G89&"_"&H89&"_"&I89&"_"&$D$2 -> EMPTY_WEST_L_2_17 | E89: SUPPLY | F89: EMPTY | G89: WEST | H89: L | I89: 2 | K89: =COUNT(AD89:BG89) -> 19 | AD89: 1 | AE89: =AD89+1 -> 2 | AF89: =AE89+1 -> 3 | AG89: =AF89+1 -> 4 | AH89: =AG89+1 -> 5 | AI89: =AH89+1 -> 6 | AJ89: =AI89+1 -> 7 | AK89: =AJ89+1 -> 8 | AL89: =AK89+1 -> 9 | ... AV89: =AU89+1 -> 19
B90: 14 | C90: 6 | D90: =F90&"_"&G90&"_"&H90&"_"&I90&"_"&$D$2 -> COUNTDOWN_WEST_L_2_17 | F90: COUNTDOWN | G90: WEST | H90: L | I90: 2
B91: 16 | C91: 1 | D91: =F91&"_"&G91&"_"&H91&"_"&I91&"_"&$D$2 -> SORTING_WEST_N_1_17 | E91: UNLOAD | F91: SORTING | G91: WEST | H91: N | I91: 1 | K91: =COUNT(X91:AT91) -> 8 | X91: 1 | Y91: =X91+1 -> 2 | Z91: =Y91+1 -> 3 | AA91: =Z91+1 -> 4 | AB91: =AA91+1 -> 5 | AC91: =AB91+1 -> 6 | AD91: =AC91+1 -> 7 | AE91: =AD91+1 -> 8
B92: 16 | C92: 2 | D92: =F92&"_"&G92&"_"&H92&"_"&I92&"_"&$D$2 -> TRANSFER_WEST_N_1_17 | E92: TRANSFER | F92: TRANSFER | G92: WEST | H92: N | I92: 1 | K92: =COUNT(X92:AT92) -> 10 | X92: 1 | Y92: =X92+1 -> 2 | Z92: =Y92+1 -> 3 | AA92: =Z92+1 -> 4 | AB92: =AA92+1 -> 5 | AC92: =AB92+1 -> 6 | AD92: =AC92+1 -> 7 | AE92: =AD92+1 -> 8 | AF92: =AE92+1 -> 9 | AG92: =AF92+1 -> 10
B93: 16 | C93: 3 | D93: =F93&"_"&G93&"_"&H93&"_"&I93&"_"&$D$2 -> PREPARE_WEST_N_1_17 | E93: SUPPLY | F93: PREPARE | G93: WEST | H93: N | I93: 1 | K93: =COUNT(M93:AT93) -> 23 | M93: 1 | N93: =M93+1 -> 2 | O93: =N93+1 -> 3 | P93: =O93+1 -> 4 | Q93: =P93+1 -> 5 | R93: =Q93+1 -> 6 | S93: =R93+1 -> 7 | T93: =S93+1 -> 8 | U93: =T93+1 -> 9 | ... AI93: =AH93+1 -> 23
B94: 16 | C94: 4 | D94: =F94&"_"&G94&"_"&H94&"_"&I94&"_"&$D$2 -> SUPPLY_WEST_N_1_17 | E94: SUPPLY | F94: SUPPLY | G94: WEST | H94: N | I94: 1 | K94: =COUNT(AD94:BK94) -> 9 | AD94: 1 | AE94: =AD94+1 -> 2 | AF94: =AE94+1 -> 3 | AG94: =AF94+1 -> 4 | AH94: =AG94+1 -> 5 | AI94: =AH94+1 -> 6 | AJ94: =AI94+1 -> 7 | AK94: =AJ94+1 -> 8 | AL94: =AK94+1 -> 9
B95: 16 | C95: 5 | D95: =F95&"_"&G95&"_"&H95&"_"&I95&"_"&$D$2 -> EMPTY_WEST_N_1_17 | E95: SUPPLY | F95: EMPTY | G95: WEST | H95: N | I95: 1 | K95: =COUNT(AD95:BG95) -> 21 | AD95: 1 | AE95: =AD95+1 -> 2 | AF95: =AE95+1 -> 3 | AG95: =AF95+1 -> 4 | AH95: =AG95+1 -> 5 | AI95: =AH95+1 -> 6 | AJ95: =AI95+1 -> 7 | AK95: =AJ95+1 -> 8 | AL95: =AK95+1 -> 9 | ... AX95: =AW95+1 -> 21
B96: 16 | C96: 6 | D96: =F96&"_"&G96&"_"&H96&"_"&I96&"_"&$D$2 -> COUNTDOWN_WEST_N_1_17 | F96: COUNTDOWN | G96: WEST | H96: N | I96: 1
B97: 17 | C97: 1 | D97: =F97&"_"&G97&"_"&H97&"_"&I97&"_"&$D$2 -> SORTING_WEST_J_2_17 | E97: UNLOAD | F97: SORTING | G97: WEST | H97: J | I97: 2 | K97: =COUNT(X97:AT97) -> 10 | X97: 1 | Y97: =X97+1 -> 2 | Z97: =Y97+1 -> 3 | AA97: =Z97+1 -> 4 | AB97: =AA97+1 -> 5 | AC97: =AB97+1 -> 6 | AD97: =AC97+1 -> 7 | AE97: =AD97+1 -> 8 | AF97: =AE97+1 -> 9 | AG97: =AF97+1 -> 10
B98: 17 | C98: 2 | D98: =F98&"_"&G98&"_"&H98&"_"&I98&"_"&$D$2 -> TRANSFER_WEST_J_2_17 | E98: TRANSFER | F98: TRANSFER | G98: WEST | H98: J | I98: 2 | K98: =COUNT(X98:AT98) -> 12 | X98: 1 | Y98: =X98+1 -> 2 | Z98: =Y98+1 -> 3 | AA98: =Z98+1 -> 4 | AB98: =AA98+1 -> 5 | AC98: =AB98+1 -> 6 | AD98: =AC98+1 -> 7 | AE98: =AD98+1 -> 8 | AF98: =AE98+1 -> 9 | ... AI98: =AH98+1 -> 12
B99: 17 | C99: 3 | D99: =F99&"_"&G99&"_"&H99&"_"&I99&"_"&$D$2 -> PREPARE_WEST_J_2_17 | E99: SUPPLY | F99: PREPARE | G99: WEST | H99: J | I99: 2 | K99: =COUNT(M99:AT99) -> 25 | M99: 1 | N99: =M99+1 -> 2 | O99: =N99+1 -> 3 | P99: =O99+1 -> 4 | Q99: =P99+1 -> 5 | R99: =Q99+1 -> 6 | S99: =R99+1 -> 7 | T99: =S99+1 -> 8 | U99: =T99+1 -> 9 | ... AK99: =AJ99+1 -> 25
B100: 17 | C100: 4 | D100: =F100&"_"&G100&"_"&H100&"_"&I100&"_"&$D$2 -> SUPPLY_WEST_J_2_17 | E100: SUPPLY | F100: SUPPLY | G100: WEST | H100: J | I100: 2 | K100: =COUNT(AD100:BK100) -> 10 | AD100: 1 | AE100: =AD100+1 -> 2 | AF100: =AE100+1 -> 3 | AG100: =AF100+1 -> 4 | AH100: =AG100+1 -> 5 | AI100: =AH100+1 -> 6 | AJ100: =AI100+1 -> 7 | AK100: =AJ100+1 -> 8 | AL100: =AK100+1 -> 9 | AM100: =AL100+1 -> 10
B101: 17 | C101: 5 | D101: =F101&"_"&G101&"_"&H101&"_"&I101&"_"&$D$2 -> EMPTY_WEST_J_2_17 | E101: SUPPLY | F101: EMPTY | G101: WEST | H101: J | I101: 2 | K101: =COUNT(AD101:BG101) -> 23 | AD101: 1 | AE101: =AD101+1 -> 2 | AF101: =AE101+1 -> 3 | AG101: =AF101+1 -> 4 | AH101: =AG101+1 -> 5 | AI101: =AH101+1 -> 6 | AJ101: =AI101+1 -> 7 | AK101: =AJ101+1 -> 8 | AL101: =AK101+1 -> 9 | ... AZ101: =AY101+1 -> 23
B102: 17 | C102: 6 | D102: =F102&"_"&G102&"_"&H102&"_"&I102&"_"&$D$2 -> COUNTDOWN_WEST_J_2_17 | F102: COUNTDOWN | G102: WEST | H102: J | I102: 2
...

Sheet 18
B2: COUNT DOWN : | D2: 18 | E2: 0 Route Ketemu | W2: Advance 6 C/D | AC2: PICS=Supply
B4: NO SEQ | C4: NO PROCESS | E4: MAIN PROCESS | F4: PROCESS NAME | G4: ZONE | H4: ROUTE | I4: LANE | J4: OFFSET 1 | K4: OFFSET 2 | L4: GROUP
K5: 17 | L5: PICS | M5: 18 | N5: 17 | O5: 16 | P5: 15 | Q5: 14 | R5: 13 | S5: 12 | T5: 11 | U5: 10 | V5: 9 | W5: 8 | X5: 7 | Y5: 6 | Z5: 5 | AA5: 4 | AB5: 3 | AC5: 2 | AD5: 1 | AE5: 18 | AF5: 17 | AG5: 16 | AH5: 15 | AI5: 14 | AJ5: 13 | AK5: 12 | AL5: 11 | AM5: 10 | AN5: 9 | AO5: 8 | AP5: 7 | AQ5: 6 | AR5: 5 | AS5: 4 | AT5: 3 | AU5: 2 | AV5: 1 | AW5: 18 | AX5: 17 | AY5: 16 | AZ5: 15 | BA5: 14 | BB5: 13 | BC5: 12 | BD5: 11 | BE5: 10 | BF5: 9 | BG5: 8 | BH5: 7 | BI5: 6 | BJ5: 5 | BK5: 4 | BL5: 3 | BM5: 2 | BN5: 1 | BO5: 18 | BP5: 17 | BQ5: 16 | BR5: 15 | BS5: 14 | BT5: 13 | BU5: 12 | BV5: 11 | BW5: 10 | BX5: 9 | BY5: 8 | BZ5: 7 | CA5: 6 | CB5: 5 | CC5: 4 | CD5: 3 | CE5: 2 | CF5: 1
B6: 0 | C6: 0 | F6: UNLOAD P LANE | M6: 12 | N6: 11 | O6: 10 | P6: 9 | Q6: 8 | R6: 7 | S6: 6 | T6: 5 | U6: 4 | V6: 3 | W6: 2 | X6: 1 | Y6: 18 | Z6: 17 | AA6: 16 | AB6: 15 | AC6: 14 | AD6: 13 | AE6: 12 | AF6: 11 | AG6: 10 | AH6: 9 | AI6: 8 | AJ6: 7 | AK6: 6 | AL6: 5 | AM6: 4 | AN6: 3 | AO6: 2 | AP6: 1 | AQ6: 18 | AR6: 17 | AS6: 16 | AT6: 15 | AU6: 14 | AV6: 13 | AW6: 12 | AX6: 11 | AY6: 10 | AZ6: 9 | BA6: 8 | BB6: 7 | BC6: 6 | BD6: 5 | BE6: 4 | BF6: 3 | BG6: 2 | BH6: 1 | BI6: 18 | BJ6: 17 | BK6: 16 | BL6: 15 | BM6: 14 | BN6: 13 | BO6: 12 | BP6: 11 | BQ6: 10 | BR6: 9 | BS6: 8 | BT6: 7 | BU6: 6 | BV6: 5 | BW6: 4 | BX6: 3 | BY6: 2 | BZ6: 1 | CA6: 18 | CB6: 17 | CC6: 16 | CD6: 15 | CE6: 14 | CF6: 13
B7: 1 | C7: 1 | D7: =F7&"_"&G7&"_"&H7&"_"&I7&"_"&$D$2 -> SORTING_EAST_UNP_1_18 | E7: UNLOAD | F7: SORTING | G7: EAST | H7: UNP | I7: 1 | K7: =COUNT(Y7:AV7) -> 0
B8: 1 | C8: 2 | D8: =F8&"_"&G8&"_"&H8&"_"&I8&"_"&$D$2 -> TRANSFER_EAST_UNP_1_18 | E8: TRANSFER | F8: TRANSFER | G8: EAST | H8: UNP | I8: 1 | K8: =COUNT(Y8:AV8) -> 2 | Y8: 1 | Z8: =Y8+1 -> 2
B9: 1 | C9: 3 | D9: =F9&"_"&G9&"_"&H9&"_"&I9&"_"&$D$2 -> PREPARE_EAST_UNP_1_18 | E9: SUPPLY | F9: PREPARE | G9: EAST | H9: UNP | I9: 1 | K9: =COUNT(M9:AV9) -> 16 | M9: 1 | N9: =M9+1 -> 2 | O9: =N9+1 -> 3 | P9: =O9+1 -> 4 | Q9: =P9+1 -> 5 | R9: =Q9+1 -> 6 | S9: =R9+1 -> 7 | T9: =S9+1 -> 8 | U9: =T9+1 -> 9 | ... AB9: =AA9+1 -> 16
B10: 1 | C10: 4 | D10: =F10&"_"&G10&"_"&H10&"_"&I10&"_"&$D$2 -> SUPPLY_EAST_UNP_1_18 | E10: SUPPLY | F10: SUPPLY | G10: EAST | H10: UNP | I10: 1 | K10: =COUNT(AE10:BN10) -> 0
B11: 1 | C11: 5 | D11: =F11&"_"&G11&"_"&H11&"_"&I11&"_"&$D$2 -> EMPTY_EAST_UNP_1_18 | E11: SUPPLY | F11: EMPTY | G11: EAST | H11: UNP | I11: 1 | K11: =COUNT(AE11:BN11) -> 14 | AE11: 1 | AF11: =AE11+1 -> 2 | AG11: =AF11+1 -> 3 | AH11: =AG11+1 -> 4 | AI11: =AH11+1 -> 5 | AJ11: =AI11+1 -> 6 | AK11: =AJ11+1 -> 7 | AL11: =AK11+1 -> 8 | AM11: =AL11+1 -> 9 | ... AR11: =AQ11+1 -> 14
B12: 1 | C12: 6 | D12: =F12&"_"&G12&"_"&H12&"_"&I12&"_"&$D$2 -> COUNTDOWN_EAST_UNP_1_18 | F12: COUNTDOWN | G12: EAST | H12: UNP | I12: 1
B13: 2 | C13: 1 | D13: =F13&"_"&G13&"_"&H13&"_"&I13&"_"&$D$2 -> SORTING_EAST_A_2_18 | E13: UNLOAD | F13: SORTING | G13: EAST | H13: A | I13: 2 | K13: =COUNT(Y13:AV13) -> 2 | Y13: 1 | Z13: =Y13+1 -> 2
B14: 2 | C14: 2 | D14: =F14&"_"&G14&"_"&H14&"_"&I14&"_"&$D$2 -> TRANSFER_EAST_A_2_18 | E14: TRANSFER | F14: TRANSFER | G14: EAST | H14: A | I14: 2 | K14: =COUNT(Y14:AV14) -> 3 | Y14: 1 | Z14: =Y14+1 -> 2 | AA14: =Z14+1 -> 3
B15: 2 | C15: 3 | D15: =F15&"_"&G15&"_"&H15&"_"&I15&"_"&$D$2 -> PREPARE_EAST_A_2_18 | E15: SUPPLY | F15: PREPARE | G15: EAST | H15: A | I15: 2 | K15: =COUNT(M15:AV15) -> 18 | M15: 1 | N15: =M15+1 -> 2 | O15: =N15+1 -> 3 | P15: =O15+1 -> 4 | Q15: =P15+1 -> 5 | R15: =Q15+1 -> 6 | S15: =R15+1 -> 7 | T15: =S15+1 -> 8 | U15: =T15+1 -> 9 | ... AD15: =AC15+1 -> 18
B16: 2 | C16: 4 | D16: =F16&"_"&G16&"_"&H16&"_"&I16&"_"&$D$2 -> SUPPLY_EAST_A_2_18 | E16: SUPPLY | F16: SUPPLY | G16: EAST | H16: A | I16: 2 | K16: =COUNT(AE16:BN16) -> 1 | AE16: 1
B17: 2 | C17: 5 | D17: =F17&"_"&G17&"_"&H17&"_"&I17&"_"&$D$2 -> EMPTY_EAST_A_2_18 | E17: SUPPLY | F17: EMPTY | G17: EAST | H17: A | I17: 2 | K17: =COUNT(AE17:BN17) -> 16 | AE17: 1 | AF17: =AE17+1 -> 2 | AG17: =AF17+1 -> 3 | AH17: =AG17+1 -> 4 | AI17: =AH17+1 -> 5 | AJ17: =AI17+1 -> 6 | AK17: =AJ17+1 -> 7 | AL17: =AK17+1 -> 8 | AM17: =AL17+1 -> 9 | ... AT17: =AS17+1 -> 16
B18: 2 | C18: 6 | D18: =F18&"_"&G18&"_"&H18&"_"&I18&"_"&$D$2 -> COUNTDOWN_EAST_A_2_18 | F18: COUNTDOWN | G18: EAST | H18: A | I18: 2
C19: 1 | D19: =F19&"_"&G19&"_"&H19&"_"&I19&"_"&$D$2 -> SORTING_EAST_C/U_1_18 | E19: UNLOAD | F19: SORTING | G19: EAST | H19: C/U | I19: 1 | K19: =COUNT(Y19:AV19) -> 3 | Y19: 1 | Z19: =Y19+1 -> 2 | AA19: =Z19+1 -> 3
C20: 2 | D20: =F20&"_"&G20&"_"&H20&"_"&I20&"_"&$D$2 -> TRANSFER_EAST_C/U_1_18 | E20: TRANSFER | F20: TRANSFER | G20: EAST | H20: C/U | I20: 1 | K20: =COUNT(Y20:AV20) -> 4 | Y20: 1 | Z20: =Y20+1 -> 2 | AA20: =Z20+1 -> 3 | AB20: =AA20+1 -> 4
C21: 3 | D21: =F21&"_"&G21&"_"&H21&"_"&I21&"_"&$D$2 -> PREPARE_EAST_C/U_1_18 | E21: SUPPLY | F21: PREPARE | G21: EAST | H21: C/U | I21: 1 | K21: =COUNT(M21:AV21) -> 18 | M21: 1 | N21: =M21+1 -> 2 | O21: =N21+1 -> 3 | P21: =O21+1 -> 4 | Q21: =P21+1 -> 5 | R21: =Q21+1 -> 6 | S21: =R21+1 -> 7 | T21: =S21+1 -> 8 | U21: =T21+1 -> 9 | ... AD21: =AC21+1 -> 18
