Workbook

Sheet Pivot 1
B3: Values
A4: Gabungan | B4: Sum of Vol/Box Day | C4: Sum of Vol/m3 Day | E4: Vol Cycle Aug | F4: Vol Cycle Sep | G4: Order Freq Aug 26 | H4: Order Freq Sep 26 | I4: Check | J4: Remark
A5: 0003-1-43 | B5: 16 | C5: 2.046984 | E5: 0.6396825 | F5: =C5/H5 -> 0.511746 | G5: 4 | H5: 4
A6: 0003-1-FP1-43 | B6: 28 | C6: 0.99188475 | E6: 0.89340731 | F6: =C6/H6 -> 0.49594237 | G6: 2 | H6: 2
A7: 0003-1-OP1-43 | B7: 71 | C7: 2.816623 | E7: 0.53632327 | F7: =C7/H7 -> 0.70415576 | G7: 8 | H7: 4
A8: 0003-2-43 | B8: 16 | C8: 0.32 | E8: 0.52 | F8: =C8/H8 -> 0.32 | G8: 1 | H8: 1
A9: 0003-2-OP1-43 | B9: 36 | C9: 2.450994 | E9: 0.48144525 | F9: =C9/H9 -> 0.6127485 | G9: 8 | H9: 4
A10: 0003-3-IP1-43 | B10: 88 | C10: 5.5068808 | E10: 0.7062179 | F10: =C10/H10 -> 0.91781346 | G10: 8 | H10: 6
A11: 0003-3-LP1-43 | B11: 70 | C11: 4.5976388 | E11: 0.75530398 | F11: =C11/H11 -> 0.76627314 | G11: 4 | H11: 6
A12: 0003-3-MP1-43 | B12: 144 | C12: 13.480322 | E12: 0.82034162 | F12: =C12/H12 -> 0.56168009 | G12: 16 | H12: 24
A13: 0003-3-OP1-43 | B13: 349 | C13: 8.0651858 | E13: 0.7703518 | F13: =C13/H13 -> 0.67209882 | G13: 12 | H13: 12
A14: 0003-5-GP1-43 | B14: 223 | C14: 6.1410274 | E14: 0.84903656 | F14: =C14/H14 -> 0.76762842 | G14: 8 | H14: 8
A15: 0003-5-HP1-43 | B15: 52 | C15: 2.275923 | E15: 0.875355 | F15: =C15/H15 -> 0.56898075 | G15: 4 | H15: 4
A16: 0003-5-JP1-43 | B16: 159 | C16: 13.037403 | E16: 0.84930477 | F16: =C16/H16 -> 0.54322511 | G16: 24 | H16: 24
A17: 0003-5-LP1-43 | B17: 313 | C17: 10.503982 | E17: 0.90881467 | F17: =C17/H17 -> 0.87533185 | G17: 14 | H17: 12
A18: 0003-8-HP1-43 | B18: 4 | C18: 0.0462367 | E18: 0.0924734 | F18: =C18/H18 -> 0.0462367 | G18: 1 | H18: 1
A19: 0003-8-NP1-43 | B19: 211 | C19: 19.056478 | E19: 0.90478601 | F19: =C19/H19 -> 0.79401993 | G19: 24 | H19: 24 | I19: Set Part Uniq 683E & 684E ( 0.7 m3 )
A20: 0003-A-BP1-43 | B20: 38 | C20: 4.618385 | E20: 0.92172235 | F20: =C20/H20 -> 0.76973084 | G20: 8 | H20: 6
A21: 0003-A-FP1-43 | B21: 8 | C21: 0.5094144 | E21: 0.4457376 | F21: =C21/H21 -> 0.5094144 | G21: 2 | H21: 1
A22: 0003-A-GP1-43 | B22: 92 | C22: 5.3784316 | E22: 0.61794295 | F22: =C22/H22 -> 0.67230396 | G22: 12 | H22: 8
A23: 0003-A-HP1-43 | B23: 26 | C23: 1.1379615 | E23: 0.875355 | F23: =C23/H23 -> 0.56898075 | G23: 2 | H23: 2
A24: 0003-A-LP1-43 | B24: 302 | C24: 13.201499 | E24: 0.57624232 | F24: =C24/H24 -> 0.55006245 | G24: 24 | H24: 24
A25: 0003-A-MP1-43 | B25: 260 | C25: 15.944516 | E25: 0.71592166 | F25: =C25/H25 -> 0.66435483 | G25: 24 | H25: 24
A26: 0003-C-LP1-43 | B26: 119 | C26: 7.8173774 | E26: 0.71166688 | F26: =C26/H26 -> 0.97717218 | G26: 12 | H26: 8
A27: 0003-E-43 | B27: 261 | C27: 20.969335 | E27: 0.90323747 | F27: =C27/H27 -> 0.87372229 | G27: 24 | H27: 24
A28: 0003-E-FP1-43 | B28: 18 | C28: 0.7878195 | E28: 0.65651625 | F28: =C28/H28 -> 0.39390975 | G28: 2 | H28: 2
A29: 0003-F-FP1-43 | B29: 152 | C29: 19.465698 | E29: 0.78439077 | F29: =C29/H29 -> 0.81107073 | G29: 24 | H29: 24
A30: 0003-F-MP1-43 | B30: 152 | C30: 19.465698 | E30: 0.78439077 | F30: =C30/H30 -> 0.81107073 | G30: 24 | H30: 24
A31: 2536-1-43 | B31: 33 | C31: 0.901284 | E31: 0.459888 | F31: =C31/H31 -> 0.450642 | G31: 2 | H31: 2 | I31: Req Order Freq Vol 0.5 m3 ( Problem part assy )
A32: 5000-1-AP1-43 | B32: 37 | C32: 1.071861 | E32: 0.85633286 | F32: =C32/H32 -> 0.53593049 | G32: 2 | H32: 2 | I32: PART BERAT ( REQ 0.3 m3 ) TRIAL DOWN Juni 2025 0.5 m3
A33: 5000-1-BP1-43 | B33: 2 | C33: 0.0875355 | E33: 0.175071 | F33: =C33/H33 -> 0.0875355 | G33: 1 | H33: 1
A34: 5000-1-CP1-43 | B34: 9 | C34: 0.42768 | E34: 0.30888 | F34: =C34/H34 -> 0.42768 | G34: 2 | H34: 1 | I34: Req Order Freq Vol 0.3 m3 ( Problem part assy )
A35: 5000-1-DP1-43 | B35: 608 | C35: 39.955906 | E35: 1.5991124 | F35: =C35/H35 -> 1.6648294 | G35: 24 | H35: 24 | I35: Set Part
A36: 5000-1-EP1-43 | B36: 49 | C36: 2.8175778 | E36: 0.42257926 | F36: =C36/H36 -> 0.4695963 | G36: 8 | H36: 6 | I36: PART BERAT ( REQ 0.5 m3 )
A37: 5000-1-FP1-43 | B37: 5 | C37: 0.318384 | E37: 0.636768 | F37: =C37/H37 -> 0.318384 | G37: 1 | H37: 1
A38: 5000-1-GP1-43 | B38: 152 | C38: 8.3904 | E38: 0.6716 | F38: =C38/H38 -> 0.6992 | G38: 12 | H38: 12 | I38: Operation Req ( 0.5 m3 )
A39: 5000-1-JP1-43 | B39: 51 | C39: 1.8436507 | E39: 0.7238948 | F39: =C39/H39 -> 0.92182536 | G39: 4 | H39: 2
A40: 5000-1-KP1-43 | B40: 317 | C40: 17.434726 | E40: 0.78810852 | F40: =C40/H40 -> 0.72644691 | G40: 24 | H40: 24
A41: 5000-2-43 | B41: 75 | C41: 7.935 | E41: 1.0227333 | F41: =C41/H41 -> 0.991875 | G41: 12 | H41: 8
A42: 5002-1-43 | B42: 199 | C42: 4.4875695 | E42: 0.67034861 | F42: =C42/H42 -> 0.74792826 | G42: 8 | H42: 6
A43: 5003-1-BP1-43 | B43: 75 | C43: 7.43325 | E43: 0.95806333 | F43: =C43/H43 -> 0.92915625 | G43: 12 | H43: 8
A44: 5003-1-EP1-43 | B44: 110 | C44: 2.2 | E44: 0.29166667 | F44: =C44/H44 -> 0.36666667 | G44: 12 | H44: 6 | I44: PART BERAT ( REQ 0.3 m3 )
A45: 5003-1-FP1-43 | B45: 30 | C45: 1.0403258 | E45: 0.40746092 | F45: =C45/H45 -> 0.26008144 | G45: 4 | H45: 4 | I45: PART BERAT ( REQ 0.3 m3 )
A46: 5004-1-43 | B46: 423 | C46: 9.9586132 | E46: 0.9321421 | F46: =C46/H46 -> 0.82988443 | G46: 12 | H46: 12
A47: 5005-1-AP1-43 | B47: 325 | C47: 8.1433894 | E47: 0.69163681 | F47: =C47/H47 -> 0.67861578 | G47: 12 | H47: 12
A48: 5005-1-CP1-43 | B48: 116 | C48: 2.1255415 | E48: 0.50310468 | F48: =C48/H48 -> 0.53138538 | G48: 4 | H48: 4 | I48: PART BERAT ( REQ 0.3 m3 ) TRIAL DOWN Juni 2025 0.5 m3
A49: 5005-1-DP1-43 | B49: 296 | C49: 6.477627 | E49: 0.8461765 | F49: =C49/H49 -> 0.80970338 | G49: 12 | H49: 8
A50: 5006-1-43 | B50: 17 | C50: 0.19650597 | E50: 0.3236569 | F50: =C50/H50 -> 0.19650597 | G50: 1 | H50: 1
A51: 5007-1-43 | B51: 302 | C51: 8.725662 | E51: 0.79404131 | F51: =C51/H51 -> 0.7271385 | G51: 12 | H51: 12
A52: 5008-1-43 | B52: 32 | C52: 1.0549987 | E52: 0.75842325 | F52: =C52/H52 -> 0.52749937 | G52: 2 | H52: 2
A53: 5009-1-HP1-43 | B53: 84 | C53: 6.081992 | E53: 0.9053844 | F53: =C53/H53 -> 0.760249 | G53: 8 | H53: 8
A54: 5009-1-KP1-43 | B54: 128 | C54: 4.1894229 | E54: 0.60579139 | F54: =C54/H54 -> 0.69823715 | G54: 8 | H54: 6
A55: 5009-1-NP1-43 | B55: 75 | C55: 2.6864605 | E55: 0.54394557 | F55: =C55/H55 -> 0.67161512 | G55: 8 | H55: 4
A56: 5009-1-OP1-43 | B56: 206 | C56: 9.2705421 | E56: 1.7063958 | F56: =C56/H56 -> 1.1588178 | G56: 8 | H56: 8 | I56: Actual Supplier dipisah Skid by Conveyance ( Vol 1.3 )
A57: 5010-1-43 | B57: 8 | C57: 0.39584152 | E57: 0.39584152 | F57: =C57/H57 -> 0.39584152 | G57: 1 | H57: 1
A58: 5011-1-43 | B58: 38 | C58: 1.0512116 | E58: 0.78944676 | F58: =C58/H58 -> 0.52560579 | G58: 2 | H58: 2
A59: 5011-1-OP1-43 | B59: 105 | C59: 4.3510755 | E59: 0.59792077 | F59: =C59/H59 -> 0.72517925 | G59: 8 | H59: 6
A60: 5011-1-PP1-43 | B60: 306 | C60: 12.347843 | E60: 0.59942372 | F60: =C60/H60 -> 0.51449346 | G60: 24 | H60: 24
A61: 5011-2-OP1-43 | B61: 899 | C61: 18.494745 | E61: 0.8609469 | F61: =C61/H61 -> 0.77061436 | G61: 24 | H61: 24 | I61: Actual 2 Dolly karna beda TP Box
A62: 5011-3-43 | B62: 344 | C62: 20.969094 | E62: 1.0088475 | F62: =C62/H62 -> 0.87371224 | G62: 24 | H62: 24
A63: 5014-1-43 | B63: 9 | C63: 0.18 | E63: 0.26 | F63: =C63/H63 -> 0.18 | G63: 1 | H63: 1 | I63: PART BERAT ( REQ 0.3 m3 )
A64: 5019-1-43 | B64: 50 | C64: 1.6494563 | E64: 0.80823356 | F64: =C64/H64 -> 0.82472813 | G64: 2 | H64: 2
A65: 5020-1-43 | B65: 4 | C65: 0.0875355 | E65: 0.10941937 | F65: =C65/H65 -> 0.0875355 | G65: 1 | H65: 1
A66: 5021-1-43 | B66: 8 | C66: 0.62989548 | E66: 0.48552974 | F66: =C66/H66 -> 0.62989548 | G66: 2 | H66: 1
A67: 5022-2-43 | B67: 628 | C67: 165.6802 | E67: 8.385795 | F67: =C67/H67 -> 6.9033415 | G67: 24 | H67: 24 | I67: Spesial Supply MP Empty
A68: 5022-2-AP1-43 | B68: 24 | C68: 0.875355 | E68: 0.875355 | F68: =C68/H68 -> 0.4376775 | G68: 2 | H68: 2
A69: 5022-2-BP1-43 | B69: 38 | C69: 0.91195 | E69: 0.5539625 | F69: =C69/H69 -> 0.455975 | G69: 2 | H69: 2
A70: 5022-2-CP1-43 | B70: 129 | C70: 7.4526881 | E70: 0.85759791 | F70: =C70/H70 -> 0.93158601 | G70: 12 | H70: 8
A71: 5022-2-FP1-43 | B71: 28 | C71: 0.88761205 | E71: 0.49654089 | F71: =C71/H71 -> 0.44380602 | G71: 2 | H71: 2
A72: 5022-2-GP1-43 | B72: 118 | C72: 6.3613803 | E72: 0.6917542 | F72: =C72/H72 -> 0.79517254 | G72: 12 | H72: 8
A73: 5022-2-HP1-43 | B73: 71 | C73: 2.2700873 | E73: 0.88834504 | F73: =C73/H73 -> 0.56752183 | G73: 4 | H73: 4
A74: 5022-2-IP1-43 | B74: 7 | C74: 0.30637425 | E74: 0.6127485 | F74: =C74/H74 -> 0.30637425 | G74: 1 | H74: 1
A75: 5022-2-JP1-43 | B75: 99 | C75: 8.1430145 | E75: 0.65551831 | F75: =C75/H75 -> 0.67858454 | G75: 12 | H75: 12
A76: 5022-2-KP1-43 | B76: 131 | C76: 6.377204 | E76: 0.75297782 | F76: =C76/H76 -> 0.79715051 | G76: 12 | H76: 8
A77: 5022-2-OP1-43 | B77: 304 | C77: 32.814915 | E77: 1.3133162 | F77: =C77/H77 -> 1.3672881 | G77: 24 | H77: 24
A78: 5022-3-AP1-43 | B78: 76 | C78: 6.482116 | E78: 0.77828038 | F78: =C78/H78 -> 0.8102645 | G78: 8 | H78: 8
A79: 5022-3-BP1-43 | B79: 65 | C79: 1.5716944 | E79: 0.89187469 | F79: =C79/H79 -> 0.78584719 | G79: 2 | H79: 2
A80: 5022-3-DP1-43 | B80: 54 | C80: 4.605714 | E80: 0.92753963 | F80: =C80/H80 -> 0.767619 | G80: 8 | H80: 6
A81: 5022-3-IP1-43 | B81: 56 | C81: 1.857436 | E81: 0.50038322 | F81: =C81/H81 -> 0.92871799 | G81: 4 | H81: 2
A82: 5022-3-LP1-43 | B82: 149 | C82: 6.2621165 | E82: 0.7474111 | F82: =C82/H82 -> 0.78276456 | G82: 12 | H82: 8
A83: 5022-3-NP1-43 | B83: 77 | C83: 6.4487115 | E83: 0.77468288 | F83: =C83/H83 -> 0.80608894 | G83: 8 | H83: 8
A84: 5022-5-AP1-43 | B84: 43 | C84: 0.86 | E84: 0.68 | F84: =C84/H84 -> 0.43 | G84: 2 | H84: 2
A85: 5022-5-CP1-43 | B85: 56 | C85: 1.3130325 | E85: 0.64557431 | F85: =C85/H85 -> 0.65651625 | G85: 2 | H85: 2 | I85: PART BERAT ( REQ 0.3 m3 ) TRIAL DOWN Juni 2025 0.5 m3
A86: 5022-5-GP1-43 | B86: 10 | C86: 0.21883875 | E86: 0.2626065 | F86: =C86/H86 -> 0.21883875 | G86: 1 | H86: 1
A87: 5022-5-JP1-43 | B87: 21 | C87: 1.0191182 | E87: 0.67941216 | F87: =C87/H87 -> 0.50955912 | G87: 2 | H87: 2 | I87: PART BERAT ( REQ 0.5 m3 ) Feedbcak di bikin seperti biasa 0.5 m3
A88: 5022-5-KP1-43 | B88: 112 | C88: 5.6801394 | E88: 0.9468806 | F88: =C88/H88 -> 0.9466899 | G88: 8 | H88: 6
A89: 5022-7-HP1-43 | B89: 95 | C89: 3.355752 | E89: 0.61151402 | F89: =C89/H89 -> 0.83893799 | G89: 8 | H89: 4
A90: 5022-7-LP1-43 | B90: 101 | C90: 4.9014734 | E90: 0.81286812 | F90: =C90/H90 -> 0.81691224 | G90: 8 | H90: 6
A91: 5022-8-43 | B91: 313 | C91: 31.950233 | E91: 1.5886932 | F91: =C91/H91 -> 1.3312597 | G91: 24 | H91: 24
A92: 5022-9-43 | B92: 172 | C92: 7.0061814 | E92: 0.90847475 | F92: =C92/H92 -> 0.87577268 | G92: 8 | H92: 8
A93: 5024-1-HP1-43 | B93: 19 | C93: 0.83158725 | E93: 0.63463238 | F93: =C93/H93 -> 0.41579363 | G93: 2 | H93: 2
A94: 5024-1-MP1-43 | B94: 90 | C94: 3.8746804 | E94: 0.56639958 | F94: =C94/H94 -> 0.96867009 | G94: 8 | H94: 4
A95: 5024-2-CP1-43 | B95: 496 | C95: 31.315825 | E95: 1.4133336 | F95: =C95/H95 -> 1.304826 | G95: 24 | H95: 24
A96: 5024-2-DP1-43 | B96: 286 | C96: 16.850584 | E96: 0.87809048 | F96: =C96/H96 -> 0.70210766 | G96: 24 | H96: 24
A97: 5024-2-EP1-43 | B97: 139 | C97: 16.645212 | E97: 0.62593494 | F97: =C97/H97 -> 0.6935505 | G97: 24 | H97: 24
A98: 5024-2-GP1-43 | B98: 7 | C98: 0.27416567 | E98: 0.31793342 | F98: =C98/H98 -> 0.27416567 | G98: 1 | H98: 1
A99: 5024-2-HP1-43 | B99: 158 | C99: 10.372957 | E99: 0.84800016 | F99: =C99/H99 -> 0.86441306 | G99: 12 | H99: 12
A100: 5024-2-KP1-43 | B100: 487 | C100: 30.031489 | E100: 1.6306326 | F100: =C100/H100 -> 1.2513121 | G100: 24 | H100: 24
A101: 5024-2-MP1-43 | B101: 24 | C101: 0.94100662 | E101: 0.60180656 | F101: =C101/H101 -> 0.47050331 | G101: 2 | H101: 2
A102: 5024-2-NP1-43 | B102: 615 | C102: 50.420448 | E102: 2.3896911 | F102: =C102/H102 -> 2.100852 | G102: 24 | H102: 24
...

Sheet Pivot 2
E3: Values
A4: Gabungan | B4: Supplier / Exporter Name | C4: Shipping Dock | D4: CONVEYANCE | E4: Sum of Vol/Box Day | F4: Sum of Vol/m3 Day
A5: 0003-1-43 | B5: SUGITY CREATIVES | C5: (blank) | D5: D | E5: 16 | F5: 2.046984
A6: 0003-1-FP1-43 | B6: SUGITY CREATIVES | C6: FP1 | D6: N | E6: 28 | F6: 0.99188475
A7: 0003-1-OP1-43 | B7: SUGITY CREATIVES | C7: OP1 | D7: K | E7: 71 | F7: 2.816623
A8: 0003-2-43 | B8: SUGITY CREATIVES | C8: (blank) | D8: G | E8: 10 | F8: 0.2
A9: 0003-2-43 | B9: SUGITY CREATIVES | C9: (blank) | D9: O | E9: 6 | F9: 0.12
A10: 0003-2-OP1-43 | B10: SUGITY CREATIVES | C10: OP1 | D10: P | E10: 36 | F10: 2.450994
A11: 0003-3-IP1-43 | B11: SUGITY CREATIVES | C11: IP1 | D11: I | E11: 83 | F11: 5.4490849
A12: 0003-3-IP1-43 | B12: SUGITY CREATIVES | C12: IP1 | D12: O | E12: 5 | F12: 0.057795875
A13: 0003-3-LP1-43 | B13: SUGITY CREATIVES | C13: LP1 | D13: N | E13: 70 | F13: 4.5976388
A14: 0003-3-MP1-43 | B14: SUGITY CREATIVES | C14: MP1 | D14: M | E14: 144 | F14: 13.480322
A15: 0003-3-OP1-43 | B15: SUGITY CREATIVES | C15: OP1 | D15: P | E15: 349 | F15: 8.0651858
A16: 0003-5-GP1-43 | B16: SUGITY CREATIVES | C16: GP1 | D16: H | E16: 223 | F16: 6.1410274
... A411: 5942-1-OP1-43 | B411: SANKO GOSEI TECH | C411: OP1 | D411: O | E411: 6 | F411: 0.3839904
A412: Grand Total | E412: 31676 | F412: 1859.086

Sheet Data
A3: Dock Code | B3: Supplier Code / Exporter | C3: Supplier Plant Code | D3: Shipping Dock | E3: Gabungan | F3: Part No | G3: Part No 12 | H3: Kanban No | I3: Order Lot Size | J3: Supplier / Exporter Name | K3: Part Name | L3: Address | M3: August | N3: September | O3: 01 Sep | P3: 02 Sep | Q3: 03 Sep | R3: 04 Sep | S3: 05 Sep | T3: 06 Sep | U3: 07 Sep | V3: 08 Sep | W3: 09 Sep | X3: 10 Sep | Y3: 11 Sep | Z3: 12 Sep | AA3: 13 Sep | AB3: 14 Sep | AC3: 15 Sep | AD3: 16 Sep | AE3: 17 Sep | AF3: 18 Sep | AG3: 19 Sep | AH3: 20 Sep | AI3: 21 Sep | AJ3: 22 Sep | AK3: 23 Sep | AL3: 24 Sep | AM3: 25 Sep | AN3: 26 Sep | AO3: 27 Sep | AP3: 28 Sep | AQ3: 29 Sep | AR3: 30 Sep | AS3: 31 Sep | AT3: Max | AU3: Vol/Box Day | AV3: Vol Box | AW3: Vol/m3 Day | AX3: CONVEYANCE | AY3: Address | AZ3: Request S.Dock
A4: 43 | B4: 0003 | C4: 1 | E4: 0003-1-43 | F4: 75601YP030A1 | G4: 75601-YP030-A1 | H4: 212W | I4: 2 | J4: SUGITY CREATIVES | K4: MOULDING SUB-ASSY FR FENDER RH | L4: CH1RH- C49 | M4: 200 | N4: 173 | O4: 9 | P4: 8 | Q4: 8 | R4: 9 | S4: 0 | T4: 0 | U4: 8 | V4: 8 | W4: 8 | X4: 8 | Y4: 9 | Z4: 0 | AA4: 0 | AB4: 9 | AC4: 7 | AD4: 9 | AE4: 8 | AF4: 8 | AG4: 0 | AH4: 0 | AI4: 8 | AJ4: 8 | AK4: 9 | AL4: 8 | AM4: 8 | AN4: 0 | AO4: 0 | AP4: 8 | AQ4: 8 | AR4: 0 | AS4: 0 | AT4: =MAX(O4:AS4) -> 9 | AU4: 4 | AV4: 0.1279365 | AW4: 0.511746 | AX4: D | AY4: CH1RH- C49
A5: 43 | B5: 0003 | C5: 1 | E5: 0003-1-43 | F5: 75602YP030A1 | G5: 75602-YP030-A1 | H5: 213W | I5: 2 | J5: SUGITY CREATIVES | K5: MOULDING SUB-ASSY FR FENDER LH | L5: CH1LH- C13 | M5: 200 | N5: 173 | O5: 9 | P5: 8 | Q5: 8 | R5: 9 | S5: 0 | T5: 0 | U5: 8 | V5: 8 | W5: 8 | X5: 8 | Y5: 9 | Z5: 0 | AA5: 0 | AB5: 9 | AC5: 7 | AD5: 9 | AE5: 8 | AF5: 8 | AG5: 0 | AH5: 0 | AI5: 8 | AJ5: 8 | AK5: 9 | AL5: 8 | AM5: 8 | AN5: 0 | AO5: 0 | AP5: 8 | AQ5: 8 | AR5: 0 | AS5: 0 | AT5: =MAX(O5:AS5) -> 9 | AU5: 4 | AV5: 0.1279365 | AW5: 0.511746 | AX5: D | AY5: CH1LH- C13
A6: 43 | B6: 0003 | C6: 1 | E6: 0003-1-43 | F6: 75605YP030A1 | G6: 75605-YP030-A1 | H6: 214W | I6: 2 | J6: SUGITY CREATIVES | K6: MOULDING SUB-ASSY QUARTER OUTSIDE RH | L6: CH1RH- C49 | M6: 200 | N6: 173 | O6: 9 | P6: 8 | Q6: 8 | R6: 9 | S6: 0 | T6: 0 | U6: 8 | V6: 8 | W6: 8 | X6: 8 | Y6: 9 | Z6: 0 | AA6: 0 | AB6: 9 | AC6: 7 | AD6: 9 | AE6: 8 | AF6: 8 | AG6: 0 | AH6: 0 | AI6: 8 | AJ6: 8 | AK6: 9 | AL6: 8 | AM6: 8 | AN6: 0 | AO6: 0 | AP6: 8 | AQ6: 8 | AR6: 0 | AS6: 0 | AT6: =MAX(O6:AS6) -> 9 | AU6: 4 | AV6: 0.1279365 | AW6: 0.511746 | AX6: D | AY6: CH1RH- C49
A7: 43 | B7: 0003 | C7: 1 | E7: 0003-1-43 | F7: 75606YP030A1 | G7: 75606-YP030-A1 | H7: 215W | I7: 2 | J7: SUGITY CREATIVES | K7: MOULDING SUB-ASSY QUARTER OUTSIDE LH | L7: CH1LH- C13 | M7: 200 | N7: 173 | O7: 9 | P7: 8 | Q7: 8 | R7: 9 | S7: 0 | T7: 0 | U7: 8 | V7: 8 | W7: 8 | X7: 8 | Y7: 9 | Z7: 0 | AA7: 0 | AB7: 9 | AC7: 7 | AD7: 9 | AE7: 8 | AF7: 8 | AG7: 0 | AH7: 0 | AI7: 8 | AJ7: 8 | AK7: 9 | AL7: 8 | AM7: 8 | AN7: 0 | AO7: 0 | AP7: 8 | AQ7: 8 | AR7: 0 | AS7: 0 | AT7: =MAX(O7:AS7) -> 9 | AU7: 4 | AV7: 0.1279365 | AW7: 0.511746 | AX7: D | AY7: CH1LH- C13
A8: 43 | B8: 0003 | C8: 1 | D8: FP1 | E8: 0003-1-FP1-43 | F8: 55317KK010C0 | G8: 55317-KK010-C0 | H8: 398C | I8: 8 | J8: SUGITY CREATIVES | K8: PANEL INSTRUMENT SIDE RH | L8: SF2L -K145 | M8: 480 | N8: 289 | O8: 12 | P8: 12 | Q8: 13 | R8: 13 | S8: 0 | T8: 0 | U8: 13 | V8: 14 | W8: 13 | X8: 14 | Y8: 13 | Z8: 0 | AA8: 0 | AB8: 13 | AC8: 14 | AD8: 13 | AE8: 13 | AF8: 13 | AG8: 0 | AH8: 0 | AI8: 12 | AJ8: 14 | AK8: 13 | AL8: 14 | AM8: 14 | AN8: 0 | AO8: 0 | AP8: 13 | AQ8: 13 | AR8: 13 | AS8: 0 | AT8: =MAX(O8:AS8) -> 14 | AU8: 2 | AV8: 0.032989125 | AW8: 0.06597825 | AX8: N | AY8: SF2L -K145
A9: 43 | B9: 0003 | C9: 1 | D9: FP1 | E9: 0003-1-FP1-43 | F9: 55318KK080C0 | G9: 55318-KK080-C0 | H9: 401C | I9: 8 | J9: SUGITY CREATIVES | K9: PANEL INSTRUMENT SIDE LH | L9: SF2L -K145 | M9: 480 | N9: 289 | O9: 12 | P9: 12 | Q9: 13 | R9: 13 | S9: 0 | T9: 0 | U9: 13 | V9: 14 | W9: 13 | X9: 14 | Y9: 13 | Z9: 0 | AA9: 0 | AB9: 13 | AC9: 14 | AD9: 13 | AE9: 13 | AF9: 13 | AG9: 0 | AH9: 0 | AI9: 12 | AJ9: 14 | AK9: 13 | AL9: 14 | AM9: 14 | AN9: 0 | AO9: 0 | AP9: 13 | AQ9: 13 | AR9: 13 | AS9: 0 | AT9: =MAX(O9:AS9) -> 14 | AU9: 2 | AV9: 0.065651625 | AW9: 0.13130325 | AX9: N | AY9: SF2L -K145
A10: 43 | B10: 0003 | C10: 1 | D10: FP1 | E10: 0003-1-FP1-43 | F10: 55434KK020C0 | G10: 55434-KK020-C0 | H10: 413C | I10: 6 | J10: SUGITY CREATIVES | K10: PANEL INSTRUMENT PANEL FINISH LWR CTR | L10: FNL3 - K36 | M10: 480 | N10: 289 | O10: 12 | P10: 12 | Q10: 13 | R10: 13 | S10: 0 | T10: 0 | U10: 13 | V10: 14 | W10: 13 | X10: 14 | Y10: 13 | Z10: 0 | AA10: 0 | AB10: 13 | AC10: 14 | AD10: 13 | AE10: 13 | AF10: 13 | AG10: 0 | AH10: 0 | AI10: 12 | AJ10: 14 | AK10: 13 | AL10: 14 | AM10: 14 | AN10: 0 | AO10: 0 | AP10: 13 | AQ10: 13 | AR10: 13 | AS10: 0 | AT10: =MAX(O10:AS10) -> 14 | AU10: 3 | AV10: 0.04376775 | AW10: 0.13130325 | AX10: N | AY10: FNL3 - K36
A11: 43 | B11: 0003 | C11: 1 | D11: FP1 | E11: 0003-1-FP1-43 | F11: 55447KK010C0 | G11: 55447-KK010-C0 | H11: 387H | I11: 12 | J11: SUGITY CREATIVES | K11: BASE SWITCH HOLE NO.2 | L11: SPT2R- Y4 | M11: 139 | N11: 205 | O11: 6 | P11: 7 | Q11: 8 | R11: 5 | S11: 0 | T11: 0 | U11: 6 | V11: 9 | W11: 5 | X11: 8 | Y11: 5 | Z11: 0 | AA11: 0 | AB11: 10 | AC11: 6 | AD11: 13 | AE11: 5 | AF11: 8 | AG11: 0 | AH11: 0 | AI11: 6 | AJ11: 7 | AK11: 9 | AL11: 16 | AM11: 17 | AN11: 0 | AO11: 0 | AP11: 18 | AQ11: 17 | AR11: 14 | AS11: 0 | AT11: =MAX(O11:AS11) -> 18 | AU11: 1 | AV11: 0.021883875 | AW11: 0.021883875 | AX11: N | AY11: SPT2R- Y4
A12: 43 | B12: 0003 | C12: 1 | D12: FP1 | E12: 0003-1-FP1-43 | F12: 55447KK020C0 | G12: 55447-KK020-C0 | H12: 388H | I12: 12 | J12: SUGITY CREATIVES | K12: BASE SWITCH HOLE NO.2 | L12: SPT2R- Y4 | M12: 3264 | N12: 1913 | O12: 87 | P12: 84 | Q12: 84 | R12: 88 | S12: 0 | T12: 0 | U12: 95 | V12: 84 | W12: 89 | X12: 93 | Y12: 93 | Z12: 0 | AA12: 0 | AB12: 92 | AC12: 90 | AD12: 77 | AE12: 96 | AF12: 94 | AG12: 0 | AH12: 0 | AI12: 91 | AJ12: 93 | AK12: 78 | AL12: 88 | AM12: 80 | AN12: 0 | AO12: 0 | AP12: 77 | AQ12: 81 | AR12: 79 | AS12: 0 | AT12: =MAX(O12:AS12) -> 96 | AU12: 8 | AV12: 0.021883875 | AW12: 0.175071 | AX12: N | AY12: SPT2R- Y4
A13: 43 | B13: 0003 | C13: 1 | D13: FP1 | E13: 0003-1-FP1-43 | F13: 55447KK030C0 | G13: 55447-KK030-C0 | H13: 389H | I13: 12 | J13: SUGITY CREATIVES | K13: BASE SWITCH HOLE NO.2 | L13: SPT2R- Y4 | M13: 1246 | N13: 1033 | O13: 40 | P13: 45 | Q13: 46 | R13: 55 | S13: 0 | T13: 0 | U13: 44 | V13: 55 | W13: 44 | X13: 47 | Y13: 50 | Z13: 0 | AA13: 0 | AB13: 43 | AC13: 52 | AD13: 48 | AE13: 47 | AF13: 46 | AG13: 0 | AH13: 0 | AI13: 48 | AJ13: 48 | AK13: 51 | AL13: 44 | AM13: 52 | AN13: 0 | AO13: 0 | AP13: 42 | AQ13: 41 | AR13: 45 | AS13: 0 | AT13: =MAX(O13:AS13) -> 55 | AU13: 4 | AV13: 0.021883875 | AW13: 0.0875355 | AX13: N | AY13: SPT2R- Y4
A14: 43 | B14: 0003 | C14: 1 | D14: FP1 | E14: 0003-1-FP1-43 | F14: 55471010KBE0 | G14: 55471-010KB-E0 | H14: 952F | I14: 6 | J14: SUGITY CREATIVES | K14: ORNAMENT INSTR CLUSTER FINISH PANEL | L14: FNL2 -K113 | M14: 480 | N14: 289 | O14: 12 | P14: 12 | Q14: 13 | R14: 13 | S14: 0 | T14: 0 | U14: 13 | V14: 14 | W14: 13 | X14: 14 | Y14: 13 | Z14: 0 | AA14: 0 | AB14: 13 | AC14: 14 | AD14: 13 | AE14: 13 | AF14: 13 | AG14: 0 | AH14: 0 | AI14: 12 | AJ14: 14 | AK14: 13 | AL14: 14 | AM14: 14 | AN14: 0 | AO14: 0 | AP14: 13 | AQ14: 13 | AR14: 13 | AS14: 0 | AT14: =MAX(O14:AS14) -> 14 | AU14: 3 | AV14: 0.04376775 | AW14: 0.13130325 | AX14: N | AY14: FNL2 -K113
A15: 43 | B15: 0003 | C15: 1 | D15: FP1 | E15: 0003-1-FP1-43 | F15: 55474010KBE0 | G15: 55474-010KB-E0 | H15: 954F | I15: 5 | J15: SUGITY CREATIVES | K15: GARNISH INSTR CSTR FINISH PANEL NO.1 | L15: FNL2 -K111 | M15: 480 | N15: 289 | O15: 12 | P15: 12 | Q15: 13 | R15: 13 | S15: 0 | T15: 0 | U15: 13 | V15: 14 | W15: 13 | X15: 14 | Y15: 13 | Z15: 0 | AA15: 0 | AB15: 13 | AC15: 14 | AD15: 13 | AE15: 13 | AF15: 13 | AG15: 0 | AH15: 0 | AI15: 12 | AJ15: 14 | AK15: 13 | AL15: 14 | AM15: 14 | AN15: 0 | AO15: 0 | AP15: 13 | AQ15: 13 | AR15: 13 | AS15: 0 | AT15: =MAX(O15:AS15) -> 14 | AU15: 3 | AV15: 0.065651625 | AW15: 0.19695488 | AX15: N | AY15: FNL2 -K111
A16: 43 | B16: 0003 | C16: 1 | D16: FP1 | E16: 0003-1-FP1-43 | F16: 55475010KBE0 | G16: 55475-010KB-E0 | H16: 953F | I16: 9 | J16: SUGITY CREATIVES | K16: GARNISH INSTR CSTR FINISH PANEL NO.2 | L16: FNL2 -K111 | M16: 480 | N16: 289 | O16: 12 | P16: 12 | Q16: 13 | R16: 13 | S16: 0 | T16: 0 | U16: 13 | V16: 14 | W16: 13 | X16: 14 | Y16: 13 | Z16: 0 | AA16: 0 | AB16: 13 | AC16: 14 | AD16: 13 | AE16: 13 | AF16: 13 | AG16: 0 | AH16: 0 | AI16: 12 | AJ16: 14 | AK16: 13 | AL16: 14 | AM16: 14 | AN16: 0 | AO16: 0 | AP16: 13 | AQ16: 13 | AR16: 13 | AS16: 0 | AT16: =MAX(O16:AS16) -> 14 | AU16: 2 | AV16: 0.02527575 | AW16: 0.0505515 | AX16: N | AY16: FNL2 -K111
A17: 43 | B17: 0003 | C17: 1 | D17: OP1 | E17: 0003-1-OP1-43 | F17: 55407KK24000 | G17: 55407-KK240-00 | H17: 348W | I17: 4 | J17: SUGITY CREATIVES | K17: BASE SUB-ASSY SWITCH HOLE | L17: SIP1L- I84 | M17: 81 | N17: 165 | O17: 4 | P17: 6 | Q17: 6 | R17: 4 | S17: 0 | T17: 0 | U17: 4 | V17: 8 | W17: 3 | X17: 7 | Y17: 3 | Z17: 0 | AA17: 0 | AB17: 8 | AC17: 4 | AD17: 7 | AE17: 4 | AF17: 6 | AG17: 0 | AH17: 0 | AI17: 5 | AJ17: 6 | AK17: 7 | AL17: 14 | AM17: 16 | AN17: 0 | AO17: 0 | AP17: 13 | AQ17: 16 | AR17: 14 | AS17: 0 | AT17: =MAX(O17:AS17) -> 16 | AU17: 2 | AV17: 0.04376775 | AW17: 0.0875355 | AX17: K | AY17: SIP1L- I84
A18: 43 | B18: 0003 | C18: 1 | D18: OP1 | E18: 0003-1-OP1-43 | F18: 55407KK25000 | G18: 55407-KK250-00 | H18: 349W | I18: 4 | J18: SUGITY CREATIVES | K18: BASE SUB-ASSY SWITCH HOLE | L18: SIP1L- I84 | M18: 58 | N18: 40 | O18: 2 | P18: 1 | Q18: 2 | R18: 1 | S18: 0 | T18: 0 | U18: 2 | V18: 1 | W18: 2 | X18: 1 | Y18: 2 | Z18: 0 | AA18: 0 | AB18: 2 | AC18: 2 | AD18: 6 | AE18: 1 | AF18: 2 | AG18: 0 | AH18: 0 | AI18: 1 | AJ18: 1 | AK18: 2 | AL18: 2 | AM18: 1 | AN18: 0 | AO18: 0 | AP18: 5 | AQ18: 1 | AR18: 0 | AS18: 0 | AT18: =MAX(O18:AS18) -> 6 | AU18: 1 | AV18: 0.04376775 | AW18: 0.04376775 | AX18: K | AY18: SIP1L- I84
A19: 43 | B19: 0003 | C19: 1 | D19: OP1 | E19: 0003-1-OP1-43 | F19: 55407KK27000 | G19: 55407-KK270-00 | H19: 350W | I19: 4 | J19: SUGITY CREATIVES | K19: BASE SUB-ASSY SWITCH HOLE | L19: SIP1L- I84 | M19: 1020 | N19: 1551 | O19: 68 | P19: 68 | Q19: 70 | R19: 76 | S19: 0 | T19: 0 | U19: 75 | V19: 73 | W19: 72 | X19: 74 | Y19: 77 | Z19: 0 | AA19: 0 | AB19: 71 | AC19: 77 | AD19: 68 | AE19: 76 | AF19: 75 | AG19: 0 | AH19: 0 | AI19: 74 | AJ19: 75 | AK19: 68 | AL19: 66 | AM19: 66 | AN19: 0 | AO19: 0 | AP19: 61 | AQ19: 60 | AR19: 61 | AS19: 0 | AT19: =MAX(O19:AS19) -> 77 | AU19: 19 | AV19: 0.04376775 | AW19: 0.83158725 | AX19: K | AY19: SIP1L- I84
... A24: 43 | B24: 0003 | C24: 1 | D24: OP1 | E24: 0003-1-OP1-43 | F24: 757240K10100 | G24: 75724-0K101-00 | H24: 519W | I24: 10 | J24: SUGITY CREATIVES | K24: MOULDING RR DOOR BELT RR LH | L24: SPDR - D17 | M24: 3722 | N24: 2382 | O24: 103 | P24: 106 | Q24: 99 | R24: 110 | S24: 0 | T24: 0 | U24: 114 | V24: 105 | W24: 107 | X24: 115 | Y24: 110 | Z24: 0 | AA24: 0 | AB24: 113 | AC24: 111 | AD24: 93 | AE24: 116 | AF24: 114 | AG24: 0 | AH24: 0 | AI24: 112 | AJ24: 112 | AK24: 99 | AL24: 114 | AM24: 111 | AN24: 0 | AO24: 0 | AP24: 101 | AQ24: 108 | AR24: 109 | AS24: 0 | AT24: =MAX(O24:AS24) -> 116 | AU24: 12 | AV24: 0.034677525 | AW24: 0.4161303 | AX24: K | AY24: SPDR - D17
A25: 43 | B25: 0003 | C25: 2 | E25: 0003-2-43 | F25: 678730K07100 | G25: 67873-0K071-00 | H25: 450G | I25: 30 | J25: SUGITY CREATIVES | K25: WEATHERSTRIP CTR DOOR UPR NO.1 | L25: FNL4L- H25 | M25: 4649 | N25: 3151 | O25: 133 | P25: 136 | Q25: 138 | R25: 148 | S25: 0 | T25: 0 | U25: 145 | V25: 148 | W25: 138 | X25: 148 | Y25: 148 | Z25: 0 | AA25: 0 | AB25: 145 | AC25: 148 | AD25: 138 | AE25: 148 | AF25: 148 | AG25: 0 | AH25: 0 | AI25: 145 | AJ25: 148 | AK25: 138 | AL25: 148 | AM25: 149 | AN25: 0 | AO25: 0 | AP25: 137 | AQ25: 139 | AR25: 138 | AS25: 0 | AT25: =MAX(O25:AS25) -> 149 | AU25: 5 | AV25: 0.02 | AW25: 0.1 | AX25: G | AY25: FNL4L- H25
A26: 43 | B26: 0003 | C26: 2 | E26: 0003-2-43 | F26: 678740K07100 | G26: 67874-0K071-00 | H26: 451G | I26: 30 | J26: SUGITY CREATIVES | K26: WEATHERSTRIP CTR DOOR UPR NO.2 | L26: FNL4L- H25 | M26: 4649 | N26: 3151 | O26: 133 | P26: 136 | Q26: 138 | R26: 148 | S26: 0 | T26: 0 | U26: 145 | V26: 148 | W26: 138 | X26: 148 | Y26: 148 | Z26: 0 | AA26: 0 | AB26: 145 | AC26: 148 | AD26: 138 | AE26: 148 | AF26: 148 | AG26: 0 | AH26: 0 | AI26: 145 | AJ26: 148 | AK26: 138 | AL26: 148 | AM26: 149 | AN26: 0 | AO26: 0 | AP26: 137 | AQ26: 139 | AR26: 138 | AS26: 0 | AT26: =MAX(O26:AS26) -> 149 | AU26: 5 | AV26: 0.02 | AW26: 0.1 | AX26: G | AY26: FNL4L- H25
A27: 43 | B27: 0003 | C27: 2 | E27: 0003-2-43 | F27: 755510K21000 | G27: 75551-0K210-00 | H27: 221J | I27: 40 | J27: SUGITY CREATIVES | K27: MOULDING ROOF DRIP SIDE FINISH FR RH | L27: PLT - N41 | M27: 3792 | N27: 2012 | O27: 80 | P27: 86 | Q27: 88 | R27: 90 | S27: 0 | T27: 0 | U27: 91 | V27: 92 | W27: 85 | X27: 92 | Y27: 93 | Z27: 0 | AA27: 0 | AB27: 90 | AC27: 94 | AD27: 84 | AE27: 92 | AF27: 95 | AG27: 0 | AH27: 0 | AI27: 89 | AJ27: 92 | AK27: 88 | AL27: 100 | AM27: 102 | AN27: 0 | AO27: 0 | AP27: 93 | AQ27: 94 | AR27: 102 | AS27: 0 | AT27: =MAX(O27:AS27) -> 102 | AU27: 3 | AV27: 0.02 | AW27: 0.06 | AX27: O | AY27: PLT - N41
A28: 43 | B28: 0003 | C28: 2 | E28: 0003-2-43 | F28: 755520K21000 | G28: 75552-0K210-00 | H28: 223J | I28: 40 | J28: SUGITY CREATIVES | K28: MOULDING ROOF DRIP SIDE FINISH FR LH | L28: PLT - N41 | M28: 3792 | N28: 2012 | O28: 80 | P28: 86 | Q28: 88 | R28: 90 | S28: 0 | T28: 0 | U28: 91 | V28: 92 | W28: 85 | X28: 92 | Y28: 93 | Z28: 0 | AA28: 0 | AB28: 90 | AC28: 94 | AD28: 84 | AE28: 92 | AF28: 95 | AG28: 0 | AH28: 0 | AI28: 89 | AJ28: 92 | AK28: 88 | AL28: 100 | AM28: 102 | AN28: 0 | AO28: 0 | AP28: 93 | AQ28: 94 | AR28: 102 | AS28: 0 | AT28: =MAX(O28:AS28) -> 102 | AU28: 3 | AV28: 0.02 | AW28: 0.06 | AX28: O | AY28: PLT - N41
A29: 43 | B29: 0003 | C29: 2 | D29: OP1 | E29: 0003-2-OP1-43 | F29: 681600K10000 | G29: 68160-0K100-00 | H29: 510H | I29: 20 | J29: SUGITY CREATIVES | K29: WEATHERSTRIP ASSY FR DOOR GLASS OUT RH | L29: SPDR - D18 | M29: 927 | N29: 769 | O29: 30 | P29: 30 | Q29: 39 | R29: 38 | S29: 0 | T29: 0 | U29: 31 | V29: 43 | W29: 31 | X29: 33 | Y29: 38 | Z29: 0 | AA29: 0 | AB29: 32 | AC29: 37 | AD29: 45 | AE29: 32 | AF29: 34 | AG29: 0 | AH29: 0 | AI29: 33 | AJ29: 36 | AK29: 39 | AL29: 34 | AM29: 38 | AN29: 0 | AO29: 0 | AP29: 36 | AQ29: 31 | AR29: 29 | AS29: 0 | AT29: =MAX(O29:AS29) -> 45 | AU29: 2 | AV29: 0.065651625 | AW29: 0.13130325 | AX29: P | AY29: SPDR - D18
A30: 43 | B30: 0003 | C30: 2 | D30: OP1 | E30: 0003-2-OP1-43 | F30: 681600K12000 | G30: 68160-0K120-00 | H30: 511H | I30: 20 | J30: SUGITY CREATIVES | K30: WEATHERSTRIP ASSY FR DOOR GLASS OUT RH | L30: SPDR - D17 | M30: 3722 | N30: 2382 | O30: 103 | P30: 106 | Q30: 99 | R30: 110 | S30: 0 | T30: 0 | U30: 114 | V30: 105 | W30: 107 | X30: 115 | Y30: 110 | Z30: 0 | AA30: 0 | AB30: 113 | AC30: 111 | AD30: 93 | AE30: 116 | AF30: 114 | AG30: 0 | AH30: 0 | AI30: 112 | AJ30: 112 | AK30: 99 | AL30: 114 | AM30: 111 | AN30: 0 | AO30: 0 | AP30: 101 | AQ30: 108 | AR30: 109 | AS30: 0 | AT30: =MAX(O30:AS30) -> 116 | AU30: 6 | AV30: 0.065651625 | AW30: 0.39390975 | AX30: P | AY30: SPDR - D17
A31: 43 | B31: 0003 | C31: 2 | D31: OP1 | E31: 0003-2-OP1-43 | F31: 681800K10000 | G31: 68180-0K100-00 | H31: 512H | I31: 20 | J31: SUGITY CREATIVES | K31: WEATHERSTRIP ASSY RR DOOR GLASS OUT RH | L31: SPDR - D18 | M31: 927 | N31: 769 | O31: 30 | P31: 30 | Q31: 39 | R31: 38 | S31: 0 | T31: 0 | U31: 31 | V31: 43 | W31: 31 | X31: 33 | Y31: 38 | Z31: 0 | AA31: 0 | AB31: 32 | AC31: 37 | AD31: 45 | AE31: 32 | AF31: 34 | AG31: 0 | AH31: 0 | AI31: 33 | AJ31: 36 | AK31: 39 | AL31: 34 | AM31: 38 | AN31: 0 | AO31: 0 | AP31: 36 | AQ31: 31 | AR31: 29 | AS31: 0 | AT31: =MAX(O31:AS31) -> 45 | AU31: 2 | AV31: 0.065651625 | AW31: 0.13130325 | AX31: P | AY31: SPDR - D18
A32: 43 | B32: 0003 | C32: 2 | D32: OP1 | E32: 0003-2-OP1-43 | F32: 681800K15000 | G32: 68180-0K150-00 | H32: 513H | I32: 20 | J32: SUGITY CREATIVES | K32: WEATHERSTRIP ASSY RR DOOR GLASS OUT RH | L32: SPDR - D17 | M32: 3722 | N32: 2382 | O32: 103 | P32: 106 | Q32: 99 | R32: 110 | S32: 0 | T32: 0 | U32: 114 | V32: 105 | W32: 107 | X32: 115 | Y32: 110 | Z32: 0 | AA32: 0 | AB32: 113 | AC32: 111 | AD32: 93 | AE32: 116 | AF32: 114 | AG32: 0 | AH32: 0 | AI32: 112 | AJ32: 112 | AK32: 99 | AL32: 114 | AM32: 111 | AN32: 0 | AO32: 0 | AP32: 101 | AQ32: 108 | AR32: 109 | AS32: 0 | AT32: =MAX(O32:AS32) -> 116 | AU32: 6 | AV32: 0.065651625 | AW32: 0.39390975 | AX32: P | AY32: SPDR - D17
A33: 43 | B33: 0003 | C33: 2 | D33: OP1 | E33: 0003-2-OP1-43 | F33: 682100K10000 | G33: 68210-0K100-00 | H33: 516H | I33: 20 | J33: SUGITY CREATIVES | K33: WEATHERSTRIP ASSY FR DOOR GLASS OUT LH | L33: SPDR - D18 | M33: 927 | N33: 769 | O33: 30 | P33: 30 | Q33: 39 | R33: 38 | S33: 0 | T33: 0 | U33: 31 | V33: 43 | W33: 31 | X33: 33 | Y33: 38 | Z33: 0 | AA33: 0 | AB33: 32 | AC33: 37 | AD33: 45 | AE33: 32 | AF33: 34 | AG33: 0 | AH33: 0 | AI33: 33 | AJ33: 36 | AK33: 39 | AL33: 34 | AM33: 38 | AN33: 0 | AO33: 0 | AP33: 36 | AQ33: 31 | AR33: 29 | AS33: 0 | AT33: =MAX(O33:AS33) -> 45 | AU33: 2 | AV33: 0.065651625 | AW33: 0.13130325 | AX33: P | AY33: SPDR - D18
A34: 43 | B34: 0003 | C34: 2 | D34: OP1 | E34: 0003-2-OP1-43 | F34: 682100K12000 | G34: 68210-0K120-00 | H34: 517H | I34: 20 | J34: SUGITY CREATIVES | K34: WEATHERSTRIP ASSY FR DOOR GLASS OUT LH | L34: SPDR - D17 | M34: 3722 | N34: 2382 | O34: 103 | P34: 106 | Q34: 99 | R34: 110 | S34: 0 | T34: 0 | U34: 114 | V34: 105 | W34: 107 | X34: 115 | Y34: 110 | Z34: 0 | AA34: 0 | AB34: 113 | AC34: 111 | AD34: 93 | AE34: 116 | AF34: 114 | AG34: 0 | AH34: 0 | AI34: 112 | AJ34: 112 | AK34: 99 | AL34: 114 | AM34: 111 | AN34: 0 | AO34: 0 | AP34: 101 | AQ34: 108 | AR34: 109 | AS34: 0 | AT34: =MAX(O34:AS34) -> 116 | AU34: 6 | AV34: 0.065651625 | AW34: 0.39390975 | AX34: P | AY34: SPDR - D17
A35: 43 | B35: 0003 | C35: 2 | D35: OP1 | E35: 0003-2-OP1-43 | F35: 682300K10000 | G35: 68230-0K100-00 | H35: 518H | I35: 20 | J35: SUGITY CREATIVES | K35: WEATHERSTRIP ASSY RR DOOR GLASS OUT LH | L35: SPDR - D18 | M35: 927 | N35: 769 | O35: 30 | P35: 30 | Q35: 39 | R35: 38 | S35: 0 | T35: 0 | U35: 31 | V35: 43 | W35: 31 | X35: 33 | Y35: 38 | Z35: 0 | AA35: 0 | AB35: 32 | AC35: 37 | AD35: 45 | AE35: 32 | AF35: 34 | AG35: 0 | AH35: 0 | AI35: 33 | AJ35: 36 | AK35: 39 | AL35: 34 | AM35: 38 | AN35: 0 | AO35: 0 | AP35: 36 | AQ35: 31 | AR35: 29 | AS35: 0 | AT35: =MAX(O35:AS35) -> 45 | AU35: 2 | AV35: 0.065651625 | AW35: 0.13130325 | AX35: P | AY35: SPDR - D18
A36: 43 | B36: 0003 | C36: 2 | D36: OP1 | E36: 0003-2-OP1-43 | F36: 682300K15000 | G36: 68230-0K150-00 | H36: 519H | I36: 20 | J36: SUGITY CREATIVES | K36: WEATHERSTRIP ASSY RR DOOR GLASS OUT LH | L36: SPDR - D17 | M36: 3722 | N36: 2382 | O36: 103 | P36: 106 | Q36: 99 | R36: 110 | S36: 0 | T36: 0 | U36: 114 | V36: 105 | W36: 107 | X36: 115 | Y36: 110 | Z36: 0 | AA36: 0 | AB36: 113 | AC36: 111 | AD36: 93 | AE36: 116 | AF36: 114 | AG36: 0 | AH36: 0 | AI36: 112 | AJ36: 112 | AK36: 99 | AL36: 114 | AM36: 111 | AN36: 0 | AO36: 0 | AP36: 101 | AQ36: 108 | AR36: 109 | AS36: 0 | AT36: =MAX(O36:AS36) -> 116 | AU36: 6 | AV36: 0.065651625 | AW36: 0.39390975 | AX36: P | AY36: SPDR - D17
A37: 43 | B37: 0003 | C37: 2 | D37: OP1 | E37: 0003-2-OP1-43 | F37: 757100K03000 | G37: 75710-0K030-00 | H37: 699C | I37: 20 | J37: SUGITY CREATIVES | K37: MOULDING ASSY FR DOOR BELT RH | L37: SPDR - D20 | M37: 480 | N37: 289 | O37: 12 | P37: 12 | Q37: 13 | R37: 13 | S37: 0 | T37: 0 | U37: 13 | V37: 14 | W37: 13 | X37: 14 | Y37: 13 | Z37: 0 | AA37: 0 | AB37: 13 | AC37: 14 | AD37: 13 | AE37: 13 | AF37: 13 | AG37: 0 | AH37: 0 | AI37: 12 | AJ37: 14 | AK37: 13 | AL37: 14 | AM37: 14 | AN37: 0 | AO37: 0 | AP37: 13 | AQ37: 13 | AR37: 13 | AS37: 0 | AT37: =MAX(O37:AS37) -> 14 | AU37: 1 | AV37: 0.0875355 | AW37: 0.0875355 | AX37: P | AY37: SPDR - D20
A38: 43 | B38: 0003 | C38: 2 | D38: OP1 | E38: 0003-2-OP1-43 | F38: 757200K03000 | G38: 75720-0K030-00 | H38: 701C | I38: 20 | J38: SUGITY CREATIVES | K38: MOULDING ASSY FR DOOR BELT LH | L38: SPDR - D20 | M38: 480 | N38: 289 | O38: 12 | P38: 12 | Q38: 13 | R38: 13 | S38: 0 | T38: 0 | U38: 13 | V38: 14 | W38: 13 | X38: 14 | Y38: 13 | Z38: 0 | AA38: 0 | AB38: 13 | AC38: 14 | AD38: 13 | AE38: 13 | AF38: 13 | AG38: 0 | AH38: 0 | AI38: 12 | AJ38: 14 | AK38: 13 | AL38: 14 | AM38: 14 | AN38: 0 | AO38: 0 | AP38: 13 | AQ38: 13 | AR38: 13 | AS38: 0 | AT38: =MAX(O38:AS38) -> 14 | AU38: 1 | AV38: 0.0875355 | AW38: 0.0875355 | AX38: P | AY38: SPDR - D20
A39: 43 | B39: 0003 | C39: 2 | D39: OP1 | E39: 0003-2-OP1-43 | F39: 757300K03000 | G39: 75730-0K030-00 | H39: 703C | I39: 20 | J39: SUGITY CREATIVES | K39: MOULDING ASSY RR DOOR BELT RH | L39: SPDR - D20 | M39: 480 | N39: 289 | O39: 12 | P39: 12 | Q39: 13 | R39: 13 | S39: 0 | T39: 0 | U39: 13 | V39: 14 | W39: 13 | X39: 14 | Y39: 13 | Z39: 0 | AA39: 0 | AB39: 13 | AC39: 14 | AD39: 13 | AE39: 13 | AF39: 13 | AG39: 0 | AH39: 0 | AI39: 12 | AJ39: 14 | AK39: 13 | AL39: 14 | AM39: 14 | AN39: 0 | AO39: 0 | AP39: 13 | AQ39: 13 | AR39: 13 | AS39: 0 | AT39: =MAX(O39:AS39) -> 14 | AU39: 1 | AV39: 0.0875355 | AW39: 0.0875355 | AX39: P | AY39: SPDR - D20
A40: 43 | B40: 0003 | C40: 2 | D40: OP1 | E40: 0003-2-OP1-43 | F40: 757400K03000 | G40: 75740-0K030-00 | H40: 705C | I40: 20 | J40: SUGITY CREATIVES | K40: MOULDING ASSY RR DOOR BELT LH | L40: SPDR - D20 | M40: 480 | N40: 289 | O40: 12 | P40: 12 | Q40: 13 | R40: 13 | S40: 0 | T40: 0 | U40: 13 | V40: 14 | W40: 13 | X40: 14 | Y40: 13 | Z40: 0 | AA40: 0 | AB40: 13 | AC40: 14 | AD40: 13 | AE40: 13 | AF40: 13 | AG40: 0 | AH40: 0 | AI40: 12 | AJ40: 14 | AK40: 13 | AL40: 14 | AM40: 14 | AN40: 0 | AO40: 0 | AP40: 13 | AQ40: 13 | AR40: 13 | AS40: 0 | AT40: =MAX(O40:AS40) -> 14 | AU40: 1 | AV40: 0.0875355 | AW40: 0.0875355 | AX40: P | AY40: SPDR - D20
... A74: 43 | B74: 0003 | C74: 3 | D74: OP1 | E74: 0003-3-OP1-43 | F74: 742320KA4000 | G74: 74232-0KA40-00 | H74: 592H | I74: 6 | J74: SUGITY CREATIVES | K74: PANEL FR DOOR ARMREST BASE UPR LH | L74: SPDL - D48 | M74: 2382 | N74: 1648 | O74: 75 | P74: 71 | Q74: 73 | R74: 80 | S74: 0 | T74: 0 | U74: 80 | V74: 76 | W74: 76 | X74: 80 | Y74: 80 | Z74: 0 | AA74: 0 | AB74: 79 | AC74: 77 | AD74: 68 | AE74: 83 | AF74: 80 | AG74: 0 | AH74: 0 | AI74: 78 | AJ74: 80 | AK74: 71 | AL74: 71 | AM74: 72 | AN74: 0 | AO74: 0 | AP74: 64 | AQ74: 67 | AR74: 67 | AS74: 0 | AT74: =MAX(O74:AS74) -> 83 | AU74: 14 | AV74: 0.02311835 | AW74: 0.3236569 | AX74: P | AY74: SPDL - D48
A75: 43 | B75: 0003 | C75: 3 | D75: OP1 | E75: 0003-3-OP1-43 | F75: 74232VT01000 | G75: 74232-VT010-00 | H75: 667E | I75: 8 | J75: SUGITY CREATIVES | K75: PANEL FR DOOR ARMREST BASE UPR LH | L75: SPDL - D50 | M75: 97 | N75: 79 | O75: 4 | P75: 2 | Q75: 5 | R75: 2 | S75: 0 | T75: 0 | U75: 4 | V75: 4 | W75: 3 | X75: 3 | Y75: 3 | Z75: 0 | AA75: 0 | AB75: 4 | AC75: 5 | AD75: 5 | AE75: 4 | AF75: 3 | AG75: 0 | AH75: 0 | AI75: 3 | AJ75: 4 | AK75: 4 | AL75: 4 | AM75: 2 | AN75: 0 | AO75: 0 | AP75: 4 | AQ75: 3 | AR75: 4 | AS75: 0 | AT75: =MAX(O75:AS75) -> 5 | AU75: 1 | AV75: 0.02 | AW75: 0.02 | AX75: P | AY75: SPDL - D50
A76: 43 | B76: 0003 | C76: 3 | D76: OP1 | E76: 0003-3-OP1-43 | F76: 74232VT02000 | G76: 74232-VT020-00 | H76: 668E | I76: 8 | J76: SUGITY CREATIVES | K76: PANEL FR DOOR ARMREST BASE UPR LH | L76: SPDL - D50 | M76: 2569 | N76: 2867 | O76: 121 | P76: 123 | Q76: 124 | R76: 137 | S76: 0 | T76: 0 | U76: 132 | V76: 133 | W76: 126 | X76: 135 | Y76: 137 | Z76: 0 | AA76: 0 | AB76: 130 | AC76: 136 | AD76: 124 | AE76: 133 | AF76: 137 | AG76: 0 | AH76: 0 | AI76: 133 | AJ76: 134 | AK76: 124 | AL76: 135 | AM76: 137 | AN76: 0 | AO76: 0 | AP76: 123 | AQ76: 126 | AR76: 127 | AS76: 0 | AT76: =MAX(O76:AS76) -> 137 | AU76: 17 | AV76: 0.02311835 | AW76: 0.39301195 | AX76: P | AY76: SPDL - D50
A77: 43 | B77: 0003 | C77: 3 | D77: OP1 | E77: 0003-3-OP1-43 | F77: 74232VT03000 | G77: 74232-VT030-00 | H77: 669E | I77: 8 | J77: SUGITY CREATIVES | K77: PANEL FR DOOR ARMREST BASE UPR LH | L77: SPDL - D50 | M77: 3195 | N77: 3503 | O77: 146 | P77: 152 | Q77: 154 | R77: 164 | S77: 0 | T77: 0 | U77: 160 | V77: 166 | W77: 154 | X77: 165 | Y77: 163 | Z77: 0 | AA77: 0 | AB77: 162 | AC77: 162 | AD77: 154 | AE77: 166 | AF77: 163 | AG77: 0 | AH77: 0 | AI77: 161 | AJ77: 166 | AK77: 156 | AL77: 165 | AM77: 165 | AN77: 0 | AO77: 0 | AP77: 150 | AQ77: 155 | AR77: 154 | AS77: 0 | AT77: =MAX(O77:AS77) -> 166 | AU77: 21 | AV77: 0.02311835 | AW77: 0.48548535 | AX77: P | AY77: SPDL - D50
A78: 43 | B78: 0003 | C78: 3 | D78: OP1 | E78: 0003-3-OP1-43 | F78: 742710K27000 | G78: 74271-0K270-00 | H78: 670C | I78: 6 | J78: SUGITY CREATIVES | K78: PANEL RR DOOR ARMREST BASE UPR RH | L78: SPDL - D49 | M78: 480 | N78: 289 | O78: 12 | P78: 12 | Q78: 13 | R78: 13 | S78: 0 | T78: 0 | U78: 13 | V78: 14 | W78: 13 | X78: 14 | Y78: 13 | Z78: 0 | AA78: 0 | AB78: 13 | AC78: 14 | AD78: 13 | AE78: 13 | AF78: 13 | AG78: 0 | AH78: 0 | AI78: 12 | AJ78: 14 | AK78: 13 | AL78: 14 | AM78: 14 | AN78: 0 | AO78: 0 | AP78: 13 | AQ78: 13 | AR78: 13 | AS78: 0 | AT78: =MAX(O78:AS78) -> 14 | AU78: 3 | AV78: 0.02311835 | AW78: 0.06935505 | AX78: P | AY78: SPDL - D49
A79: 43 | B79: 0003 | C79: 3 | D79: OP1 | E79: 0003-3-OP1-43 | F79: 742710K34000 | G79: 74271-0K340-00 | H79: 605H | I79: 6 | J79: SUGITY CREATIVES | K79: PANEL RR DOOR ARMREST BASE UPR RH | L79: SPDL - D48 | M79: 2382 | N79: 1648 | O79: 75 | P79: 71 | Q79: 73 | R79: 80 | S79: 0 | T79: 0 | U79: 80 | V79: 76 | W79: 76 | X79: 80 | Y79: 80 | Z79: 0 | AA79: 0 | AB79: 79 | AC79: 77 | AD79: 68 | AE79: 83 | AF79: 80 | AG79: 0 | AH79: 0 | AI79: 78 | AJ79: 80 | AK79: 71 | AL79: 71 | AM79: 72 | AN79: 0 | AO79: 0 | AP79: 64 | AQ79: 67 | AR79: 67 | AS79: 0 | AT79: =MAX(O79:AS79) -> 83 | AU79: 14 | AV79: 0.02311835 | AW79: 0.3236569 | AX79: P | AY79: SPDL - D48
A80: 43 | B80: 0003 | C80: 3 | D80: OP1 | E80: 0003-3-OP1-43 | F80: 742710K35000 | G80: 74271-0K350-00 | H80: 606H | I80: 6 | J80: SUGITY CREATIVES | K80: PANEL RR DOOR ARMREST BASE UPR RH | L80: SPDL - D48 | M80: 2267 | N80: 1503 | O80: 58 | P80: 65 | Q80: 65 | R80: 68 | S80: 0 | T80: 0 | U80: 65 | V80: 72 | W80: 62 | X80: 68 | Y80: 68 | Z80: 0 | AA80: 0 | AB80: 66 | AC80: 71 | AD80: 70 | AE80: 65 | AF80: 68 | AG80: 0 | AH80: 0 | AI80: 67 | AJ80: 68 | AK80: 67 | AL80: 77 | AM80: 77 | AN80: 0 | AO80: 0 | AP80: 73 | AQ80: 72 | AR80: 71 | AS80: 0 | AT80: =MAX(O80:AS80) -> 77 | AU80: 12 | AV80: 0.02311835 | AW80: 0.2774202 | AX80: P | AY80: SPDL - D48
A81: 43 | B81: 0003 | C81: 3 | D81: OP1 | E81: 0003-3-OP1-43 | F81: 74271VT01000 | G81: 74271-VT010-00 | H81: 670E | I81: 4 | J81: SUGITY CREATIVES | K81: PANEL RR DOOR ARMREST BASE UPR RH | L81: SPDL - D50 | M81: 5861 | N81: 6449 | O81: 271 | P81: 277 | Q81: 283 | R81: 303 | S81: 0 | T81: 0 | U81: 296 | V81: 303 | W81: 283 | X81: 303 | Y81: 303 | Z81: 0 | AA81: 0 | AB81: 296 | AC81: 303 | AD81: 283 | AE81: 303 | AF81: 303 | AG81: 0 | AH81: 0 | AI81: 297 | AJ81: 304 | AK81: 284 | AL81: 304 | AM81: 304 | AN81: 0 | AO81: 0 | AP81: 277 | AQ81: 284 | AR81: 285 | AS81: 0 | AT81: =MAX(O81:AS81) -> 304 | AU81: 76 | AV81: 0.02311835 | AW81: 1.7569946 | AX81: P | AY81: SPDL - D50
A82: 43 | B82: 0003 | C82: 3 | D82: OP1 | E82: 0003-3-OP1-43 | F82: 742720K27000 | G82: 74272-0K270-00 | H82: 672C | I82: 6 | J82: SUGITY CREATIVES | K82: PANEL RR DOOR ARMREST BASE UPR LH | L82: SPDL - D49 | M82: 480 | N82: 289 | O82: 12 | P82: 12 | Q82: 13 | R82: 13 | S82: 0 | T82: 0 | U82: 13 | V82: 14 | W82: 13 | X82: 14 | Y82: 13 | Z82: 0 | AA82: 0 | AB82: 13 | AC82: 14 | AD82: 13 | AE82: 13 | AF82: 13 | AG82: 0 | AH82: 0 | AI82: 12 | AJ82: 14 | AK82: 13 | AL82: 14 | AM82: 14 | AN82: 0 | AO82: 0 | AP82: 13 | AQ82: 13 | AR82: 13 | AS82: 0 | AT82: =MAX(O82:AS82) -> 14 | AU82: 3 | AV82: 0.02311835 | AW82: 0.06935505 | AX82: P | AY82: SPDL - D49
A83: 43 | B83: 0003 | C83: 3 | D83: OP1 | E83: 0003-3-OP1-43 | F83: 742720K34000 | G83: 74272-0K340-00 | H83: 607H | I83: 6 | J83: SUGITY CREATIVES | K83: PANEL RR DOOR ARMREST BASE UPR LH | L83: SPDL - D48 | M83: 2382 | N83: 1648 | O83: 75 | P83: 71 | Q83: 73 | R83: 80 | S83: 0 | T83: 0 | U83: 80 | V83: 76 | W83: 76 | X83: 80 | Y83: 80 | Z83: 0 | AA83: 0 | AB83: 79 | AC83: 77 | AD83: 68 | AE83: 83 | AF83: 80 | AG83: 0 | AH83: 0 | AI83: 78 | AJ83: 80 | AK83: 71 | AL83: 71 | AM83: 72 | AN83: 0 | AO83: 0 | AP83: 64 | AQ83: 67 | AR83: 67 | AS83: 0 | AT83: =MAX(O83:AS83) -> 83 | AU83: 14 | AV83: 0.02311835 | AW83: 0.3236569 | AX83: P | AY83: SPDL - D48
A84: 43 | B84: 0003 | C84: 3 | D84: OP1 | E84: 0003-3-OP1-43 | F84: 742720K35000 | G84: 74272-0K350-00 | H84: 608H | I84: 6 | J84: SUGITY CREATIVES | K84: PANEL RR DOOR ARMREST BASE UPR LH | L84: SPDL - D48 | M84: 2267 | N84: 1503 | O84: 58 | P84: 65 | Q84: 65 | R84: 68 | S84: 0 | T84: 0 | U84: 65 | V84: 72 | W84: 62 | X84: 68 | Y84: 68 | Z84: 0 | AA84: 0 | AB84: 66 | AC84: 71 | AD84: 70 | AE84: 65 | AF84: 68 | AG84: 0 | AH84: 0 | AI84: 67 | AJ84: 68 | AK84: 67 | AL84: 77 | AM84: 77 | AN84: 0 | AO84: 0 | AP84: 73 | AQ84: 72 | AR84: 71 | AS84: 0 | AT84: =MAX(O84:AS84) -> 77 | AU84: 12 | AV84: 0.02311835 | AW84: 0.2774202 | AX84: P | AY84: SPDL - D48
A85: 43 | B85: 0003 | C85: 3 | D85: OP1 | E85: 0003-3-OP1-43 | F85: 74272VT01000 | G85: 74272-VT010-00 | H85: 671E | I85: 4 | J85: SUGITY CREATIVES | K85: PANEL RR DOOR ARMREST BASE UPR LH | L85: SPDL - D50 | M85: 5861 | N85: 6449 | O85: 271 | P85: 277 | Q85: 283 | R85: 303 | S85: 0 | T85: 0 | U85: 296 | V85: 303 | W85: 283 | X85: 303 | Y85: 303 | Z85: 0 | AA85: 0 | AB85: 296 | AC85: 303 | AD85: 283 | AE85: 303 | AF85: 303 | AG85: 0 | AH85: 0 | AI85: 297 | AJ85: 304 | AK85: 284 | AL85: 304 | AM85: 304 | AN85: 0 | AO85: 0 | AP85: 277 | AQ85: 284 | AR85: 285 | AS85: 0 | AT85: =MAX(O85:AS85) -> 304 | AU85: 76 | AV85: 0.02311835 | AW85: 1.7569946 | AX85: P | AY85: SPDL - D50
A86: 43 | B86: 0003 | C86: 5 | D86: GP1 | E86: 0003-5-GP1-43 | F86: 55480KK100C0 | G86: 55480-KK100-C0 | H86: 277E | I86: 2 | J86: SUGITY CREATIVES | K86: PANEL ASSY INSTRUMENT PANEL FINISH LWR | L86: SIP1R- I7 | M86: 480 | N86: 289 | O86: 12 | P86: 12 | Q86: 13 | R86: 13 | S86: 0 | T86: 0 | U86: 13 | V86: 14 | W86: 13 | X86: 14 | Y86: 13 | Z86: 0 | AA86: 0 | AB86: 13 | AC86: 14 | AD86: 13 | AE86: 13 | AF86: 13 | AG86: 0 | AH86: 0 | AI86: 12 | AJ86: 14 | AK86: 13 | AL86: 14 | AM86: 14 | AN86: 0 | AO86: 0 | AP86: 13 | AQ86: 13 | AR86: 13 | AS86: 0 | AT86: =MAX(O86:AS86) -> 14 | AU86: 7 | AV86: 0.065651625 | AW86: 0.45956138 | AX86: H | AY86: SIP1R- I7
A87: 43 | B87: 0003 | C87: 5 | D87: GP1 | E87: 0003-5-GP1-43 | F87: 556500K13000 | G87: 55650-0K130-00 | H87: 444C | I87: 6 | J87: SUGITY CREATIVES | K87: REGISTER ASSY INSTRUMENT PANEL NO.1 | L87: SIP1R- I11 | M87: 480 | N87: 289 | O87: 12 | P87: 12 | Q87: 13 | R87: 13 | S87: 0 | T87: 0 | U87: 13 | V87: 14 | W87: 13 | X87: 14 | Y87: 13 | Z87: 0 | AA87: 0 | AB87: 13 | AC87: 14 | AD87: 13 | AE87: 13 | AF87: 13 | AG87: 0 | AH87: 0 | AI87: 12 | AJ87: 14 | AK87: 13 | AL87: 14 | AM87: 14 | AN87: 0 | AO87: 0 | AP87: 13 | AQ87: 13 | AR87: 13 | AS87: 0 | AT87: =MAX(O87:AS87) -> 14 | AU87: 3 | AV87: 0.04376775 | AW87: 0.13130325 | AX87: H | AY87: SIP1R- I11
... A129: 43 | B129: 0003 | C129: 5 | D129: LP1 | E129: 0003-5-LP1-43 | F129: 55670VT02000 | G129: 55670-VT020-00 | H129: 682E | I129: 5 | J129: SUGITY CREATIVES | K129: REGISTER ASSY INSTRUMENT PANEL NO.3 | L129: SPT2R- Y5 | M129: 5861 | N129: 6449 | O129: 271 | P129: 277 | Q129: 283 | R129: 303 | S129: 0 | T129: 0 | U129: 296 | V129: 303 | W129: 283 | X129: 303 | Y129: 303 | Z129: 0 | AA129: 0 | AB129: 296 | AC129: 303 | AD129: 283 | AE129: 303 | AF129: 303 | AG129: 0 | AH129: 0 | AI129: 297 | AJ129: 304 | AK129: 284 | AL129: 304 | AM129: 304 | AN129: 0 | AO129: 0 | AP129: 277 | AQ129: 284 | AR129: 285 | AS129: 0 | AT129: =MAX(O129:AS129) -> 304 | AU129: 61 | AV129: 0.04376775 | AW129: 2.6698327 | AX129: N | AY129: SPT2R- Y5
A130: 43 | B130: 0003 | C130: 5 | D130: LP1 | E130: 0003-5-LP1-43 | F130: 636100K040B0 | G130: 63610-0K040-B0 | H130: 469H | I130: 10 | J130: SUGITY CREATIVES | K130: REGISTER ASSY AIR OUTLET RH | L130: SF2L -K104 | M130: 16940 | N130: 11516 | O130: 480 | P130: 496 | Q130: 492 | R130: 544 | S130: 0 | T130: 0 | U130: 532 | V130: 536 | W130: 496 | X130: 548 | Y130: 532 | Z130: 0 | AA130: 0 | AB130: 532 | AC130: 540 | AD130: 496 | AE130: 544 | AF130: 540 | AG130: 0 | AH130: 0 | AI130: 528 | AJ130: 540 | AK130: 496 | AL130: 544 | AM130: 544 | AN130: 0 | AO130: 0 | AP130: 496 | AQ130: 508 | AR130: 552 | AS130: 0 | AT130: =MAX(O130:AS130) -> 552 | AU130: 54 | AV130: 0.02 | AW130: 1.08 | AX130: N | AY130: SF2L -K104
A131: 43 | B131: 0003 | C131: 5 | D131: LP1 | E131: 0003-5-LP1-43 | F131: 636100K040C0 | G131: 63610-0K040-C0 | H131: 961K | I131: 10 | J131: SUGITY CREATIVES | K131: REGISTER ASSY AIR OUTLET RH | L131: SF2L -K104 | M131: 1656 | N131: 1088 | O131: 52 | P131: 48 | Q131: 60 | R131: 48 | S131: 0 | T131: 0 | U131: 48 | V131: 56 | W131: 56 | X131: 44 | Y131: 60 | Z131: 0 | AA131: 0 | AB131: 48 | AC131: 52 | AD131: 56 | AE131: 48 | AF131: 52 | AG131: 0 | AH131: 0 | AI131: 52 | AJ131: 52 | AK131: 56 | AL131: 48 | AM131: 52 | AN131: 0 | AO131: 0 | AP131: 52 | AQ131: 48 | AR131: 0 | AS131: 0 | AT131: =MAX(O131:AS131) -> 60 | AU131: 6 | AV131: 0.02311835 | AW131: 0.1387101 | AX131: N | AY131: SF2L -K104
A132: 43 | B132: 0003 | C132: 8 | D132: HP1 | E132: 0003-8-HP1-43 | F132: 740370K010C0 | G132: 74037-0K010-C0 | H132: 657C | I132: 16 | J132: SUGITY CREATIVES | K132: COVER SUB-ASSY DOOR ARMREST RH | L132: ERDL -D143 | M132: 480 | N132: 289 | O132: 12 | P132: 12 | Q132: 13 | R132: 13 | S132: 0 | T132: 0 | U132: 13 | V132: 14 | W132: 13 | X132: 14 | Y132: 13 | Z132: 0 | AA132: 0 | AB132: 13 | AC132: 14 | AD132: 13 | AE132: 13 | AF132: 13 | AG132: 0 | AH132: 0 | AI132: 12 | AJ132: 14 | AK132: 13 | AL132: 14 | AM132: 14 | AN132: 0 | AO132: 0 | AP132: 13 | AQ132: 13 | AR132: 13 | AS132: 0 | AT132: =MAX(O132:AS132) -> 14 | AU132: 1 | AV132: 0.011559175 | AW132: 0.011559175 | AX132: O | AY132: ERDL -D143
A133: 43 | B133: 0003 | C133: 8 | D133: HP1 | E133: 0003-8-HP1-43 | F133: 740380K010C0 | G133: 74038-0K010-C0 | H133: 658C | I133: 16 | J133: SUGITY CREATIVES | K133: COVER SUB-ASSY DOOR ARMREST LH | L133: ERDL -D143 | M133: 480 | N133: 289 | O133: 12 | P133: 12 | Q133: 13 | R133: 13 | S133: 0 | T133: 0 | U133: 13 | V133: 14 | W133: 13 | X133: 14 | Y133: 13 | Z133: 0 | AA133: 0 | AB133: 13 | AC133: 14 | AD133: 13 | AE133: 13 | AF133: 13 | AG133: 0 | AH133: 0 | AI133: 12 | AJ133: 14 | AK133: 13 | AL133: 14 | AM133: 14 | AN133: 0 | AO133: 0 | AP133: 13 | AQ133: 13 | AR133: 13 | AS133: 0 | AT133: =MAX(O133:AS133) -> 14 | AU133: 1 | AV133: 0.011559175 | AW133: 0.011559175 | AX133: O | AY133: ERDL -D143
A134: 43 | B134: 0003 | C134: 8 | D134: HP1 | E134: 0003-8-HP1-43 | F134: 740470K010C0 | G134: 74047-0K010-C0 | H134: 659C | I134: 16 | J134: SUGITY CREATIVES | K134: COVER SUB-ASSY RR DOOR ARMREST RH | L134: ERDL -D143 | M134: 480 | N134: 289 | O134: 12 | P134: 12 | Q134: 13 | R134: 13 | S134: 0 | T134: 0 | U134: 13 | V134: 14 | W134: 13 | X134: 14 | Y134: 13 | Z134: 0 | AA134: 0 | AB134: 13 | AC134: 14 | AD134: 13 | AE134: 13 | AF134: 13 | AG134: 0 | AH134: 0 | AI134: 12 | AJ134: 14 | AK134: 13 | AL134: 14 | AM134: 14 | AN134: 0 | AO134: 0 | AP134: 13 | AQ134: 13 | AR134: 13 | AS134: 0 | AT134: =MAX(O134:AS134) -> 14 | AU134: 1 | AV134: 0.011559175 | AW134: 0.011559175 | AX134: O | AY134: ERDL -D143
A135: 43 | B135: 0003 | C135: 8 | D135: HP1 | E135: 0003-8-HP1-43 | F135: 740480K010C0 | G135: 74048-0K010-C0 | H135: 660C | I135: 16 | J135: SUGITY CREATIVES | K135: COVER SUB-ASSY RR DOOR ARMREST LH | L135: ERDL -D143 | M135: 480 | N135: 289 | O135: 12 | P135: 12 | Q135: 13 | R135: 13 | S135: 0 | T135: 0 | U135: 13 | V135: 14 | W135: 13 | X135: 14 | Y135: 13 | Z135: 0 | AA135: 0 | AB135: 13 | AC135: 14 | AD135: 13 | AE135: 13 | AF135: 13 | AG135: 0 | AH135: 0 | AI135: 12 | AJ135: 14 | AK135: 13 | AL135: 14 | AM135: 14 | AN135: 0 | AO135: 0 | AP135: 13 | AQ135: 13 | AR135: 13 | AS135: 0 | AT135: =MAX(O135:AS135) -> 14 | AU135: 1 | AV135: 0.011559175 | AW135: 0.011559175 | AX135: O | AY135: ERDL -D143
A136: 43 | B136: 0003 | C136: 8 | D136: NP1 | E136: 0003-8-NP1-43 | F136: 450240K051C0 | G136: 45024-0K051-C0 | H136: 535W | I136: 4 | J136: SUGITY CREATIVES | K136: COVER SUB-ASSY STEERING COLUMN LWR | L136: SPTR2- X7 | M136: 2519 | N136: 844 | O136: 38 | P136: 37 | Q136: 36 | R136: 33 | S136: 0 | T136: 0 | U136: 44 | V136: 32 | W136: 38 | X136: 42 | Y136: 40 | Z136: 0 | AA136: 0 | AB136: 42 | AC136: 38 | AD136: 25 | AE136: 44 | AF136: 43 | AG136: 0 | AH136: 0 | AI136: 40 | AJ136: 40 | AK136: 31 | AL136: 44 | AM136: 36 | AN136: 0 | AO136: 0 | AP136: 35 | AQ136: 39 | AR136: 47 | AS136: 0 | AT136: =MAX(O136:AS136) -> 47 | AU136: 10 | AV136: 0.0969624 | AW136: 0.969624 | AX136: M | AY136: SPTR2- X7
A137: 43 | B137: 0003 | C137: 8 | D137: NP1 | E137: 0003-8-NP1-43 | F137: 450240K081C0 | G137: 45024-0K081-C0 | H137: 536W | I137: 4 | J137: SUGITY CREATIVES | K137: COVER SUB-ASSY STEERING COLUMN LWR | L137: SPTR2- X7 | M137: 1029 | N137: 591 | O137: 23 | P137: 25 | Q137: 26 | R137: 35 | S137: 0 | T137: 0 | U137: 22 | V137: 35 | W137: 25 | X137: 25 | Y137: 28 | Z137: 0 | AA137: 0 | AB137: 24 | AC137: 29 | AD137: 38 | AE137: 24 | AF137: 24 | AG137: 0 | AH137: 0 | AI137: 26 | AJ137: 27 | AK137: 32 | AL137: 24 | AM137: 31 | AN137: 0 | AO137: 0 | AP137: 28 | AQ137: 24 | AR137: 16 | AS137: 0 | AT137: =MAX(O137:AS137) -> 38 | AU137: 7 | AV137: 0.0969624 | AW137: 0.6787368 | AX137: M | AY137: SPTR2- X7
A138: 43 | B138: 0003 | C138: 8 | D138: NP1 | E138: 0003-8-NP1-43 | F138: 45024VT020C0 | G138: 45024-VT020-C0 | H138: 683E | I138: 4 | J138: SUGITY CREATIVES | K138: COVER SUB-ASSY STEERING COLUMN LWR | L138: SPTR2- X6 | M138: 5861 | N138: 6449 | O138: 271 | P138: 277 | Q138: 283 | R138: 303 | S138: 0 | T138: 0 | U138: 296 | V138: 303 | W138: 283 | X138: 303 | Y138: 303 | Z138: 0 | AA138: 0 | AB138: 296 | AC138: 303 | AD138: 283 | AE138: 303 | AF138: 303 | AG138: 0 | AH138: 0 | AI138: 297 | AJ138: 304 | AK138: 284 | AL138: 304 | AM138: 304 | AN138: 0 | AO138: 0 | AP138: 277 | AQ138: 284 | AR138: 285 | AS138: 0 | AT138: =MAX(O138:AS138) -> 304 | AU138: 76 | AV138: 0.0969624 | AW138: 7.3691424 | AX138: M | AY138: SPTR2- X6
A139: 43 | B139: 0003 | C139: 8 | D139: NP1 | E139: 0003-8-NP1-43 | F139: 452860K070C0 | G139: 45286-0K070-C0 | H139: 257C | I139: 12 | J139: SUGITY CREATIVES | K139: COVER STEERING COLUMN UPR | L139: SPTR2- X7 | M139: 5129 | N139: 3440 | O139: 145 | P139: 148 | Q139: 151 | R139: 161 | S139: 0 | T139: 0 | U139: 158 | V139: 162 | W139: 151 | X139: 162 | Y139: 161 | Z139: 0 | AA139: 0 | AB139: 158 | AC139: 162 | AD139: 151 | AE139: 161 | AF139: 161 | AG139: 0 | AH139: 0 | AI139: 157 | AJ139: 162 | AK139: 151 | AL139: 162 | AM139: 163 | AN139: 0 | AO139: 0 | AP139: 150 | AQ139: 152 | AR139: 151 | AS139: 0 | AT139: =MAX(O139:AS139) -> 163 | AU139: 14 | AV139: 0.065651625 | AW139: 0.91912275 | AX139: M | AY139: SPTR2- X7
A140: 43 | B140: 0003 | C140: 8 | D140: NP1 | E140: 0003-8-NP1-43 | F140: 45286VT020C0 | G140: 45286-VT020-C0 | H140: 684E | I140: 4 | J140: SUGITY CREATIVES | K140: COVER STEERING COLUMN | L140: SPTR2- X6 | M140: 5861 | N140: 6449 | O140: 271 | P140: 277 | Q140: 283 | R140: 303 | S140: 0 | T140: 0 | U140: 296 | V140: 303 | W140: 283 | X140: 303 | Y140: 303 | Z140: 0 | AA140: 0 | AB140: 296 | AC140: 303 | AD140: 283 | AE140: 303 | AF140: 303 | AG140: 0 | AH140: 0 | AI140: 297 | AJ140: 304 | AK140: 284 | AL140: 304 | AM140: 304 | AN140: 0 | AO140: 0 | AP140: 277 | AQ140: 284 | AR140: 285 | AS140: 0 | AT140: =MAX(O140:AS140) -> 304 | AU140: 76 | AV140: 0.0969624 | AW140: 7.3691424 | AX140: M | AY140: SPTR2- X6
A141: 43 | B141: 0003 | C141: 8 | D141: NP1 | E141: 0003-8-NP1-43 | F141: 452870K110C0 | G141: 45287-0K110-C0 | H141: 258C | I141: 4 | J141: SUGITY CREATIVES | K141: COVER STEERING COLUMN LWR | L141: SPTR2- X7 | M141: 1238 | N141: 1426 | O141: 61 | P141: 60 | Q141: 61 | R141: 69 | S141: 0 | T141: 0 | U141: 64 | V141: 69 | W141: 64 | X141: 66 | Y141: 66 | Z141: 0 | AA141: 0 | AB141: 64 | AC141: 67 | AD141: 66 | AE141: 66 | AF141: 64 | AG141: 0 | AH141: 0 | AI141: 65 | AJ141: 67 | AK141: 62 | AL141: 69 | AM141: 69 | AN141: 0 | AO141: 0 | AP141: 63 | AQ141: 67 | AR141: 57 | AS141: 0 | AT141: =MAX(O141:AS141) -> 69 | AU141: 17 | AV141: 0.065651625 | AW141: 1.1160776 | AX141: M | AY141: SPTR2- X7
A142: 43 | B142: 0003 | C142: 8 | D142: NP1 | E142: 0003-8-NP1-43 | F142: 452870K120C0 | G142: 45287-0K120-C0 | H142: 259C | I142: 4 | J142: SUGITY CREATIVES | K142: COVER STEERING COLUMN LWR | L142: SPTR2- X7 | M142: 343 | N142: 579 | O142: 23 | P142: 26 | Q142: 28 | R142: 24 | S142: 0 | T142: 0 | U142: 28 | V142: 26 | W142: 24 | X142: 29 | Y142: 27 | Z142: 0 | AA142: 0 | AB142: 28 | AC142: 28 | AD142: 22 | AE142: 27 | AF142: 30 | AG142: 0 | AH142: 0 | AI142: 26 | AJ142: 28 | AK142: 26 | AL142: 25 | AM142: 27 | AN142: 0 | AO142: 0 | AP142: 24 | AQ142: 22 | AR142: 31 | AS142: 0 | AT142: =MAX(O142:AS142) -> 31 | AU142: 7 | AV142: 0.065651625 | AW142: 0.45956138 | AX142: M | AY142: SPTR2- X7
... A178: 43 | B178: 0003 | C178: A | D178: LP1 | E178: 0003-A-LP1-43 | F178: 55313VT01000 | G178: 55313-VT010-00 | H178: 689E | I178: 6 | J178: SUGITY CREATIVES | K178: PANEL INSTRUMENT MAIN | L178: SPTR2- X6 | M178: 1094 | N178: 1947 | O178: 82 | P178: 85 | Q178: 83 | R178: 92 | S178: 0 | T178: 0 | U178: 90 | V178: 90 | W178: 86 | X178: 90 | Y178: 92 | Z178: 0 | AA178: 0 | AB178: 88 | AC178: 93 | AD178: 88 | AE178: 91 | AF178: 93 | AG178: 0 | AH178: 0 | AI178: 89 | AJ178: 91 | AK178: 85 | AL178: 93 | AM178: 89 | AN178: 0 | AO178: 0 | AP178: 86 | AQ178: 83 | AR178: 88 | AS178: 0 | AT178: =MAX(O178:AS178) -> 93 | AU178: 16 | AV178: 0.065651625 | AW178: 1.050426 | AX178: L | AY178: SPTR2- X6
A179: 43 | B179: 0003 | C179: A | D179: LP1 | E179: 0003-A-LP1-43 | F179: 55313VT02000 | G179: 55313-VT020-00 | H179: 690E | I179: 7 | J179: SUGITY CREATIVES | K179: PANEL INSTRUMENT MAIN | L179: SPTR2- X6 | M179: 2883 | N179: 2602 | O179: 108 | P179: 112 | Q179: 117 | R179: 120 | S179: 0 | T179: 0 | U179: 119 | V179: 124 | W179: 114 | X179: 123 | Y179: 120 | Z179: 0 | AA179: 0 | AB179: 121 | AC179: 121 | AD179: 114 | AE179: 124 | AF179: 121 | AG179: 0 | AH179: 0 | AI179: 119 | AJ179: 123 | AK179: 116 | AL179: 122 | AM179: 122 | AN179: 0 | AO179: 0 | AP179: 112 | AQ179: 116 | AR179: 114 | AS179: 0 | AT179: =MAX(O179:AS179) -> 124 | AU179: 18 | AV179: 0.02 | AW179: 0.36 | AX179: L | AY179: SPTR2- X6
A180: 43 | B180: 0003 | C180: A | D180: LP1 | E180: 0003-A-LP1-43 | F180: 55405KK07000 | G180: 55405-KK070-00 | H180: 450K | I180: 6 | J180: SUGITY CREATIVES | K180: PANEL SUB-ASSY INSTR CSTR FINISH CTR | L180: SPTR2- X10 | M180: 2050 | N180: 1374 | O180: 53 | P180: 62 | Q180: 54 | R180: 63 | S180: 0 | T180: 0 | U180: 60 | V180: 64 | W180: 55 | X180: 65 | Y180: 59 | Z180: 0 | AA180: 0 | AB180: 63 | AC180: 62 | AD180: 62 | AE180: 60 | AF180: 62 | AG180: 0 | AH180: 0 | AI180: 62 | AJ180: 62 | AK180: 59 | AL180: 73 | AM180: 70 | AN180: 0 | AO180: 0 | AP180: 65 | AQ180: 69 | AR180: 70 | AS180: 0 | AT180: =MAX(O180:AS180) -> 73 | AU180: 11 | AV180: 0.065651625 | AW180: 0.72216788 | AX180: L | AY180: SPTR2- X10
A181: 43 | B181: 0003 | C181: A | D181: LP1 | E181: 0003-A-LP1-43 | F181: 55405KK08000 | G181: 55405-KK080-00 | H181: 376H | I181: 6 | J181: SUGITY CREATIVES | K181: PANEL SUB-ASSY INSTR CSTR FINISH CTR | L181: SPTR2- X10 | M181: 415 | N181: 990 | O181: 44 | P181: 42 | Q181: 48 | R181: 50 | S181: 0 | T181: 0 | U181: 46 | V181: 51 | W181: 46 | X181: 47 | Y181: 49 | Z181: 0 | AA181: 0 | AB181: 48 | AC181: 48 | AD181: 45 | AE181: 50 | AF181: 48 | AG181: 0 | AH181: 0 | AI181: 45 | AJ181: 49 | AK181: 46 | AL181: 40 | AM181: 41 | AN181: 0 | AO181: 0 | AP181: 40 | AQ181: 36 | AR181: 31 | AS181: 0 | AT181: =MAX(O181:AS181) -> 51 | AU181: 9 | AV181: 0.065651625 | AW181: 0.59086463 | AX181: L | AY181: SPTR2- X10
A182: 43 | B182: 0003 | C182: A | D182: LP1 | E182: 0003-A-LP1-43 | F182: 55405KK09000 | G182: 55405-KK090-00 | H182: 451K | I182: 6 | J182: SUGITY CREATIVES | K182: PANEL SUB-ASSY INSTR CSTR FINISH CTR | L182: SPTR2- X10 | M182: 1970 | N182: 688 | O182: 32 | P182: 28 | Q182: 29 | R182: 32 | S182: 0 | T182: 0 | U182: 35 | V182: 27 | W182: 31 | X182: 33 | Y182: 34 | Z182: 0 | AA182: 0 | AB182: 31 | AC182: 32 | AD182: 26 | AE182: 34 | AF182: 33 | AG182: 0 | AH182: 0 | AI182: 33 | AJ182: 32 | AK182: 28 | AL182: 31 | AM182: 33 | AN182: 0 | AO182: 0 | AP182: 27 | AQ182: 30 | AR182: 37 | AS182: 0 | AT182: =MAX(O182:AS182) -> 37 | AU182: 6 | AV182: 0.105127 | AW182: 0.630762 | AX182: L | AY182: SPTR2- X10
A183: 43 | B183: 0003 | C183: A | D183: LP1 | E183: 0003-A-LP1-43 | F183: 55406KK25000 | G183: 55406-KK250-00 | H183: 452K | I183: 12 | J183: SUGITY CREATIVES | K183: PANEL SUB-ASSY INSTR CSTR FIN LWR CTR | L183: SPT2R- Y6 | M183: 369 | N183: 925 | O183: 42 | P183: 41 | Q183: 43 | R183: 45 | S183: 0 | T183: 0 | U183: 44 | V183: 47 | W183: 44 | X183: 45 | Y183: 45 | Z183: 0 | AA183: 0 | AB183: 47 | AC183: 43 | AD183: 39 | AE183: 48 | AF183: 46 | AG183: 0 | AH183: 0 | AI183: 43 | AJ183: 47 | AK183: 42 | AL183: 37 | AM183: 37 | AN183: 0 | AO183: 0 | AP183: 36 | AQ183: 34 | AR183: 30 | AS183: 0 | AT183: =MAX(O183:AS183) -> 48 | AU183: 4 | AV183: 0.065651625 | AW183: 0.2626065 | AX183: L | AY183: SPT2R- Y6
A184: 43 | B184: 0003 | C184: A | D184: LP1 | E184: 0003-A-LP1-43 | F184: 55407VT01000 | G184: 55407-VT010-00 | H184: 693E | I184: 22 | J184: SUGITY CREATIVES | K184: COVER SUB-ASSY INSTRUMENT LWR | L184: SPTR2- X6 | M184: 5861 | N184: 6449 | O184: 271 | P184: 277 | Q184: 283 | R184: 303 | S184: 0 | T184: 0 | U184: 296 | V184: 303 | W184: 283 | X184: 303 | Y184: 303 | Z184: 0 | AA184: 0 | AB184: 296 | AC184: 303 | AD184: 283 | AE184: 303 | AF184: 303 | AG184: 0 | AH184: 0 | AI184: 297 | AJ184: 304 | AK184: 284 | AL184: 304 | AM184: 304 | AN184: 0 | AO184: 0 | AP184: 277 | AQ184: 284 | AR184: 285 | AS184: 0 | AT184: =MAX(O184:AS184) -> 304 | AU184: 14 | AV184: 0.065651625 | AW184: 0.91912275 | AX184: L | AY184: SPTR2- X6
A185: 43 | B185: 0003 | C185: A | D185: LP1 | E185: 0003-A-LP1-43 | F185: 55410KK030C0 | G185: 55410-KK030-C0 | H185: 305D | I185: 2 | J185: SUGITY CREATIVES | K185: PANEL ASSY INSTRUMENT CLUSTER FINISH | L185: SPTR2- X9 | M185: 480 | N185: 289 | O185: 12 | P185: 12 | Q185: 13 | R185: 13 | S185: 0 | T185: 0 | U185: 13 | V185: 14 | W185: 13 | X185: 14 | Y185: 13 | Z185: 0 | AA185: 0 | AB185: 13 | AC185: 14 | AD185: 13 | AE185: 13 | AF185: 13 | AG185: 0 | AH185: 0 | AI185: 12 | AJ185: 14 | AK185: 13 | AL185: 14 | AM185: 14 | AN185: 0 | AO185: 0 | AP185: 13 | AQ185: 13 | AR185: 13 | AS185: 0 | AT185: =MAX(O185:AS185) -> 14 | AU185: 7 | AV185: 0.065651625 | AW185: 0.45956138 | AX185: L | AY185: SPTR2- X9
A186: 43 | B186: 0003 | C186: A | D186: LP1 | E186: 0003-A-LP1-43 | F186: 55471VT010C0 | G186: 55471-VT010-C0 | H186: 698E | I186: 14 | J186: SUGITY CREATIVES | K186: ORNAMENT INSTR CLUSTER FINISH PANEL | L186: SPTR2- X6 | M186: 1805 | N186: 1827 | O186: 79 | P186: 76 | Q186: 81 | R186: 86 | S186: 0 | T186: 0 | U186: 84 | V186: 84 | W186: 81 | X186: 85 | Y186: 89 | Z186: 0 | AA186: 0 | AB186: 81 | AC186: 88 | AD186: 80 | AE186: 84 | AF186: 87 | AG186: 0 | AH186: 0 | AI186: 84 | AJ186: 86 | AK186: 78 | AL186: 88 | AM186: 87 | AN186: 0 | AO186: 0 | AP186: 77 | AQ186: 81 | AR186: 81 | AS186: 0 | AT186: =MAX(O186:AS186) -> 89 | AU186: 7 | AV186: 0.02 | AW186: 0.14 | AX186: L | AY186: SPTR2- X6
A187: 43 | B187: 0003 | C187: A | D187: LP1 | E187: 0003-A-LP1-43 | F187: 55471VT010E0 | G187: 55471-VT010-E0 | H187: 699E | I187: 14 | J187: SUGITY CREATIVES | K187: ORNAMENT INSTR CLUSTER FINISH PANEL | L187: SPTR2- X6 | M187: 764 | N187: 1040 | O187: 42 | P187: 47 | Q187: 43 | R187: 51 | S187: 0 | T187: 0 | U187: 48 | V187: 49 | W187: 45 | X187: 50 | Y187: 48 | Z187: 0 | AA187: 0 | AB187: 49 | AC187: 48 | AD187: 44 | AE187: 49 | AF187: 50 | AG187: 0 | AH187: 0 | AI187: 49 | AJ187: 48 | AK187: 46 | AL187: 47 | AM187: 50 | AN187: 0 | AO187: 0 | AP187: 46 | AQ187: 45 | AR187: 46 | AS187: 0 | AT187: =MAX(O187:AS187) -> 51 | AU187: 4 | AV187: 0.02 | AW187: 0.08 | AX187: L | AY187: SPTR2- X6
A188: 43 | B188: 0003 | C188: A | D188: LP1 | E188: 0003-A-LP1-43 | F188: 55471VT020C0 | G188: 55471-VT020-C0 | H188: 700E | I188: 14 | J188: SUGITY CREATIVES | K188: ORNAMENT INSTR CLUSTER FINISH PANEL | L188: SPTR2- X6 | M188: 111 | N188: 95 | O188: 3 | P188: 5 | Q188: 4 | R188: 4 | S188: 0 | T188: 0 | U188: 4 | V188: 6 | W188: 4 | X188: 5 | Y188: 3 | Z188: 0 | AA188: 0 | AB188: 6 | AC188: 2 | AD188: 5 | AE188: 6 | AF188: 3 | AG188: 0 | AH188: 0 | AI188: 4 | AJ188: 5 | AK188: 6 | AL188: 4 | AM188: 4 | AN188: 0 | AO188: 0 | AP188: 4 | AQ188: 5 | AR188: 3 | AS188: 0 | AT188: =MAX(O188:AS188) -> 6 | AU188: 1 | AV188: 0.02 | AW188: 0.02 | AX188: L | AY188: SPTR2- X6
A189: 43 | B189: 0003 | C189: A | D189: LP1 | E189: 0003-A-LP1-43 | F189: 55471VT020E0 | G189: 55471-VT020-E0 | H189: 701E | I189: 14 | J189: SUGITY CREATIVES | K189: ORNAMENT INSTR CLUSTER FINISH PANEL | L189: SPTR2- X6 | M189: 3181 | N189: 3487 | O189: 147 | P189: 149 | Q189: 155 | R189: 162 | S189: 0 | T189: 0 | U189: 160 | V189: 164 | W189: 153 | X189: 163 | Y189: 163 | Z189: 0 | AA189: 0 | AB189: 160 | AC189: 165 | AD189: 154 | AE189: 164 | AF189: 163 | AG189: 0 | AH189: 0 | AI189: 160 | AJ189: 165 | AK189: 154 | AL189: 165 | AM189: 163 | AN189: 0 | AO189: 0 | AP189: 150 | AQ189: 153 | AR189: 155 | AS189: 0 | AT189: =MAX(O189:AS189) -> 165 | AU189: 12 | AV189: 0.02 | AW189: 0.24 | AX189: L | AY189: SPTR2- X6
A190: 43 | B190: 0003 | C190: A | D190: LP1 | E190: 0003-A-LP1-43 | F190: 55475VT010C0 | G190: 55475-VT010-C0 | H190: 702E | I190: 8 | J190: SUGITY CREATIVES | K190: GARNISH INSTR CSTR FINISH PANEL NO.2 | L190: SPT2R- Y4 | M190: 2569 | N190: 2867 | O190: 121 | P190: 123 | Q190: 124 | R190: 137 | S190: 0 | T190: 0 | U190: 132 | V190: 133 | W190: 126 | X190: 135 | Y190: 137 | Z190: 0 | AA190: 0 | AB190: 130 | AC190: 136 | AD190: 124 | AE190: 133 | AF190: 137 | AG190: 0 | AH190: 0 | AI190: 133 | AJ190: 134 | AK190: 124 | AL190: 135 | AM190: 137 | AN190: 0 | AO190: 0 | AP190: 123 | AQ190: 126 | AR190: 127 | AS190: 0 | AT190: =MAX(O190:AS190) -> 137 | AU190: 17 | AV190: 0.02527575 | AW190: 0.42968775 | AX190: L | AY190: SPT2R- Y4
A191: 43 | B191: 0003 | C191: A | D191: LP1 | E191: 0003-A-LP1-43 | F191: 55475VT020C0 | G191: 55475-VT020-C0 | H191: 703E | I191: 8 | J191: SUGITY CREATIVES | K191: GARNISH INSTR CSTR FINISH PANEL NO.2 | L191: SPT2R- Y4 | M191: 3292 | N191: 3582 | O191: 150 | P191: 154 | Q191: 159 | R191: 166 | S191: 0 | T191: 0 | U191: 164 | V191: 170 | W191: 157 | X191: 168 | Y191: 166 | Z191: 0 | AA191: 0 | AB191: 166 | AC191: 167 | AD191: 159 | AE191: 170 | AF191: 166 | AG191: 0 | AH191: 0 | AI191: 164 | AJ191: 170 | AK191: 160 | AL191: 169 | AM191: 167 | AN191: 0 | AO191: 0 | AP191: 154 | AQ191: 158 | AR191: 158 | AS191: 0 | AT191: =MAX(O191:AS191) -> 170 | AU191: 22 | AV191: 0.02527575 | AW191: 0.5560665 | AX191: L | AY191: SPT2R- Y4
A192: 43 | B192: 0003 | C192: A | D192: MP1 | E192: 0003-A-MP1-43 | F192: 55317KK040C0 | G192: 55317-KK040-C0 | H192: 362H | I192: 16 | J192: SUGITY CREATIVES | K192: PANEL INSTRUMENT SIDE RH | L192: SF2L -K144 | M192: 139 | N192: 205 | O192: 6 | P192: 7 | Q192: 8 | R192: 5 | S192: 0 | T192: 0 | U192: 6 | V192: 9 | W192: 5 | X192: 8 | Y192: 5 | Z192: 0 | AA192: 0 | AB192: 10 | AC192: 6 | AD192: 13 | AE192: 5 | AF192: 8 | AG192: 0 | AH192: 0 | AI192: 6 | AJ192: 7 | AK192: 9 | AL192: 16 | AM192: 17 | AN192: 0 | AO192: 0 | AP192: 18 | AQ192: 17 | AR192: 14 | AS192: 0 | AT192: =MAX(O192:AS192) -> 18 | AU192: 1 | AV192: 0.065651625 | AW192: 0.065651625 | AX192: M | AY192: SF2L -K144
A193: 43 | B193: 0003 | C193: A | D193: MP1 | E193: 0003-A-MP1-43 | F193: 55317KK050C0 | G193: 55317-KK050-C0 | H193: 363H | I193: 16 | J193: SUGITY CREATIVES | K193: PANEL INSTRUMENT SIDE RH | L193: SF2L -K144 | M193: 3481 | N193: 1303 | O193: 57 | P193: 57 | Q193: 52 | R193: 63 | S193: 0 | T193: 0 | U193: 63 | V193: 57 | W193: 57 | X193: 63 | Y193: 61 | Z193: 0 | AA193: 0 | AB193: 59 | AC193: 61 | AD193: 54 | AE193: 62 | AF193: 61 | AG193: 0 | AH193: 0 | AI193: 62 | AJ193: 61 | AK193: 53 | AL193: 63 | AM193: 61 | AN193: 0 | AO193: 0 | AP193: 52 | AQ193: 60 | AR193: 64 | AS193: 0 | AT193: =MAX(O193:AS193) -> 64 | AU193: 4 | AV193: 0.032989125 | AW193: 0.1319565 | AX193: M | AY193: SF2L -K144
A194: 43 | B194: 0003 | C194: A | D194: MP1 | E194: 0003-A-MP1-43 | F194: 55317KK090C0 | G194: 55317-KK090-C0 | H194: 364H | I194: 16 | J194: SUGITY CREATIVES | K194: PANEL INSTRUMENT SIDE RH | L194: SF2L -K144 | M194: 1029 | N194: 1643 | O194: 70 | P194: 72 | Q194: 78 | R194: 80 | S194: 0 | T194: 0 | U194: 76 | V194: 82 | W194: 76 | X194: 77 | Y194: 82 | Z194: 0 | AA194: 0 | AB194: 76 | AC194: 81 | AD194: 71 | AE194: 81 | AF194: 79 | AG194: 0 | AH194: 0 | AI194: 77 | AJ194: 80 | AK194: 76 | AL194: 69 | AM194: 71 | AN194: 0 | AO194: 0 | AP194: 67 | AQ194: 62 | AR194: 60 | AS194: 0 | AT194: =MAX(O194:AS194) -> 82 | AU194: 5 | AV194: 0.065651625 | AW194: 0.32825813 | AX194: M | AY194: SF2L -K144
A195: 43 | B195: 0003 | C195: A | D195: MP1 | E195: 0003-A-MP1-43 | F195: 55317VT010C0 | G195: 55317-VT010-C0 | H195: 691E | I195: 5 | J195: SUGITY CREATIVES | K195: PANEL INSTRUMENT SIDE RH | L195: SF2L -K145 | M195: 5861 | N195: 6449 | O195: 271 | P195: 277 | Q195: 283 | R195: 303 | S195: 0 | T195: 0 | U195: 296 | V195: 303 | W195: 283 | X195: 303 | Y195: 303 | Z195: 0 | AA195: 0 | AB195: 296 | AC195: 303 | AD195: 283 | AE195: 303 | AF195: 303 | AG195: 0 | AH195: 0 | AI195: 297 | AJ195: 304 | AK195: 284 | AL195: 304 | AM195: 304 | AN195: 0 | AO195: 0 | AP195: 277 | AQ195: 284 | AR195: 285 | AS195: 0 | AT195: =MAX(O195:AS195) -> 304 | AU195: 61 | AV195: 0.0636768 | AW195: 3.8842848 | AX195: M | AY195: SF2L -K145
A196: 43 | B196: 0003 | C196: A | D196: MP1 | E196: 0003-A-MP1-43 | F196: 55318KK030C0 | G196: 55318-KK030-C0 | H196: 365H | I196: 16 | J196: SUGITY CREATIVES | K196: PANEL INSTRUMENT SIDE LH | L196: SF2L -K144 | M196: 34 | N196: 5 | O196: 0 | P196: 0 | Q196: 0 | R196: 0 | S196: 0 | T196: 0 | U196: 0 | V196: 0 | W196: 0 | X196: 0 | Y196: 0 | Z196: 0 | AA196: 0 | AB196: 0 | AC196: 1 | AD196: 4 | AE196: 0 | AF196: 0 | AG196: 0 | AH196: 0 | AI196: 0 | AJ196: 0 | AK196: 0 | AL196: 0 | AM196: 0 | AN196: 0 | AO196: 0 | AP196: 0 | AQ196: 0 | AR196: 0 | AS196: 0 | AT196: =MAX(O196:AS196) -> 4 | AU196: 0 | AV196: 0.065651625 | AW196: 0 | AX196: M | AY196: SF2L -K144
A197: 43 | B197: 0003 | C197: A | D197: MP1 | E197: 0003-A-MP1-43 | F197: 55318KK040C0 | G197: 55318-KK040-C0 | H197: 366H | I197: 16 | J197: SUGITY CREATIVES | K197: PANEL INSTRUMENT SIDE LH | L197: SF2L -K144 | M197: 4510 | N197: 2946 | O197: 127 | P197: 129 | Q197: 130 | R197: 143 | S197: 0 | T197: 0 | U197: 139 | V197: 139 | W197: 133 | X197: 140 | Y197: 143 | Z197: 0 | AA197: 0 | AB197: 135 | AC197: 142 | AD197: 125 | AE197: 143 | AF197: 140 | AG197: 0 | AH197: 0 | AI197: 139 | AJ197: 141 | AK197: 129 | AL197: 132 | AM197: 132 | AN197: 0 | AO197: 0 | AP197: 119 | AQ197: 122 | AR197: 124 | AS197: 0 | AT197: =MAX(O197:AS197) -> 143 | AU197: 9 | AV197: 0.065651625 | AW197: 0.59086463 | AX197: M | AY197: SF2L -K144
A198: 43 | B198: 0003 | C198: A | D198: MP1 | E198: 0003-A-MP1-43 | F198: 55318KK090C0 | G198: 55318-KK090-C0 | H198: 367H | I198: 16 | J198: SUGITY CREATIVES | K198: PANEL INSTRUMENT SIDE LH | L198: SF2L -K144 | M198: 105 | N198: 200 | O198: 6 | P198: 7 | Q198: 8 | R198: 5 | S198: 0 | T198: 0 | U198: 6 | V198: 9 | W198: 5 | X198: 8 | Y198: 5 | Z198: 0 | AA198: 0 | AB198: 10 | AC198: 5 | AD198: 9 | AE198: 5 | AF198: 8 | AG198: 0 | AH198: 0 | AI198: 6 | AJ198: 7 | AK198: 9 | AL198: 16 | AM198: 17 | AN198: 0 | AO198: 0 | AP198: 18 | AQ198: 17 | AR198: 14 | AS198: 0 | AT198: =MAX(O198:AS198) -> 18 | AU198: 1 | AV198: 0.065651625 | AW198: 0.065651625 | AX198: M | AY198: SF2L -K144
A199: 43 | B199: 0003 | C199: A | D199: MP1 | E199: 0003-A-MP1-43 | F199: 55318VT010C0 | G199: 55318-VT010-C0 | H199: 692E | I199: 5 | J199: SUGITY CREATIVES | K199: PANEL INSTRUMENT SIDE LH | L199: SF2L -K145 | M199: 5861 | N199: 6449 | O199: 271 | P199: 277 | Q199: 283 | R199: 303 | S199: 0 | T199: 0 | U199: 296 | V199: 303 | W199: 283 | X199: 303 | Y199: 303 | Z199: 0 | AA199: 0 | AB199: 296 | AC199: 303 | AD199: 283 | AE199: 303 | AF199: 303 | AG199: 0 | AH199: 0 | AI199: 297 | AJ199: 304 | AK199: 284 | AL199: 304 | AM199: 304 | AN199: 0 | AO199: 0 | AP199: 277 | AQ199: 284 | AR199: 285 | AS199: 0 | AT199: =MAX(O199:AS199) -> 304 | AU199: 61 | AV199: 0.0636768 | AW199: 3.8842848 | AX199: M | AY199: SF2L -K145
A200: 43 | B200: 0003 | C200: A | D200: MP1 | E200: 0003-A-MP1-43 | F200: 55406KK10000 | G200: 55406-KK100-00 | H200: 378H | I200: 12 | J200: SUGITY CREATIVES | K200: PANEL SUB-ASSY INSTR CSTR FIN LWR CTR | L200: SPT2L- Y22 | M200: 1970 | N200: 688 | O200: 32 | P200: 28 | Q200: 29 | R200: 32 | S200: 0 | T200: 0 | U200: 35 | V200: 27 | W200: 31 | X200: 33 | Y200: 34 | Z200: 0 | AA200: 0 | AB200: 31 | AC200: 32 | AD200: 26 | AE200: 34 | AF200: 33 | AG200: 0 | AH200: 0 | AI200: 33 | AJ200: 32 | AK200: 28 | AL200: 31 | AM200: 33 | AN200: 0 | AO200: 0 | AP200: 27 | AQ200: 30 | AR200: 37 | AS200: 0 | AT200: =MAX(O200:AS200) -> 37 | AU200: 3 | AV200: 0.065651625 | AW200: 0.19695488 | AX200: M | AY200: SPT2L- Y22
A201: 43 | B201: 0003 | C201: A | D201: MP1 | E201: 0003-A-MP1-43 | F201: 55406KK30000 | G201: 55406-KK300-00 | H201: 453K | I201: 12 | J201: SUGITY CREATIVES | K201: PANEL SUB-ASSY INSTR CSTR FIN LWR CTR | L201: SPT2L- Y26 | M201: 29 | N201: 25 | O201: 1 | P201: 1 | Q201: 1 | R201: 1 | S201: 0 | T201: 0 | U201: 2 | V201: 1 | W201: 1 | X201: 1 | Y201: 1 | Z201: 0 | AA201: 0 | AB201: 1 | AC201: 1 | AD201: 2 | AE201: 1 | AF201: 1 | AG201: 0 | AH201: 0 | AI201: 1 | AJ201: 1 | AK201: 1 | AL201: 2 | AM201: 1 | AN201: 0 | AO201: 0 | AP201: 1 | AQ201: 1 | AR201: 1 | AS201: 0 | AT201: =MAX(O201:AS201) -> 2 | AU201: 1 | AV201: 0.065651625 | AW201: 0.065651625 | AX201: M | AY201: SPT2L- Y26
... A214: 43 | B214: 0003 | C214: C | D214: LP1 | E214: 0003-C-LP1-43 | F214: 55474VT040E1 | G214: 55474-VT040-E1 | H214: 711E | I214: 5 | J214: SUGITY CREATIVES | K214: GARNISH INSTR CSTR FINISH PANEL NO.1 | L214: SPTL2- X37 | M214: 2744 | N214: 2515 | O214: 105 | P214: 108 | Q214: 113 | R214: 116 | S214: 0 | T214: 0 | U214: 116 | V214: 118 | W214: 111 | X214: 118 | Y214: 117 | Z214: 0 | AA214: 0 | AB214: 116 | AC214: 119 | AD214: 109 | AE214: 119 | AF214: 118 | AG214: 0 | AH214: 0 | AI214: 115 | AJ214: 119 | AK214: 110 | AL214: 119 | AM214: 118 | AN214: 0 | AO214: 0 | AP214: 108 | AQ214: 112 | AR214: 111 | AS214: 0 | AT214: =MAX(O214:AS214) -> 119 | AU214: 24 | AV214: 0.065651625 | AW214: 1.575639 | AX214: L | AY214: SPTL2- X37
A215: 43 | B215: 0003 | C215: E | E215: 0003-E-43 | F215: 53298KK01000 | G215: 53298-KK010-00 | H215: 360C | I215: 18 | J215: SUGITY CREATIVES | K215: SEAL RADIATOR SIDE DEFLECTOR RH | L215: SF1L - N28 | M215: 3540 | N215: 1345 | O215: 56 | P215: 59 | Q215: 58 | R215: 64 | S215: 0 | T215: 0 | U215: 62 | V215: 63 | W215: 58 | X215: 64 | Y215: 64 | Z215: 0 | AA215: 0 | AB215: 61 | AC215: 63 | AD215: 60 | AE215: 63 | AF215: 63 | AG215: 0 | AH215: 0 | AI215: 61 | AJ215: 64 | AK215: 59 | AL215: 63 | AM215: 63 | AN215: 0 | AO215: 0 | AP215: 58 | AQ215: 60 | AR215: 59 | AS215: 0 | AT215: =MAX(O215:AS215) -> 64 | AU215: 4 | AV215: 0.04376775 | AW215: 0.175071 | AX215: K | AY215: SF1L - N28
A216: 43 | B216: 0003 | C216: E | E216: 0003-E-43 | F216: 53299KK01000 | G216: 53299-KK010-00 | H216: 361C | I216: 18 | J216: SUGITY CREATIVES | K216: SEAL RADIATOR SIDE DEFLECTOR LH | L216: SF1L - N28 | M216: 3540 | N216: 1345 | O216: 56 | P216: 59 | Q216: 58 | R216: 64 | S216: 0 | T216: 0 | U216: 62 | V216: 63 | W216: 58 | X216: 64 | Y216: 64 | Z216: 0 | AA216: 0 | AB216: 61 | AC216: 63 | AD216: 60 | AE216: 63 | AF216: 63 | AG216: 0 | AH216: 0 | AI216: 61 | AJ216: 64 | AK216: 59 | AL216: 63 | AM216: 63 | AN216: 0 | AO216: 0 | AP216: 58 | AQ216: 60 | AR216: 59 | AS216: 0 | AT216: =MAX(O216:AS216) -> 64 | AU216: 4 | AV216: 0.04376775 | AW216: 0.175071 | AX216: K | AY216: SF1L - N28
A217: 43 | B217: 0003 | C217: E | E217: 0003-E-43 | F217: 55395KK01000 | G217: 55395-KK010-00 | H217: 405C | I217: 10 | J217: SUGITY CREATIVES | K217: COVER INSTRUMENT PANEL BRC INN NO.1 LH | L217: FNL3 - K50 | M217: 4510 | N217: 2946 | O217: 127 | P217: 129 | Q217: 130 | R217: 143 | S217: 0 | T217: 0 | U217: 139 | V217: 139 | W217: 133 | X217: 140 | Y217: 143 | Z217: 0 | AA217: 0 | AB217: 135 | AC217: 142 | AD217: 125 | AE217: 143 | AF217: 140 | AG217: 0 | AH217: 0 | AI217: 139 | AJ217: 141 | AK217: 129 | AL217: 132 | AM217: 132 | AN217: 0 | AO217: 0 | AP217: 119 | AQ217: 122 | AR217: 124 | AS217: 0 | AT217: =MAX(O217:AS217) -> 143 | AU217: 15 | AV217: 0.04376775 | AW217: 0.65651625 | AX217: L | AY217: FNL3 - K50
A218: 43 | B218: 0003 | C218: E | E218: 0003-E-43 | F218: 55410VT010C0 | G218: 55410-VT010-C0 | H218: 720E | I218: 3 | J218: SUGITY CREATIVES | K218: PANEL ASSY INSTRUMENT CLUSTER FINISH | L218: SPTR2- X6 | M218: 2569 | N218: 2867 | O218: 121 | P218: 123 | Q218: 124 | R218: 137 | S218: 0 | T218: 0 | U218: 132 | V218: 133 | W218: 126 | X218: 135 | Y218: 137 | Z218: 0 | AA218: 0 | AB218: 130 | AC218: 136 | AD218: 124 | AE218: 133 | AF218: 137 | AG218: 0 | AH218: 0 | AI218: 133 | AJ218: 134 | AK218: 124 | AL218: 135 | AM218: 137 | AN218: 0 | AO218: 0 | AP218: 123 | AQ218: 126 | AR218: 127 | AS218: 0 | AT218: =MAX(O218:AS218) -> 137 | AU218: 45 | AV218: 0.0969624 | AW218: 4.363308 | AX218: L | AY218: SPTR2- X6
A219: 43 | B219: 0003 | C219: E | E219: 0003-E-43 | F219: 55410VT020C0 | G219: 55410-VT020-C0 | H219: 721E | I219: 3 | J219: SUGITY CREATIVES | K219: PANEL ASSY INSTRUMENT CLUSTER FINISH | L219: SPTR2- X6 | M219: 3292 | N219: 3582 | O219: 150 | P219: 154 | Q219: 159 | R219: 166 | S219: 0 | T219: 0 | U219: 164 | V219: 170 | W219: 157 | X219: 168 | Y219: 166 | Z219: 0 | AA219: 0 | AB219: 166 | AC219: 167 | AD219: 159 | AE219: 170 | AF219: 166 | AG219: 0 | AH219: 0 | AI219: 164 | AJ219: 170 | AK219: 160 | AL219: 169 | AM219: 167 | AN219: 0 | AO219: 0 | AP219: 154 | AQ219: 158 | AR219: 158 | AS219: 0 | AT219: =MAX(O219:AS219) -> 170 | AU219: 57 | AV219: 0.0969624 | AW219: 5.5268568 | AX219: L | AY219: SPTR2- X6
A220: 43 | B220: 0003 | C220: E | E220: 0003-E-43 | F220: 55472VT010C0 | G220: 55472-VT010-C0 | H220: 722E | I220: 21 | J220: SUGITY CREATIVES | K220: PANEL INSTRUMENT PANEL SPEAKER NO.1 | L220: FNL2 -K111 | M220: 5861 | N220: 6449 | O220: 271 | P220: 277 | Q220: 283 | R220: 303 | S220: 0 | T220: 0 | U220: 296 | V220: 303 | W220: 283 | X220: 303 | Y220: 303 | Z220: 0 | AA220: 0 | AB220: 296 | AC220: 303 | AD220: 283 | AE220: 303 | AF220: 303 | AG220: 0 | AH220: 0 | AI220: 297 | AJ220: 304 | AK220: 284 | AL220: 304 | AM220: 304 | AN220: 0 | AO220: 0 | AP220: 277 | AQ220: 284 | AR220: 285 | AS220: 0 | AT220: =MAX(O220:AS220) -> 304 | AU220: 15 | AV220: 0.04376775 | AW220: 0.65651625 | AX220: Q | AY220: FNL2 -K111
A221: 43 | B221: 0003 | C221: E | E221: 0003-E-43 | F221: 55473VT010C0 | G221: 55473-VT010-C0 | H221: 723E | I221: 21 | J221: SUGITY CREATIVES | K221: PANEL INSTRUMENT PANEL SPEAKER NO.2 | L221: FNL2 -K111 | M221: 5861 | N221: 6449 | O221: 271 | P221: 277 | Q221: 283 | R221: 303 | S221: 0 | T221: 0 | U221: 296 | V221: 303 | W221: 283 | X221: 303 | Y221: 303 | Z221: 0 | AA221: 0 | AB221: 296 | AC221: 303 | AD221: 283 | AE221: 303 | AF221: 303 | AG221: 0 | AH221: 0 | AI221: 297 | AJ221: 304 | AK221: 284 | AL221: 304 | AM221: 304 | AN221: 0 | AO221: 0 | AP221: 277 | AQ221: 284 | AR221: 285 | AS221: 0 | AT221: =MAX(O221:AS221) -> 304 | AU221: 15 | AV221: 0.04376775 | AW221: 0.65651625 | AX221: Q | AY221: FNL2 -K111
A222: 43 | B222: 0003 | C222: E | E222: 0003-E-43 | F222: 55606KK010C0 | G222: 55606-KK010-C0 | H222: 394H | I222: 10 | J222: SUGITY CREATIVES | K222: COVER SUB-ASSY INSTR PANEL UNDER NO.1 | L222: FNL3 - K24 | M222: 139 | N222: 205 | O222: 6 | P222: 7 | Q222: 8 | R222: 5 | S222: 0 | T222: 0 | U222: 6 | V222: 9 | W222: 5 | X222: 8 | Y222: 5 | Z222: 0 | AA222: 0 | AB222: 10 | AC222: 6 | AD222: 13 | AE222: 5 | AF222: 8 | AG222: 0 | AH222: 0 | AI222: 6 | AJ222: 7 | AK222: 9 | AL222: 16 | AM222: 17 | AN222: 0 | AO222: 0 | AP222: 18 | AQ222: 17 | AR222: 14 | AS222: 0 | AT222: =MAX(O222:AS222) -> 18 | AU222: 1 | AV222: 0.04376775 | AW222: 0.04376775 | AX222: L | AY222: FNL3 - K24
A223: 43 | B223: 0003 | C223: E | E223: 0003-E-43 | F223: 55606KK020C0 | G223: 55606-KK020-C0 | H223: 395H | I223: 10 | J223: SUGITY CREATIVES | K223: COVER SUB-ASSY INSTR PANEL UNDER NO.1 | L223: FNL3 - K24 | M223: 4296 | N223: 2847 | O223: 123 | P223: 125 | Q223: 123 | R223: 140 | S223: 0 | T223: 0 | U223: 135 | V223: 133 | W223: 127 | X223: 137 | Y223: 137 | Z223: 0 | AA223: 0 | AB223: 132 | AC223: 136 | AD223: 120 | AE223: 139 | AF223: 135 | AG223: 0 | AH223: 0 | AI223: 134 | AJ223: 136 | AK223: 124 | AL223: 128 | AM223: 127 | AN223: 0 | AO223: 0 | AP223: 114 | AQ223: 118 | AR223: 124 | AS223: 0 | AT223: =MAX(O223:AS223) -> 140 | AU223: 14 | AV223: 0.04376775 | AW223: 0.6127485 | AX223: L | AY223: FNL3 - K24
A224: 43 | B224: 0003 | C224: E | E224: 0003-E-43 | F224: 55606KK03000 | G224: 55606-KK030-00 | H224: 440C | I224: 5 | J224: SUGITY CREATIVES | K224: COVER SUB-ASSY INSTR PANEL UNDER NO.1 | L224: FNL3 - K24 | M224: 480 | N224: 289 | O224: 12 | P224: 12 | Q224: 13 | R224: 13 | S224: 0 | T224: 0 | U224: 13 | V224: 14 | W224: 13 | X224: 14 | Y224: 13 | Z224: 0 | AA224: 0 | AB224: 13 | AC224: 14 | AD224: 13 | AE224: 13 | AF224: 13 | AG224: 0 | AH224: 0 | AI224: 12 | AJ224: 14 | AK224: 13 | AL224: 14 | AM224: 14 | AN224: 0 | AO224: 0 | AP224: 13 | AQ224: 13 | AR224: 13 | AS224: 0 | AT224: =MAX(O224:AS224) -> 14 | AU224: 3 | AV224: 0.04376775 | AW224: 0.13130325 | AX224: L | AY224: FNL3 - K24
A225: 43 | B225: 0003 | C225: E | E225: 0003-E-43 | F225: 55606VT01000 | G225: 55606-VT010-00 | H225: 724E | I225: 6 | J225: SUGITY CREATIVES | K225: COVER SUB-ASSY INSTR PANEL UNDER NO.1 | L225: SF2L -K148 | M225: 2569 | N225: 2867 | O225: 121 | P225: 123 | Q225: 124 | R225: 137 | S225: 0 | T225: 0 | U225: 132 | V225: 133 | W225: 126 | X225: 135 | Y225: 137 | Z225: 0 | AA225: 0 | AB225: 130 | AC225: 136 | AD225: 124 | AE225: 133 | AF225: 137 | AG225: 0 | AH225: 0 | AI225: 133 | AJ225: 134 | AK225: 124 | AL225: 135 | AM225: 137 | AN225: 0 | AO225: 0 | AP225: 123 | AQ225: 126 | AR225: 127 | AS225: 0 | AT225: =MAX(O225:AS225) -> 137 | AU225: 23 | AV225: 0.0646416 | AW225: 1.4867568 | AX225: L | AY225: SF2L -K148
A226: 43 | B226: 0003 | C226: E | E226: 0003-E-43 | F226: 55606VT02000 | G226: 55606-VT020-00 | H226: 725E | I226: 6 | J226: SUGITY CREATIVES | K226: COVER SUB-ASSY INSTR PANEL UNDER NO.1 | L226: SF2L -K148 | M226: 3292 | N226: 3582 | O226: 150 | P226: 154 | Q226: 159 | R226: 166 | S226: 0 | T226: 0 | U226: 164 | V226: 170 | W226: 157 | X226: 168 | Y226: 166 | Z226: 0 | AA226: 0 | AB226: 166 | AC226: 167 | AD226: 159 | AE226: 170 | AF226: 166 | AG226: 0 | AH226: 0 | AI226: 164 | AJ226: 170 | AK226: 160 | AL226: 169 | AM226: 167 | AN226: 0 | AO226: 0 | AP226: 154 | AQ226: 158 | AR226: 158 | AS226: 0 | AT226: =MAX(O226:AS226) -> 170 | AU226: 29 | AV226: 0.0646416 | AW226: 1.8746064 | AX226: L | AY226: SF2L -K148
... A229: 43 | B229: 0003 | C229: E | E229: 0003-E-43 | F229: 64766VT010C0 | G229: 64766-VT010-C0 | H229: 726E | I229: 14 | J229: SUGITY CREATIVES | K229: COVER QUARTER TRIM JACK | L229: SF2L -K140 | M229: 5861 | N229: 6449 | O229: 271 | P229: 277 | Q229: 283 | R229: 303 | S229: 0 | T229: 0 | U229: 296 | V229: 303 | W229: 283 | X229: 303 | Y229: 303 | Z229: 0 | AA229: 0 | AB229: 296 | AC229: 303 | AD229: 283 | AE229: 303 | AF229: 303 | AG229: 0 | AH229: 0 | AI229: 297 | AJ229: 304 | AK229: 284 | AL229: 304 | AM229: 304 | AN229: 0 | AO229: 0 | AP229: 277 | AQ229: 284 | AR229: 285 | AS229: 0 | AT229: =MAX(O229:AS229) -> 304 | AU229: 22 | AV229: 0.1280638 | AW229: 2.8174036 | AX229: L | AY229: SF2L -K140
...

Sheet Phase September
K1: 2 | L1: 3 | M1: 4 | N1: 5 | O1: 6 | P1: 7 | Q1: 8 | R1: 9 | S1: 10 | T1: 11 | U1: 12 | V1: 13 | W1: 14 | X1: 15 | Y1: 16 | Z1: 17 | AA1: 18 | AB1: 19 | AC1: 20 | AD1: 21 | AE1: 22 | AF1: 23 | AG1: 24 | AH1: 25
J2: N | K2: =VLOOKUP($J2,$AJ$448:BH464,K$1,0) -> 8 | L2: =VLOOKUP($J2,$AJ$448:BJ464,L$1,0) -> 8 | M2: =VLOOKUP($J2,$AJ$448:BK464,M$1,0) -> 8 | N2: =VLOOKUP($J2,$AJ$448:BL464,N$1,0) -> 8 | O2: =VLOOKUP($J2,$AJ$448:BM464,O$1,0) -> 9 | P2: =VLOOKUP($J2,$AJ$448:BH464,P$1,0) -> 9 | Q2: =VLOOKUP($J2,$AJ$448:BO464,Q$1,0) -> 8 | R2: =VLOOKUP($J2,$AJ$448:BP464,R$1,0) -> 8 | S2: =VLOOKUP($J2,$AJ$448:BQ464,S$1,0) -> 9 | T2: =VLOOKUP($J2,$AJ$448:BR464,T$1,0) -> 9 | U2: =VLOOKUP($J2,$AJ$448:BM464,U$1,0) -> 7 | V2: =VLOOKUP($J2,$AJ$448:BT464,V$1,0) -> 9 | W2: =VLOOKUP($J2,$AJ$448:BU464,W$1,0) -> 8 | X2: =VLOOKUP($J2,$AJ$448:BV464,X$1,0) -> 8 | Y2: =VLOOKUP($J2,$AJ$448:BW464,Y$1,0) -> 8 | Z2: =VLOOKUP($J2,$AJ$448:BR464,Z$1,0) -> 9 | AA2: =VLOOKUP($J2,$AJ$448:BY464,AA$1,0) -> 8 | AB2: =VLOOKUP($J2,$AJ$448:BZ464,AB$1,0) -> 9 | AC2: =VLOOKUP($J2,$AJ$448:CA464,AC$1,0) -> 8 | AD2: =VLOOKUP($J2,$AJ$448:CB464,AD$1,0) -> 8 | AE2: =VLOOKUP($J2,$AJ$448:BW464,AE$1,0) -> 9 | AF2: =VLOOKUP($J2,$AJ$448:CD464,AF$1,0) -> 9 | AG2: =VLOOKUP($J2,$AJ$448:CE464,AG$1,0) -> 7 | AH2: =VLOOKUP($J2,$AJ$448:CF464,AH$1,0) -> 9 | AI2: RATA 2
J3: =J2 -> N | K3: =VLOOKUP($J3,$BJ$448:CH464,K$1,0) -> 4.9436152 | L3: =VLOOKUP($J3,$BJ$448:CI464,L$1,0) -> 5.289108 | M3: =VLOOKUP($J3,$BJ$448:CJ464,M$1,0) -> 4.4575903 | N3: =VLOOKUP($J3,$BJ$448:CH464,N$1,0) -> 5.3198377 | O3: =VLOOKUP($J3,$BJ$448:CH464,O$1,0) -> 5.2684696 | P3: =VLOOKUP($J3,$BJ$448:CM464,P$1,0) -> 5.6514549 | Q3: =VLOOKUP($J3,$BJ$448:CN464,Q$1,0) -> 4.7413205 | R3: =VLOOKUP($J3,$BJ$448:CI464,R$1,0) -> 4.6103703 | S3: =VLOOKUP($J3,$BJ$448:CJ464,S$1,0) -> 5.1558274 | T3: =VLOOKUP($J3,$BJ$448:CQ464,T$1,0) -> 6.0861108 | U3: =VLOOKUP($J3,$BJ$448:CR464,U$1,0) -> 4.2638582 | V3: =VLOOKUP($J3,$BJ$448:CM464,V$1,0) -> 5.3556851 | W3: =VLOOKUP($J3,$BJ$448:CN464,W$1,0) -> 4.9436152 | X3: =VLOOKUP($J3,$BJ$448:CU464,X$1,0) -> 5.289108 | Y3: =VLOOKUP($J3,$BJ$448:CV464,Y$1,0) -> 4.4575903 | Z3: =VLOOKUP($J3,$BJ$448:CQ464,Z$1,0) -> 5.4168966 | AA3: =VLOOKUP($J3,$BJ$448:CR464,AA$1,0) -> 4.9620953 | AB3: =VLOOKUP($J3,$BJ$448:CY464,AB$1,0) -> 5.6514549 | AC3: =VLOOKUP($J3,$BJ$448:CZ464,AC$1,0) -> 4.7413205 | AD3: =VLOOKUP($J3,$BJ$448:CU464,AD$1,0) -> 4.6103703 | AE3: =VLOOKUP($J3,$BJ$448:CV464,AE$1,0) -> 5.1558274 | AF3: =VLOOKUP($J3,$BJ$448:DC464,AF$1,0) -> 6.0861108 | AG3: =VLOOKUP($J3,$BJ$448:DD464,AG$1,0) -> 4.2638582 | AH3: =VLOOKUP($J3,$BJ$448:CY464,AH$1,0) -> 5.3556851
J4: =J2 -> N | K4: =VLOOKUP($J4,$CI$448:DG464,K$1,0) -> 79 | L4: =VLOOKUP($J4,$CI$448:DG464,L$1,0) -> 102 | M4: =VLOOKUP($J4,$CI$448:DG464,M$1,0) -> 58 | N4: =VLOOKUP($J4,$CI$448:DG464,N$1,0) -> 96 | O4: =VLOOKUP($J4,$CI$448:DG464,O$1,0) -> 99 | P4: =VLOOKUP($J4,$CI$448:DG464,P$1,0) -> 102 | Q4: =VLOOKUP($J4,$CI$448:DG464,Q$1,0) -> 72 | R4: =VLOOKUP($J4,$CI$448:DH464,R$1,0) -> 92 | S4: =VLOOKUP($J4,$CI$448:DI464,S$1,0) -> 79 | T4: =VLOOKUP($J4,$CI$448:DJ464,T$1,0) -> 108 | U4: =VLOOKUP($J4,$CI$448:DK464,U$1,0) -> 71 | V4: =VLOOKUP($J4,$CI$448:DK464,V$1,0) -> 102 | W4: =VLOOKUP($J4,$CI$448:DK464,W$1,0) -> 79 | X4: =VLOOKUP($J4,$CI$448:DK464,X$1,0) -> 102 | Y4: =VLOOKUP($J4,$CI$448:DK464,Y$1,0) -> 58 | Z4: =VLOOKUP($J4,$CI$448:DK464,Z$1,0) -> 98 | AA4: =VLOOKUP($J4,$CI$448:DK464,AA$1,0) -> 92 | AB4: =VLOOKUP($J4,$CI$448:DK464,AB$1,0) -> 102 | AC4: =VLOOKUP($J4,$CI$448:DK464,AC$1,0) -> 72 | AD4: =VLOOKUP($J4,$CI$448:DK464,AD$1,0) -> 92 | AE4: =VLOOKUP($J4,$CI$448:DK464,AE$1,0) -> 79 | AF4: =VLOOKUP($J4,$CI$448:DK464,AF$1,0) -> 108 | AG4: =VLOOKUP($J4,$CI$448:DK464,AG$1,0) -> 71 | AH4: =VLOOKUP($J4,$CI$448:DK464,AH$1,0) -> 102 | AI4: =AVERAGE(K4:AH4) -> 88.125
J5: L | K5: =VLOOKUP($J5,$AJ$448:BH467,K$1,0) -> 7 | L5: =VLOOKUP($J5,$AJ$448:BH467,L$1,0) -> 8 | M5: =VLOOKUP($J5,$AJ$448:BH467,M$1,0) -> 9 | N5: =VLOOKUP($J5,$AJ$448:BH467,N$1,0) -> 8 | O5: =VLOOKUP($J5,$AJ$448:BH467,O$1,0) -> 8 | P5: =VLOOKUP($J5,$AJ$448:BH467,P$1,0) -> 8 | Q5: =VLOOKUP($J5,$AJ$448:BH467,Q$1,0) -> 8 | R5: =VLOOKUP($J5,$AJ$448:BJ467,R$1,0) -> 8 | S5: =VLOOKUP($J5,$AJ$448:BK467,S$1,0) -> 9 | T5: =VLOOKUP($J5,$AJ$448:BL467,T$1,0) -> 8 | U5: =VLOOKUP($J5,$AJ$448:BM467,U$1,0) -> 9 | V5: =VLOOKUP($J5,$AJ$448:BN467,V$1,0) -> 9 | W5: =VLOOKUP($J5,$AJ$448:BO467,W$1,0) -> 7 | X5: =VLOOKUP($J5,$AJ$448:BP467,X$1,0) -> 8 | Y5: =VLOOKUP($J5,$AJ$448:BQ467,Y$1,0) -> 9 | ... AH5: =VLOOKUP($J5,$AJ$448:BZ467,AH$1,0) -> 9 | AI5: RATA 2
J6: =J5 -> L | K6: =VLOOKUP($J6,$BJ$448:CH467,K$1,0) -> 5.4767834 | L6: =VLOOKUP($J6,$BJ$448:CH467,L$1,0) -> 6.4850237 | M6: =VLOOKUP($J6,$BJ$448:CH467,M$1,0) -> 7.0190683 | N6: =VLOOKUP($J6,$BJ$448:CH467,N$1,0) -> 5.7166402 | O6: =VLOOKUP($J6,$BJ$448:CH467,O$1,0) -> 6.4539555 | P6: =VLOOKUP($J6,$BJ$448:CI467,P$1,0) -> 6.330456 | Q6: =VLOOKUP($J6,$BJ$448:CH467,Q$1,0) -> 6.2363037 | R6: =VLOOKUP($J6,$BJ$448:CI467,R$1,0) -> 5.9234233 | S6: =VLOOKUP($J6,$BJ$448:CJ467,S$1,0) -> 6.7191093 | T6: =VLOOKUP($J6,$BJ$448:CK467,T$1,0) -> 6.2782406 | U6: =VLOOKUP($J6,$BJ$448:CL467,U$1,0) -> 7.2134759 | V6: =VLOOKUP($J6,$BJ$448:CO467,V$1,0) -> 5.7688556 | W6: =VLOOKUP($J6,$BJ$448:CN467,W$1,0) -> 5.4767834 | X6: =VLOOKUP($J6,$BJ$448:CO467,X$1,0) -> 6.4850237 | Y6: =VLOOKUP($J6,$BJ$448:CP467,Y$1,0) -> 7.0190683 | Z6: =VLOOKUP($J6,$BJ$448:CQ467,Z$1,0) -> 5.7166402 | AA6: =VLOOKUP($J6,$BJ$448:CR467,AA$1,0) -> 6.4539555 | AB6: =VLOOKUP($J6,$BJ$448:CU467,AB$1,0) -> 6.330456 | AC6: =VLOOKUP($J6,$BJ$448:CT467,AC$1,0) -> 6.2363037 | AD6: =VLOOKUP($J6,$BJ$448:CU467,AD$1,0) -> 5.9234233 | AE6: =VLOOKUP($J6,$BJ$448:CV467,AE$1,0) -> 6.7191093 | AF6: =VLOOKUP($J6,$BJ$448:CW467,AF$1,0) -> 6.2782406 | AG6: =VLOOKUP($J6,$BJ$448:CX467,AG$1,0) -> 7.2134759 | AH6: =VLOOKUP($J6,$BJ$448:DA467,AH$1,0) -> 6.35063
J7: =J5 -> L | K7: =VLOOKUP($J7,$CI$448:DG467,K$1,0) -> 97 | L7: =VLOOKUP($J7,$CI$448:DG467,L$1,0) -> 90 | M7: =VLOOKUP($J7,$CI$448:DG467,M$1,0) -> 109 | N7: =VLOOKUP($J7,$CI$448:DG467,N$1,0) -> 76 | O7: =VLOOKUP($J7,$CI$448:DG467,O$1,0) -> 112 | P7: =VLOOKUP($J7,$CI$448:DG467,P$1,0) -> 97 | Q7: =VLOOKUP($J7,$CI$448:DG467,Q$1,0) -> 90 | R7: =VLOOKUP($J7,$CI$448:DH467,R$1,0) -> 79 | S7: =VLOOKUP($J7,$CI$448:DI467,S$1,0) -> 127 | T7: =VLOOKUP($J7,$CI$448:DJ467,T$1,0) -> 87 | U7: =VLOOKUP($J7,$CI$448:DK467,U$1,0) -> 105 | V7: =VLOOKUP($J7,$CI$448:DK467,V$1,0) -> 86 | W7: =VLOOKUP($J7,$CI$448:DK467,W$1,0) -> 97 | X7: =VLOOKUP($J7,$CI$448:DK467,X$1,0) -> 90 | Y7: =VLOOKUP($J7,$CI$448:DK467,Y$1,0) -> 109 | Z7: =VLOOKUP($J7,$CI$448:DK467,Z$1,0) -> 76 | AA7: =VLOOKUP($J7,$CI$448:DK467,AA$1,0) -> 112 | AB7: =VLOOKUP($J7,$CI$448:DK467,AB$1,0) -> 97 | AC7: =VLOOKUP($J7,$CI$448:DK467,AC$1,0) -> 90 | AD7: =VLOOKUP($J7,$CI$448:DK467,AD$1,0) -> 79 | AE7: =VLOOKUP($J7,$CI$448:DK467,AE$1,0) -> 127 | AF7: =VLOOKUP($J7,$CI$448:DK467,AF$1,0) -> 87 | AG7: =VLOOKUP($J7,$CI$448:DK467,AG$1,0) -> 105 | AH7: =VLOOKUP($J7,$CI$448:DK467,AH$1,0) -> 95 | AI7: =AVERAGE(K7:AH7) -> 96.625
J8: M | K8: =VLOOKUP($J8,$AJ$448:BH470,K$1,0) -> 8 | L8: =VLOOKUP($J8,$AJ$448:BH470,L$1,0) -> 8 | M8: =VLOOKUP($J8,$AJ$448:BH470,M$1,0) -> 8 | N8: =VLOOKUP($J8,$AJ$448:BH470,N$1,0) -> 8 | O8: =VLOOKUP($J8,$AJ$448:BH470,O$1,0) -> 7 | P8: =VLOOKUP($J8,$AJ$448:BH470,P$1,0) -> 8 | Q8: =VLOOKUP($J8,$AJ$448:BH470,Q$1,0) -> 8 | R8: =VLOOKUP($J8,$AJ$448:BJ470,R$1,0) -> 8 | S8: =VLOOKUP($J8,$AJ$448:BK470,S$1,0) -> 8 | T8: =VLOOKUP($J8,$AJ$448:BL470,T$1,0) -> 8 | U8: =VLOOKUP($J8,$AJ$448:BM470,U$1,0) -> 8 | V8: =VLOOKUP($J8,$AJ$448:BN470,V$1,0) -> 8 | W8: =VLOOKUP($J8,$AJ$448:BO470,W$1,0) -> 8 | X8: =VLOOKUP($J8,$AJ$448:BP470,X$1,0) -> 7 | Y8: =VLOOKUP($J8,$AJ$448:BQ470,Y$1,0) -> 8 | ... AH8: =VLOOKUP($J8,$AJ$448:BZ470,AH$1,0) -> 8 | AI8: RATA 2
J9: =J8 -> M | K9: =VLOOKUP($J9,$BJ$448:CH470,K$1,0) -> 4.605504 | L9: =VLOOKUP($J9,$BJ$448:CH470,L$1,0) -> 4.4918087 | M9: =VLOOKUP($J9,$BJ$448:CH470,M$1,0) -> 4.755053 | N9: =VLOOKUP($J9,$BJ$448:CH470,N$1,0) -> 4.8001038 | O9: =VLOOKUP($J9,$BJ$448:CH470,O$1,0) -> 4.5740918 | P9: =VLOOKUP($J9,$BJ$448:CH470,P$1,0) -> 4.5237935 | Q9: =VLOOKUP($J9,$BJ$448:CH470,Q$1,0) -> 4.753594 | R9: =VLOOKUP($J9,$BJ$448:CI470,R$1,0) -> 4.6888166 | S9: =VLOOKUP($J9,$BJ$448:CJ470,S$1,0) -> 4.4582528 | T9: =VLOOKUP($J9,$BJ$448:CK470,T$1,0) -> 4.5597184 | U9: =VLOOKUP($J9,$BJ$448:CL470,U$1,0) -> 4.9194214 | V9: =VLOOKUP($J9,$BJ$448:CM470,V$1,0) -> 4.4788443 | W9: =VLOOKUP($J9,$BJ$448:CN470,W$1,0) -> 4.6517407 | X9: =VLOOKUP($J9,$BJ$448:CO470,X$1,0) -> 4.4918087 | ... AH9: =VLOOKUP($J9,$BJ$448:CY470,AH$1,0) -> 4.4788443
J10: =J8 -> M | K10: =VLOOKUP($J10,$CI$448:DG470,K$1,0) -> 107 | L10: =VLOOKUP($J10,$CI$448:DG470,L$1,0) -> 68 | M10: =VLOOKUP($J10,$CI$448:DG470,M$1,0) -> 77 | N10: =VLOOKUP($J10,$CI$448:DG470,N$1,0) -> 121 | O10: =VLOOKUP($J10,$CI$448:DG470,O$1,0) -> 77 | P10: =VLOOKUP($J10,$CI$448:DH470,P$1,0) -> 86 | Q10: =VLOOKUP($J10,$CI$448:DG470,Q$1,0) -> 103 | R10: =VLOOKUP($J10,$CI$448:DH470,R$1,0) -> 99 | S10: =VLOOKUP($J10,$CI$448:DI470,S$1,0) -> 67 | T10: =VLOOKUP($J10,$CI$448:DJ470,T$1,0) -> 89 | U10: =VLOOKUP($J10,$CI$448:DK470,U$1,0) -> 88 | V10: =VLOOKUP($J10,$CI$448:DK470,V$1,0) -> 110 | W10: =VLOOKUP($J10,$CI$448:DK470,W$1,0) -> 111 | X10: =VLOOKUP($J10,$CI$448:DK470,X$1,0) -> 68 | Y10: =VLOOKUP($J10,$CI$448:DK470,Y$1,0) -> 77 | Z10: =VLOOKUP($J10,$CI$448:DK470,Z$1,0) -> 121 | AA10: =VLOOKUP($J10,$CI$448:DK470,AA$1,0) -> 77 | AB10: =VLOOKUP($J10,$CI$448:DK470,AB$1,0) -> 80 | AC10: =VLOOKUP($J10,$CI$448:DK470,AC$1,0) -> 103 | AD10: =VLOOKUP($J10,$CI$448:DK470,AD$1,0) -> 98 | AE10: =VLOOKUP($J10,$CI$448:DK470,AE$1,0) -> 67 | AF10: =VLOOKUP($J10,$CI$448:DK470,AF$1,0) -> 93 | AG10: =VLOOKUP($J10,$CI$448:DK470,AG$1,0) -> 87 | AH10: =VLOOKUP($J10,$CI$448:DK470,AH$1,0) -> 110 | AI10: =AVERAGE(K10:AH10) -> 91
J11: F | K11: =VLOOKUP($J11,$AJ$448:BH473,K$1,0) -> 5 | L11: =VLOOKUP($J11,$AJ$448:BH473,L$1,0) -> 6 | M11: =VLOOKUP($J11,$AJ$448:BH473,M$1,0) -> 6 | N11: =VLOOKUP($J11,$AJ$448:BH473,N$1,0) -> 6 | O11: =VLOOKUP($J11,$AJ$448:BH473,O$1,0) -> 7 | P11: =VLOOKUP($J11,$AJ$448:BH473,P$1,0) -> 7 | Q11: =VLOOKUP($J11,$AJ$448:BH473,Q$1,0) -> 5 | R11: =VLOOKUP($J11,$AJ$448:BJ473,R$1,0) -> 6 | S11: =VLOOKUP($J11,$AJ$448:BK473,S$1,0) -> 6 | T11: =VLOOKUP($J11,$AJ$448:BL473,T$1,0) -> 6 | U11: =VLOOKUP($J11,$AJ$448:BM473,U$1,0) -> 7 | V11: =VLOOKUP($J11,$AJ$448:BN473,V$1,0) -> 7 | W11: =VLOOKUP($J11,$AJ$448:BO473,W$1,0) -> 6 | X11: =VLOOKUP($J11,$AJ$448:BP473,X$1,0) -> 7 | Y11: =VLOOKUP($J11,$AJ$448:BQ473,Y$1,0) -> 6 | ... AH11: =VLOOKUP($J11,$AJ$448:BZ473,AH$1,0) -> 7 | AI11: RATA 2
J12: =J11 -> F | K12: =VLOOKUP($J12,$BJ$448:CH473,K$1,0) -> 3.32464 | L12: =VLOOKUP($J12,$BJ$448:CH473,L$1,0) -> 4.0117047 | M12: =VLOOKUP($J12,$BJ$448:CH473,M$1,0) -> 3.7364854 | N12: =VLOOKUP($J12,$BJ$448:CH473,N$1,0) -> 4.3219921 | O12: =VLOOKUP($J12,$BJ$448:CH473,O$1,0) -> 4.3348344 | P12: =VLOOKUP($J12,$BJ$448:CH473,P$1,0) -> 4.2800931 | Q12: =VLOOKUP($J12,$BJ$448:CH473,Q$1,0) -> 3.3452146 | R12: =VLOOKUP($J12,$BJ$448:CI473,R$1,0) -> 4.4959151 | S12: =VLOOKUP($J12,$BJ$448:CJ473,S$1,0) -> 3.7390292 | T12: =VLOOKUP($J12,$BJ$448:CK473,T$1,0) -> 4.1790043 | U12: =VLOOKUP($J12,$BJ$448:CL473,U$1,0) -> 4.3727478 | V12: =VLOOKUP($J12,$BJ$448:CM473,V$1,0) -> 4.3185307 | W12: =VLOOKUP($J12,$BJ$448:CN473,W$1,0) -> 3.643024 | X12: =VLOOKUP($J12,$BJ$448:CO473,X$1,0) -> 4.5211191 | ... AH12: =VLOOKUP($J12,$BJ$448:CY473,AH$1,0) -> 4.3185307
J13: =J11 -> F | K13: =VLOOKUP($J13,$CI$448:DG473,K$1,0) -> 57 | L13: =VLOOKUP($J13,$CI$448:DG473,L$1,0) -> 75 | M13: =VLOOKUP($J13,$CI$448:DG473,M$1,0) -> 72 | N13: =VLOOKUP($J13,$CI$448:DG473,N$1,0) -> 105 | O13: =VLOOKUP($J13,$CI$448:DG473,O$1,0) -> 88 | P13: =VLOOKUP($J13,$CI$448:DH473,P$1,0) -> 100 | Q13: =VLOOKUP($J13,$CI$448:DG473,Q$1,0) -> 58 | R13: =VLOOKUP($J13,$CI$448:DH473,R$1,0) -> 101 | S13: =VLOOKUP($J13,$CI$448:DI473,S$1,0) -> 73 | T13: =VLOOKUP($J13,$CI$448:DJ473,T$1,0) -> 93 | U13: =VLOOKUP($J13,$CI$448:DK473,U$1,0) -> 91 | V13: =VLOOKUP($J13,$CI$448:DK473,V$1,0) -> 100 | W13: =VLOOKUP($J13,$CI$448:DK473,W$1,0) -> 62 | X13: =VLOOKUP($J13,$CI$448:DK473,X$1,0) -> 83 | Y13: =VLOOKUP($J13,$CI$448:DK473,Y$1,0) -> 72 | Z13: =VLOOKUP($J13,$CI$448:DK473,Z$1,0) -> 105 | AA13: =VLOOKUP($J13,$CI$448:DK473,AA$1,0) -> 88 | AB13: =VLOOKUP($J13,$CI$448:DK473,AB$1,0) -> 88 | AC13: =VLOOKUP($J13,$CI$448:DK473,AC$1,0) -> 74 | AD13: =VLOOKUP($J13,$CI$448:DK473,AD$1,0) -> 131 | AE13: =VLOOKUP($J13,$CI$448:DK473,AE$1,0) -> 71 | AF13: =VLOOKUP($J13,$CI$448:DK473,AF$1,0) -> 103 | AG13: =VLOOKUP($J13,$CI$448:DK473,AG$1,0) -> 91 | AH13: =VLOOKUP($J13,$CI$448:DK473,AH$1,0) -> 100 | AI13: =AVERAGE(K13:AH13) -> 86.708333
AK14: DOLLY PATTERN | BK14: VOLUME M3 | CJ14: BOX PATTERN | DL14: BULAN LALU
K15: 30 | L15: 31 | M15: 32 | N15: 33 | O15: 34 | P15: 35 | Q15: 36 | R15: 37 | S15: 38 | T15: 39 | U15: 40 | V15: 41 | W15: 42 | X15: 43 | Y15: 44 | Z15: 45 | AA15: 46 | AB15: 47 | AC15: 48 | AD15: 49 | AE15: 50 | AF15: 51 | AG15: 52 | AH15: 53 | DM15: 11 | DN15: 12 | DO15: 13 | DP15: 14 | DQ15: 15 | DR15: 16 | DS15: 17 | DT15: 18 | DU15: 19 | DV15: 20 | DW15: 21 | DX15: 22 | DY15: 23 | DZ15: 24 | EA15: 25 | EB15: 26 | EC15: 27 | ED15: 28 | EE15: 29 | EF15: 30 | EG15: 31 | EH15: 32 | EI15: 33 | EJ15: 34
A16: SUPPLIER CODE | B16: SUPPLIER NAME | C16: FIX CODE S.DOCK | D16: CONVEYANCE | E16: GABUNGAN | F16: Sum of Vol/Day ( Box ) | G16: Sum of m 3 ( Day ) | H16: Order Freq | K16: 1 | L16: 2 | M16: 3 | N16: 4 | O16: 5 | P16: 6 | Q16: 7 | R16: 8 | S16: 9 | T16: 10 | U16: 11 | V16: 12 | W16: 13 | X16: 14 | Y16: 15 | Z16: 16 | AA16: 17 | AB16: 18 | AC16: 19 | AD16: 20 | AE16: 21 | AF16: 22 | AG16: 23 | AH16: 24 | AJ16: KADAI | AK16: 1 | AL16: 2 | AM16: 3 | AN16: 4 | AO16: 5 | AP16: 6 | AQ16: 7 | AR16: 8 | AS16: 9 | AT16: 10 | AU16: 11 | AV16: 12 | AW16: 13 | AX16: 14 | AY16: 15 | AZ16: 16 | BA16: 17 | BB16: 18 | BC16: 19 | BD16: 20 | BE16: 21 | BF16: 22 | BG16: 23 | BH16: 24 | BK16: 1 | BL16: 2 | BM16: 3 | BN16: 4 | BO16: 5 | BP16: 6 | BQ16: 7 | BR16: 8 | BS16: 9 | BT16: 10 | BU16: 11 | BV16: 12 | BW16: 13 | BX16: 14 | BY16: 15 | BZ16: 16 | CA16: 17 | CB16: 18 | CC16: 19 | CD16: 20 | CE16: 21 | CF16: 22 | CG16: 23 | CH16: 24 | CJ16: 1 | CK16: 2 | CL16: 3 | CM16: 4 | CN16: 5 | CO16: 6 | CP16: 7 | CQ16: 8 | CR16: 9 | CS16: 10 | CT16: 11 | CU16: 12 | CV16: 13 | CW16: 14 | CX16: 15 | CY16: 16 | CZ16: 17 | DA16: 18 | DB16: 19 | DC16: 20 | DD16: 21 | DE16: 22 | DF16: 23 | DG16: 24 | DJ16: SUPPLIER DOUBLE SKID | DK16: HENKATEN | DM16: 1 | DN16: 2 | DO16: 3 | DP16: 4 | DQ16: 5 | DR16: 6 | DS16: 7 | DT16: 8 | DU16: 9 | DV16: 10 | DW16: 11 | DX16: 12 | DY16: 13 | DZ16: 14 | EA16: 15 | EB16: 16 | EC16: 17 | ED16: 18 | EE16: 19 | EF16: 20 | EG16: 21 | EH16: 22 | EI16: 23 | EJ16: 24 | EL16: 1 | EM16: 2 | EN16: 3 | EO16: 4 | EP16: 5 | EQ16: 6 | ER16: 7 | ES16: 8 | ET16: 9 | EU16: 10 | EV16: 11 | EW16: 12 | EX16: 13 | EY16: 14 | EZ16: 15 | FA16: 16 | FB16: 17 | FC16: 18 | FD16: 19 | FE16: 20 | FF16: 21 | FG16: 22 | FH16: 23 | FI16: 24
A17: 0003-1-43 | B17: SUGITY CREATIVES | C17: (blank) | D17: D | E17: =A17&"-"&D17 -> 0003-1-43-D | F17: 16 | G17: 2.046984 | H17: =VLOOKUP(A17,'Pivot 1'!$A$5:$H$251,8,0) -> 4 | I17: Direct | J17: =SUM(K17:AH17) -> 4 | K17: 1 | L17: 0 | M17: 0 | N17: 0 | O17: 0 | P17: 0 | Q17: 1 | R17: 0 | S17: 0 | T17: 0 | U17: 0 | V17: 0 | W17: 1 | X17: 0 | Y17: 0 | Z17: 0 | AA17: 0 | AB17: 0 | AC17: 1 | AD17: 0 | AE17: 0 | AF17: 0 | AG17: 0 | AH17: 0 | AI17: =J17=H17 -> FALSE | AK17: =IF($I17="Direct",IF(K17=1,ROUNDUP($G17/$H17,0),IF($I17="Unpacking",IF($K17=0,ROUNDUP($G17/$H17,0)),0)),0) -> 1 | AL17: =IF($I17="Direct",IF(L17=1,ROUNDUP($G17/$H17,0),IF($I17="Unpacking",IF($K17=0,ROUNDUP($G17/$H17,0)),0)),0) -> 0 | AM17: =IF($I17="Direct",IF(M17=1,ROUNDUP($G17/$H17,0),IF($I17="Unpacking",IF($K17=0,ROUNDUP($G17/$H17,0)),0)),0) -> 0 | AN17: =IF($I17="Direct",IF(N17=1,ROUNDUP($G17/$H17,0),IF($I17="Unpacking",IF($K17=0,ROUNDUP($G17/$H17,0)),0)),0) -> 0 | AO17: =IF($I17="Direct",IF(O17=1,ROUNDUP($G17/$H17,0),IF($I17="Unpacking",IF($K17=0,ROUNDUP($G17/$H17,0)),0)),0) -> 0 | AP17: =IF($I17="Direct",IF(P17=1,ROUNDUP($G17/$H17,0),IF($I17="Unpacking",IF($K17=0,ROUNDUP($G17/$H17,0)),0)),0) -> 0 | AQ17: =IF($I17="Direct",IF(Q17=1,ROUNDUP($G17/$H17,0),IF($I17="Unpacking",IF($K17=0,ROUNDUP($G17/$H17,0)),0)),0) -> 1 | AR17: =IF($I17="Direct",IF(R17=1,ROUNDUP($G17/$H17,0),IF($I17="Unpacking",IF($K17=0,ROUNDUP($G17/$H17,0)),0)),0) -> 0 | ... BH17: =IF($I17="Direct",IF(AH17=1,ROUNDUP($G17/$H17,0),IF($I17="Unpacking",IF($K17=0,ROUNDUP($G17/$H17,0)),0)),0) -> 0 | BJ17: =MAX(BK17:CH17) -> 0.511746 | BK17: =IF(K17=1,$G17/$H17,0) -> 0.511746 | BL17: =IF(L17=1,$G17/$H17,0) -> 0 | BM17: =IF(M17=1,$G17/$H17,0) -> 0 | BN17: =IF(N17=1,$G17/$H17,0) -> 0 | BO17: =IF(O17=1,$G17/$H17,0) -> 0 | BP17: =IF(P17=1,$G17/$H17,0) -> 0 | BQ17: =IF(Q17=1,$G17/$H17,0) -> 0.511746 | BR17: =IF(R17=1,$G17/$H17,0) -> 0 | ... CH17: =IF(AH17=1,$G17/$H17,0) -> 0 | CJ17: =IF(K17=1,ROUND($F17/$H17,0),0) -> 4 | CK17: =IF(L17=1,ROUND($F17/$H17,0),0) -> 0 | CL17: =IF(M17=1,ROUND($F17/$H17,0),0) -> 0 | CM17: =IF(N17=1,ROUND($F17/$H17,0),0) -> 0 | CN17: =IF(O17=1,ROUND($F17/$H17,0),0) -> 0 | CO17: =IF(P17=1,ROUND($F17/$H17,0),0) -> 0 | CP17: =IF(Q17=1,ROUND($F17/$H17,0),0) -> 4 | CQ17: =IF(R17=1,ROUND($F17/$H17,0),0) -> 0 | ... DG17: =IF(AH17=1,ROUND($F17/$H17,0),0) -> 0 | DH17: =SUM(CJ17:DG17) -> 16 | DI17: =DH17-F17 -> 0 | DK17: =DL17=H17 -> FALSE | DL17: =SUM(DM17:EJ17) -> 0 | EL17: =DM17=K17 -> FALSE | EM17: =DN17=L17 -> TRUE | EN17: =DO17=M17 -> TRUE | EO17: =DP17=N17 -> TRUE | EP17: =DQ17=O17 -> TRUE | EQ17: =DR17=P17 -> TRUE | ER17: =DS17=Q17 -> FALSE | ES17: =DT17=R17 -> TRUE | ... FI17: =EJ17=AH17 -> TRUE | FJ17: =COUNTIF(EL17:FI17,FALSE) -> 4
A18: 0003-1-FP1-43 | B18: SUGITY CREATIVES | C18: FP1 | D18: N | E18: =A18&"-"&D18 -> 0003-1-FP1-43-N | F18: 28 | G18: 0.99188475 | H18: =VLOOKUP(A18,'Pivot 1'!$A$5:$H$251,8,0) -> 2 | I18: Direct | J18: =SUM(K18:AH18) -> 2 | K18: 0 | L18: 0 | M18: 0 | N18: 0 | O18: 0 | P18: 0 | Q18: 1 | R18: 0 | S18: 0 | T18: 0 | U18: 0 | V18: 0 | W18: 0 | X18: 0 | Y18: 0 | Z18: 0 | AA18: 0 | AB18: 0 | AC18: 1 | AD18: 0 | AE18: 0 | AF18: 0 | AG18: 0 | AH18: 0 | AI18: =J18=H18 -> FALSE | AK18: =IF($I18="Direct",IF(K18=1,ROUNDUP($G18/$H18,0),IF($I18="Unpacking",IF($K18=0,ROUNDUP($G18/$H18,0)),0)),0) -> 0 | AL18: =IF($I18="Direct",IF(L18=1,ROUNDUP($G18/$H18,0),IF($I18="Unpacking",IF($K18=0,ROUNDUP($G18/$H18,0)),0)),0) -> 0 | AM18: =IF($I18="Direct",IF(M18=1,ROUNDUP($G18/$H18,0),IF($I18="Unpacking",IF($K18=0,ROUNDUP($G18/$H18,0)),0)),0) -> 0 | AN18: =IF($I18="Direct",IF(N18=1,ROUNDUP($G18/$H18,0),IF($I18="Unpacking",IF($K18=0,ROUNDUP($G18/$H18,0)),0)),0) -> 0 | AO18: =IF($I18="Direct",IF(O18=1,ROUNDUP($G18/$H18,0),IF($I18="Unpacking",IF($K18=0,ROUNDUP($G18/$H18,0)),0)),0) -> 0 | AP18: =IF($I18="Direct",IF(P18=1,ROUNDUP($G18/$H18,0),IF($I18="Unpacking",IF($K18=0,ROUNDUP($G18/$H18,0)),0)),0) -> 0 | AQ18: =IF($I18="Direct",IF(Q18=1,ROUNDUP($G18/$H18,0),IF($I18="Unpacking",IF($K18=0,ROUNDUP($G18/$H18,0)),0)),0) -> 1 | AR18: =IF($I18="Direct",IF(R18=1,ROUNDUP($G18/$H18,0),IF($I18="Unpacking",IF($K18=0,ROUNDUP($G18/$H18,0)),0)),0) -> 0 | ... BH18: =IF($I18="Direct",IF(AH18=1,ROUNDUP($G18/$H18,0),IF($I18="Unpacking",IF($K18=0,ROUNDUP($G18/$H18,0)),0)),0) -> 0 | BJ18: =MAX(BK18:CH18) -> 0.49594237 | BK18: =IF(K18=1,$G18/$H18,0) -> 0 | BL18: =IF(L18=1,$G18/$H18,0) -> 0 | BM18: =IF(M18=1,$G18/$H18,0) -> 0 | BN18: =IF(N18=1,$G18/$H18,0) -> 0 | BO18: =IF(O18=1,$G18/$H18,0) -> 0 | BP18: =IF(P18=1,$G18/$H18,0) -> 0 | BQ18: =IF(Q18=1,$G18/$H18,0) -> 0.49594237 | BR18: =IF(R18=1,$G18/$H18,0) -> 0 | ... CH18: =IF(AH18=1,$G18/$H18,0) -> 0 | CJ18: =IF(K18=1,ROUND($F18/$H18,0),0) -> 0 | CK18: =IF(L18=1,ROUND($F18/$H18,0),0) -> 0 | CL18: =IF(M18=1,ROUND($F18/$H18,0),0) -> 0 | CM18: =IF(N18=1,ROUND($F18/$H18,0),0) -> 0 | CN18: =IF(O18=1,ROUND($F18/$H18,0),0) -> 0 | CO18: =IF(P18=1,ROUND($F18/$H18,0),0) -> 0 | CP18: =IF(Q18=1,ROUND($F18/$H18,0),0) -> 14 | CQ18: =IF(R18=1,ROUND($F18/$H18,0),0) -> 0 | ... DG18: =IF(AH18=1,ROUND($F18/$H18,0),0) -> 0 | DH18: =SUM(CJ18:DG18) -> 28 | DI18: =DH18-F18 -> 0 | DK18: =DL18=H18 -> FALSE | DL18: =SUM(DM18:EJ18) -> 0 | EL18: =DM18=K18 -> TRUE | EM18: =DN18=L18 -> TRUE | EN18: =DO18=M18 -> TRUE | EO18: =DP18=N18 -> TRUE | EP18: =DQ18=O18 -> TRUE | EQ18: =DR18=P18 -> TRUE | ER18: =DS18=Q18 -> FALSE | ES18: =DT18=R18 -> TRUE | ... FI18: =EJ18=AH18 -> TRUE | FJ18: =COUNTIF(EL18:FI18,FALSE) -> 2
A19: 0003-1-OP1-43 | B19: SUGITY CREATIVES | C19: OP1 | D19: K | E19: =A19&"-"&D19 -> 0003-1-OP1-43-K | F19: 71 | G19: 2.816623 | H19: =VLOOKUP(A19,'Pivot 1'!$A$5:$H$251,8,0) -> 4 | I19: Direct | J19: =SUM(K19:AH19) -> 4 | K19: 0 | L19: 0 | M19: 0 | N19: 1 | O19: 0 | P19: 0 | Q19: 0 | R19: 0 | S19: 0 | T19: 1 | U19: 0 | V19: 0 | W19: 0 | X19: 0 | Y19: 0 | Z19: 1 | AA19: 0 | AB19: 0 | AC19: 0 | AD19: 0 | AE19: 0 | AF19: 1 | AG19: 0 | AH19: 0 | AI19: =J19=H19 -> TRUE | AK19: =IF($I19="Direct",IF(K19=1,ROUNDUP($G19/$H19,0),IF($I19="Unpacking",IF($K19=0,ROUNDUP($G19/$H19,0)),0)),0) -> 0 | AL19: =IF($I19="Direct",IF(L19=1,ROUNDUP($G19/$H19,0),IF($I19="Unpacking",IF($K19=0,ROUNDUP($G19/$H19,0)),0)),0) -> 0 | AM19: =IF($I19="Direct",IF(M19=1,ROUNDUP($G19/$H19,0),IF($I19="Unpacking",IF($K19=0,ROUNDUP($G19/$H19,0)),0)),0) -> 0 | AN19: =IF($I19="Direct",IF(N19=1,ROUNDUP($G19/$H19,0),IF($I19="Unpacking",IF($K19=0,ROUNDUP($G19/$H19,0)),0)),0) -> 1 | AO19: =IF($I19="Direct",IF(O19=1,ROUNDUP($G19/$H19,0),IF($I19="Unpacking",IF($K19=0,ROUNDUP($G19/$H19,0)),0)),0) -> 0 | AP19: =IF($I19="Direct",IF(P19=1,ROUNDUP($G19/$H19,0),IF($I19="Unpacking",IF($K19=0,ROUNDUP($G19/$H19,0)),0)),0) -> 0 | AQ19: =IF($I19="Direct",IF(Q19=1,ROUNDUP($G19/$H19,0),IF($I19="Unpacking",IF($K19=0,ROUNDUP($G19/$H19,0)),0)),0) -> 0 | AR19: =IF($I19="Direct",IF(R19=1,ROUNDUP($G19/$H19,0),IF($I19="Unpacking",IF($K19=0,ROUNDUP($G19/$H19,0)),0)),0) -> 0 | ... BH19: =IF($I19="Direct",IF(AH19=1,ROUNDUP($G19/$H19,0),IF($I19="Unpacking",IF($K19=0,ROUNDUP($G19/$H19,0)),0)),0) -> 0 | BJ19: =MAX(BK19:CH19) -> 0.70415576 | BK19: =IF(K19=1,$G19/$H19,0) -> 0 | BL19: =IF(L19=1,$G19/$H19,0) -> 0 | BM19: =IF(M19=1,$G19/$H19,0) -> 0 | BN19: =IF(N19=1,$G19/$H19,0) -> 0.70415576 | BO19: =IF(O19=1,$G19/$H19,0) -> 0 | BP19: =IF(P19=1,$G19/$H19,0) -> 0 | BQ19: =IF(Q19=1,$G19/$H19,0) -> 0 | BR19: =IF(R19=1,$G19/$H19,0) -> 0 | ... CH19: =IF(AH19=1,$G19/$H19,0) -> 0 | CJ19: =IF(K19=1,ROUND($F19/$H19,0),0) -> 0 | CK19: =IF(L19=1,ROUND($F19/$H19,0),0) -> 0 | CL19: =IF(M19=1,ROUND($F19/$H19,0),0) -> 0 | CM19: =IF(N19=1,ROUND($F19/$H19,0),0) -> 18 | CN19: =IF(O19=1,ROUND($F19/$H19,0),0) -> 0 | CO19: =IF(P19=1,ROUND($F19/$H19,0),0) -> 0 | CP19: =IF(Q19=1,ROUND($F19/$H19,0),0) -> 0 | CQ19: =IF(R19=1,ROUND($F19/$H19,0),0) -> 0 | ... DG19: =IF(AH19=1,ROUND($F19/$H19,0),0) -> 0 | DH19: =SUM(CJ19:DG19) -> 72 | DI19: =DH19-F19 -> 1 | DK19: =DL19=H19 -> FALSE | DL19: =SUM(DM19:EJ19) -> 0 | EL19: =DM19=K19 -> TRUE | EM19: =DN19=L19 -> TRUE | EN19: =DO19=M19 -> TRUE | EO19: =DP19=N19 -> FALSE | EP19: =DQ19=O19 -> TRUE | EQ19: =DR19=P19 -> TRUE | ER19: =DS19=Q19 -> TRUE | ES19: =DT19=R19 -> TRUE | ... FI19: =EJ19=AH19 -> TRUE | FJ19: =COUNTIF(EL19:FI19,FALSE) -> 4
A20: 0003-2-43 | B20: SUGITY CREATIVES | C20: (blank) | D20: G | E20: =A20&"-"&D20 -> 0003-2-43-G | F20: 10 | G20: 0.2 | H20: =VLOOKUP(A20,'Pivot 1'!$A$5:$H$251,8,0) -> 1 | I20: Direct | J20: =SUM(K20:AH20) -> 1 | K20: 0 | L20: 0 | M20: 0 | N20: 0 | O20: 0 | P20: 0 | Q20: 0 | R20: 0 | S20: 0 | T20: 0 | U20: 0 | V20: 0 | W20: 0 | X20: 0 | Y20: 0 | Z20: 1 | AA20: 0 | AB20: 0 | AC20: 0 | AD20: 0 | AE20: 0 | AF20: 0 | AG20: 0 | AH20: 0 | AI20: =J20=H20 -> FALSE | AK20: =IF($I20="Direct",IF(K20=1,ROUNDUP($G20/$H20,0),IF($I20="Unpacking",IF($K20=0,ROUNDUP($G20/$H20,0)),0)),0) -> 0 | AL20: =IF($I20="Direct",IF(L20=1,ROUNDUP($G20/$H20,0),IF($I20="Unpacking",IF($K20=0,ROUNDUP($G20/$H20,0)),0)),0) -> 0 | AM20: =IF($I20="Direct",IF(M20=1,ROUNDUP($G20/$H20,0),IF($I20="Unpacking",IF($K20=0,ROUNDUP($G20/$H20,0)),0)),0) -> 0 | AN20: =IF($I20="Direct",IF(N20=1,ROUNDUP($G20/$H20,0),IF($I20="Unpacking",IF($K20=0,ROUNDUP($G20/$H20,0)),0)),0) -> 0 | AO20: =IF($I20="Direct",IF(O20=1,ROUNDUP($G20/$H20,0),IF($I20="Unpacking",IF($K20=0,ROUNDUP($G20/$H20,0)),0)),0) -> 0 | AP20: =IF($I20="Direct",IF(P20=1,ROUNDUP($G20/$H20,0),IF($I20="Unpacking",IF($K20=0,ROUNDUP($G20/$H20,0)),0)),0) -> 0 | AQ20: =IF($I20="Direct",IF(Q20=1,ROUNDUP($G20/$H20,0),IF($I20="Unpacking",IF($K20=0,ROUNDUP($G20/$H20,0)),0)),0) -> 0 | AR20: =IF($I20="Direct",IF(R20=1,ROUNDUP($G20/$H20,0),IF($I20="Unpacking",IF($K20=0,ROUNDUP($G20/$H20,0)),0)),0) -> 0 | ... BH20: =IF($I20="Direct",IF(AH20=1,ROUNDUP($G20/$H20,0),IF($I20="Unpacking",IF($K20=0,ROUNDUP($G20/$H20,0)),0)),0) -> 0 | BJ20: =MAX(BK20:CH20) -> 0.2 | BK20: =IF(K20=1,$G20/$H20,0) -> 0 | BL20: =IF(L20=1,$G20/$H20,0) -> 0 | BM20: =IF(M20=1,$G20/$H20,0) -> 0 | BN20: =IF(N20=1,$G20/$H20,0) -> 0 | BO20: =IF(O20=1,$G20/$H20,0) -> 0 | BP20: =IF(P20=1,$G20/$H20,0) -> 0 | BQ20: =IF(Q20=1,$G20/$H20,0) -> 0 | BR20: =IF(R20=1,$G20/$H20,0) -> 0 | ... CH20: =IF(AH20=1,$G20/$H20,0) -> 0 | CJ20: =IF(K20=1,ROUND($F20/$H20,0),0) -> 0 | CK20: =IF(L20=1,ROUND($F20/$H20,0),0) -> 0 | CL20: =IF(M20=1,ROUND($F20/$H20,0),0) -> 0 | CM20: =IF(N20=1,ROUND($F20/$H20,0),0) -> 0 | CN20: =IF(O20=1,ROUND($F20/$H20,0),0) -> 0 | CO20: =IF(P20=1,ROUND($F20/$H20,0),0) -> 0 | CP20: =IF(Q20=1,ROUND($F20/$H20,0),0) -> 0 | CQ20: =IF(R20=1,ROUND($F20/$H20,0),0) -> 0 | ... DG20: =IF(AH20=1,ROUND($F20/$H20,0),0) -> 0 | DH20: =SUM(CJ20:DG20) -> 10 | DI20: =DH20-F20 -> 0 | DK20: =DL20=H20 -> FALSE | DL20: =SUM(DM20:EJ20) -> 0 | EL20: =DM20=K20 -> TRUE | EM20: =DN20=L20 -> TRUE | EN20: =DO20=M20 -> TRUE | EO20: =DP20=N20 -> TRUE | EP20: =DQ20=O20 -> TRUE | EQ20: =DR20=P20 -> TRUE | ER20: =DS20=Q20 -> TRUE | ES20: =DT20=R20 -> TRUE | ... FI20: =EJ20=AH20 -> TRUE | FJ20: =COUNTIF(EL20:FI20,FALSE) -> 1
A21: 0003-2-43 | B21: SUGITY CREATIVES | C21: (blank) | D21: O | E21: =A21&"-"&D21 -> 0003-2-43-O | F21: 6 | G21: 0.12 | H21: =VLOOKUP(A21,'Pivot 1'!$A$5:$H$251,8,0) -> 1 | I21: Sorting | J21: =SUM(K21:AH21) -> 1 | K21: 0 | L21: 0 | M21: 0 | N21: 0 | O21: 0 | P21: 0 | Q21: 0 | R21: 0 | S21: 0 | T21: 0 | U21: 0 | V21: 0 | W21: 0 | X21: 0 | Y21: 0 | Z21: 1 | AA21: 0 | AB21: 0 | AC21: 0 | AD21: 0 | AE21: 0 | AF21: 0 | AG21: 0 | AH21: 0 | AI21: =J21=H21 -> FALSE | AK21: =IF($I21="Direct",IF(K21=1,ROUNDUP($G21/$H21,0),IF($I21="Unpacking",IF($K21=0,ROUNDUP($G21/$H21,0)),0)),0) -> 0 | AL21: =IF($I21="Direct",IF(L21=1,ROUNDUP($G21/$H21,0),IF($I21="Unpacking",IF($K21=0,ROUNDUP($G21/$H21,0)),0)),0) -> 0 | AM21: =IF($I21="Direct",IF(M21=1,ROUNDUP($G21/$H21,0),IF($I21="Unpacking",IF($K21=0,ROUNDUP($G21/$H21,0)),0)),0) -> 0 | AN21: =IF($I21="Direct",IF(N21=1,ROUNDUP($G21/$H21,0),IF($I21="Unpacking",IF($K21=0,ROUNDUP($G21/$H21,0)),0)),0) -> 0 | AO21: =IF($I21="Direct",IF(O21=1,ROUNDUP($G21/$H21,0),IF($I21="Unpacking",IF($K21=0,ROUNDUP($G21/$H21,0)),0)),0) -> 0 | AP21: =IF($I21="Direct",IF(P21=1,ROUNDUP($G21/$H21,0),IF($I21="Unpacking",IF($K21=0,ROUNDUP($G21/$H21,0)),0)),0) -> 0 | AQ21: =IF($I21="Direct",IF(Q21=1,ROUNDUP($G21/$H21,0),IF($I21="Unpacking",IF($K21=0,ROUNDUP($G21/$H21,0)),0)),0) -> 0 | AR21: =IF($I21="Direct",IF(R21=1,ROUNDUP($G21/$H21,0),IF($I21="Unpacking",IF($K21=0,ROUNDUP($G21/$H21,0)),0)),0) -> 0 | ... BH21: =IF($I21="Direct",IF(AH21=1,ROUNDUP($G21/$H21,0),IF($I21="Unpacking",IF($K21=0,ROUNDUP($G21/$H21,0)),0)),0) -> 0 | BJ21: =MAX(BK21:CH21) -> 0.12 | BK21: =IF(K21=1,$G21/$H21,0) -> 0 | BL21: =IF(L21=1,$G21/$H21,0) -> 0 | BM21: =IF(M21=1,$G21/$H21,0) -> 0 | BN21: =IF(N21=1,$G21/$H21,0) -> 0 | BO21: =IF(O21=1,$G21/$H21,0) -> 0 | BP21: =IF(P21=1,$G21/$H21,0) -> 0 | BQ21: =IF(Q21=1,$G21/$H21,0) -> 0 | BR21: =IF(R21=1,$G21/$H21,0) -> 0 | ... CH21: =IF(AH21=1,$G21/$H21,0) -> 0 | CJ21: =IF(K21=1,ROUND($F21/$H21,0),0) -> 0 | CK21: =IF(L21=1,ROUND($F21/$H21,0),0) -> 0 | CL21: =IF(M21=1,ROUND($F21/$H21,0),0) -> 0 | CM21: =IF(N21=1,ROUND($F21/$H21,0),0) -> 0 | CN21: =IF(O21=1,ROUND($F21/$H21,0),0) -> 0 | CO21: =IF(P21=1,ROUND($F21/$H21,0),0) -> 0 | CP21: =IF(Q21=1,ROUND($F21/$H21,0),0) -> 0 | CQ21: =IF(R21=1,ROUND($F21/$H21,0),0) -> 0 | ... DG21: =IF(AH21=1,ROUND($F21/$H21,0),0) -> 0 | DH21: =SUM(CJ21:DG21) -> 6 | DI21: =DH21-F21 -> 0 | DK21: =DL21=H21 -> FALSE | DL21: =SUM(DM21:EJ21) -> 0 | EL21: =DM21=K21 -> TRUE | EM21: =DN21=L21 -> TRUE | EN21: =DO21=M21 -> TRUE | EO21: =DP21=N21 -> TRUE | EP21: =DQ21=O21 -> TRUE | EQ21: =DR21=P21 -> TRUE | ER21: =DS21=Q21 -> TRUE | ES21: =DT21=R21 -> TRUE | ... FI21: =EJ21=AH21 -> TRUE | FJ21: =COUNTIF(EL21:FI21,FALSE) -> 1
A22: 0003-2-OP1-43 | B22: SUGITY CREATIVES | C22: OP1 | D22: P | E22: =A22&"-"&D22 -> 0003-2-OP1-43-P | F22: 36 | G22: 2.450994 | H22: =VLOOKUP(A22,'Pivot 1'!$A$5:$H$251,8,0) -> 4 | I22: Direct | J22: =SUM(K22:AH22) -> 4 | K22: 0 | L22: 0 | M22: 0 | N22: 0 | O22: 0 | P22: 1 | Q22: 0 | R22: 0 | S22: 0 | T22: 0 | U22: 0 | V22: 1 | W22: 0 | X22: 0 | Y22: 0 | Z22: 0 | AA22: 0 | AB22: 1 | AC22: 0 | AD22: 0 | AE22: 0 | AF22: 0 | AG22: 0 | AH22: 1 | AI22: =J22=H22 -> TRUE | AK22: =IF($I22="Direct",IF(K22=1,ROUNDUP($G22/$H22,0),IF($I22="Unpacking",IF($K22=0,ROUNDUP($G22/$H22,0)),0)),0) -> 0 | AL22: =IF($I22="Direct",IF(L22=1,ROUNDUP($G22/$H22,0),IF($I22="Unpacking",IF($K22=0,ROUNDUP($G22/$H22,0)),0)),0) -> 0 | AM22: =IF($I22="Direct",IF(M22=1,ROUNDUP($G22/$H22,0),IF($I22="Unpacking",IF($K22=0,ROUNDUP($G22/$H22,0)),0)),0) -> 0 | AN22: =IF($I22="Direct",IF(N22=1,ROUNDUP($G22/$H22,0),IF($I22="Unpacking",IF($K22=0,ROUNDUP($G22/$H22,0)),0)),0) -> 0 | AO22: =IF($I22="Direct",IF(O22=1,ROUNDUP($G22/$H22,0),IF($I22="Unpacking",IF($K22=0,ROUNDUP($G22/$H22,0)),0)),0) -> 0 | AP22: =IF($I22="Direct",IF(P22=1,ROUNDUP($G22/$H22,0),IF($I22="Unpacking",IF($K22=0,ROUNDUP($G22/$H22,0)),0)),0) -> 1 | AQ22: =IF($I22="Direct",IF(Q22=1,ROUNDUP($G22/$H22,0),IF($I22="Unpacking",IF($K22=0,ROUNDUP($G22/$H22,0)),0)),0) -> 0 | AR22: =IF($I22="Direct",IF(R22=1,ROUNDUP($G22/$H22,0),IF($I22="Unpacking",IF($K22=0,ROUNDUP($G22/$H22,0)),0)),0) -> 0 | ... BH22: =IF($I22="Direct",IF(AH22=1,ROUNDUP($G22/$H22,0),IF($I22="Unpacking",IF($K22=0,ROUNDUP($G22/$H22,0)),0)),0) -> 1 | BJ22: =MAX(BK22:CH22) -> 0.6127485 | BK22: =IF(K22=1,$G22/$H22,0) -> 0 | BL22: =IF(L22=1,$G22/$H22,0) -> 0 | BM22: =IF(M22=1,$G22/$H22,0) -> 0 | BN22: =IF(N22=1,$G22/$H22,0) -> 0 | BO22: =IF(O22=1,$G22/$H22,0) -> 0 | BP22: =IF(P22=1,$G22/$H22,0) -> 0.6127485 | BQ22: =IF(Q22=1,$G22/$H22,0) -> 0 | BR22: =IF(R22=1,$G22/$H22,0) -> 0 | ... CH22: =IF(AH22=1,$G22/$H22,0) -> 0.6127485 | CJ22: =IF(K22=1,ROUND($F22/$H22,0),0) -> 0 | CK22: =IF(L22=1,ROUND($F22/$H22,0),0) -> 0 | CL22: =IF(M22=1,ROUND($F22/$H22,0),0) -> 0 | CM22: =IF(N22=1,ROUND($F22/$H22,0),0) -> 0 | CN22: =IF(O22=1,ROUND($F22/$H22,0),0) -> 0 | CO22: =IF(P22=1,ROUND($F22/$H22,0),0) -> 9 | CP22: =IF(Q22=1,ROUND($F22/$H22,0),0) -> 0 | CQ22: =IF(R22=1,ROUND($F22/$H22,0),0) -> 0 | ... DG22: =IF(AH22=1,ROUND($F22/$H22,0),0) -> 9 | DH22: =SUM(CJ22:DG22) -> 36 | DI22: =DH22-F22 -> 0 | DK22: =DL22=H22 -> FALSE | DL22: =SUM(DM22:EJ22) -> 0 | EL22: =DM22=K22 -> TRUE | EM22: =DN22=L22 -> TRUE | EN22: =DO22=M22 -> TRUE | EO22: =DP22=N22 -> TRUE | EP22: =DQ22=O22 -> TRUE | EQ22: =DR22=P22 -> FALSE | ER22: =DS22=Q22 -> TRUE | ES22: =DT22=R22 -> TRUE | ... FI22: =EJ22=AH22 -> FALSE | FJ22: =COUNTIF(EL22:FI22,FALSE) -> 4
A23: 0003-3-IP1-43 | B23: SUGITY CREATIVES | C23: IP1 | D23: I | E23: =A23&"-"&D23 -> 0003-3-IP1-43-I | F23: 83 | G23: 5.4490849 | H23: =VLOOKUP(A23,'Pivot 1'!$A$5:$H$251,8,0) -> 6 | I23: Direct | J23: =SUM(K23:AH23) -> 6 | K23: 0 | L23: 0 | M23: 1 | N23: 0 | O23: 0 | P23: 0 | Q23: 1 | R23: 0 | S23: 0 | T23: 0 | U23: 1 | V23: 0 | W23: 0 | X23: 0 | Y23: 1 | Z23: 0 | AA23: 0 | AB23: 0 | AC23: 1 | AD23: 0 | AE23: 0 | AF23: 0 | AG23: 1 | AH23: 0 | AI23: =J23=H23 -> TRUE | AK23: =IF($I23="Direct",IF(K23=1,ROUNDUP($G23/$H23,0),IF($I23="Unpacking",IF($K23=0,ROUNDUP($G23/$H23,0)),0)),0) -> 0 | AL23: =IF($I23="Direct",IF(L23=1,ROUNDUP($G23/$H23,0),IF($I23="Unpacking",IF($K23=0,ROUNDUP($G23/$H23,0)),0)),0) -> 0 | AM23: =IF($I23="Direct",IF(M23=1,ROUNDUP($G23/$H23,0),IF($I23="Unpacking",IF($K23=0,ROUNDUP($G23/$H23,0)),0)),0) -> 1 | AN23: =IF($I23="Direct",IF(N23=1,ROUNDUP($G23/$H23,0),IF($I23="Unpacking",IF($K23=0,ROUNDUP($G23/$H23,0)),0)),0) -> 0 | AO23: =IF($I23="Direct",IF(O23=1,ROUNDUP($G23/$H23,0),IF($I23="Unpacking",IF($K23=0,ROUNDUP($G23/$H23,0)),0)),0) -> 0 | AP23: =IF($I23="Direct",IF(P23=1,ROUNDUP($G23/$H23,0),IF($I23="Unpacking",IF($K23=0,ROUNDUP($G23/$H23,0)),0)),0) -> 0 | AQ23: =IF($I23="Direct",IF(Q23=1,ROUNDUP($G23/$H23,0),IF($I23="Unpacking",IF($K23=0,ROUNDUP($G23/$H23,0)),0)),0) -> 1 | AR23: =IF($I23="Direct",IF(R23=1,ROUNDUP($G23/$H23,0),IF($I23="Unpacking",IF($K23=0,ROUNDUP($G23/$H23,0)),0)),0) -> 0 | ... BH23: =IF($I23="Direct",IF(AH23=1,ROUNDUP($G23/$H23,0),IF($I23="Unpacking",IF($K23=0,ROUNDUP($G23/$H23,0)),0)),0) -> 0 | BJ23: =MAX(BK23:CH23) -> 0.90818081 | BK23: =IF(K23=1,$G23/$H23,0) -> 0 | BL23: =IF(L23=1,$G23/$H23,0) -> 0 | BM23: =IF(M23=1,$G23/$H23,0) -> 0.90818081 | BN23: =IF(N23=1,$G23/$H23,0) -> 0 | BO23: =IF(O23=1,$G23/$H23,0) -> 0 | BP23: =IF(P23=1,$G23/$H23,0) -> 0 | BQ23: =IF(Q23=1,$G23/$H23,0) -> 0.90818081 | BR23: =IF(R23=1,$G23/$H23,0) -> 0 | ... CH23: =IF(AH23=1,$G23/$H23,0) -> 0 | CJ23: =IF(K23=1,ROUND($F23/$H23,0),0) -> 0 | CK23: =IF(L23=1,ROUND($F23/$H23,0),0) -> 0 | CL23: =IF(M23=1,ROUND($F23/$H23,0),0) -> 14 | CM23: =IF(N23=1,ROUND($F23/$H23,0),0) -> 0 | CN23: =IF(O23=1,ROUND($F23/$H23,0),0) -> 0 | CO23: =IF(P23=1,ROUND($F23/$H23,0),0) -> 0 | CP23: =IF(Q23=1,ROUND($F23/$H23,0),0) -> 14 | CQ23: =IF(R23=1,ROUND($F23/$H23,0),0) -> 0 | ... DG23: =IF(AH23=1,ROUND($F23/$H23,0),0) -> 0 | DH23: =SUM(CJ23:DG23) -> 84 | DI23: =DH23-F23 -> 1 | DK23: =DL23=H23 -> FALSE | DL23: =SUM(DM23:EJ23) -> 0 | EL23: =DM23=K23 -> TRUE | EM23: =DN23=L23 -> TRUE | EN23: =DO23=M23 -> FALSE | EO23: =DP23=N23 -> TRUE | EP23: =DQ23=O23 -> TRUE | EQ23: =DR23=P23 -> TRUE | ER23: =DS23=Q23 -> FALSE | ES23: =DT23=R23 -> TRUE | ... FI23: =EJ23=AH23 -> TRUE | FJ23: =COUNTIF(EL23:FI23,FALSE) -> 6
A24: 0003-3-IP1-43 | B24: SUGITY CREATIVES | C24: IP1 | D24: O | E24: =A24&"-"&D24 -> 0003-3-IP1-43-O | F24: 5 | G24: 0.057795875 | H24: =VLOOKUP(A24,'Pivot 1'!$A$5:$H$251,8,0) -> 6 | I24: Sorting | J24: =SUM(K24:AH24) -> 6 | K24: 0 | L24: 0 | M24: 1 | N24: 0 | O24: 0 | P24: 0 | Q24: 1 | R24: 0 | S24: 0 | T24: 0 | U24: 1 | V24: 0 | W24: 0 | X24: 0 | Y24: 1 | Z24: 0 | AA24: 0 | AB24: 0 | AC24: 1 | AD24: 0 | AE24: 0 | AF24: 0 | AG24: 1 | AH24: 0 | AI24: =J24=H24 -> TRUE | AK24: =IF($I24="Direct",IF(K24=1,ROUNDUP($G24/$H24,0),IF($I24="Unpacking",IF($K24=0,ROUNDUP($G24/$H24,0)),0)),0) -> 0 | AL24: =IF($I24="Direct",IF(L24=1,ROUNDUP($G24/$H24,0),IF($I24="Unpacking",IF($K24=0,ROUNDUP($G24/$H24,0)),0)),0) -> 0 | AM24: =IF($I24="Direct",IF(M24=1,ROUNDUP($G24/$H24,0),IF($I24="Unpacking",IF($K24=0,ROUNDUP($G24/$H24,0)),0)),0) -> 0 | AN24: =IF($I24="Direct",IF(N24=1,ROUNDUP($G24/$H24,0),IF($I24="Unpacking",IF($K24=0,ROUNDUP($G24/$H24,0)),0)),0) -> 0 | AO24: =IF($I24="Direct",IF(O24=1,ROUNDUP($G24/$H24,0),IF($I24="Unpacking",IF($K24=0,ROUNDUP($G24/$H24,0)),0)),0) -> 0 | AP24: =IF($I24="Direct",IF(P24=1,ROUNDUP($G24/$H24,0),IF($I24="Unpacking",IF($K24=0,ROUNDUP($G24/$H24,0)),0)),0) -> 0 | AQ24: =IF($I24="Direct",IF(Q24=1,ROUNDUP($G24/$H24,0),IF($I24="Unpacking",IF($K24=0,ROUNDUP($G24/$H24,0)),0)),0) -> 0 | AR24: =IF($I24="Direct",IF(R24=1,ROUNDUP($G24/$H24,0),IF($I24="Unpacking",IF($K24=0,ROUNDUP($G24/$H24,0)),0)),0) -> 0 | ... BH24: =IF($I24="Direct",IF(AH24=1,ROUNDUP($G24/$H24,0),IF($I24="Unpacking",IF($K24=0,ROUNDUP($G24/$H24,0)),0)),0) -> 0 | BJ24: =MAX(BK24:CH24) -> 0.0096326458 | BK24: =IF(K24=1,$G24/$H24,0) -> 0 | BL24: =IF(L24=1,$G24/$H24,0) -> 0 | BM24: =IF(M24=1,$G24/$H24,0) -> 0.0096326458 | BN24: =IF(N24=1,$G24/$H24,0) -> 0 | BO24: =IF(O24=1,$G24/$H24,0) -> 0 | BP24: =IF(P24=1,$G24/$H24,0) -> 0 | BQ24: =IF(Q24=1,$G24/$H24,0) -> 0.0096326458 | BR24: =IF(R24=1,$G24/$H24,0) -> 0 | ... CH24: =IF(AH24=1,$G24/$H24,0) -> 0 | CJ24: =IF(K24=1,ROUND($F24/$H24,0),0) -> 0 | CK24: =IF(L24=1,ROUND($F24/$H24,0),0) -> 0 | CL24: =IF(M24=1,ROUND($F24/$H24,0),0) -> 1 | CM24: =IF(N24=1,ROUND($F24/$H24,0),0) -> 0 | CN24: =IF(O24=1,ROUND($F24/$H24,0),0) -> 0 | CO24: =IF(P24=1,ROUND($F24/$H24,0),0) -> 0 | CP24: =IF(Q24=1,ROUND($F24/$H24,0),0) -> 1 | CQ24: =IF(R24=1,ROUND($F24/$H24,0),0) -> 0 | ... DG24: =IF(AH24=1,ROUND($F24/$H24,0),0) -> 0 | DH24: =SUM(CJ24:DG24) -> 6 | DI24: =DH24-F24 -> 1 | DK24: =DL24=H24 -> FALSE | DL24: =SUM(DM24:EJ24) -> 0 | EL24: =DM24=K24 -> TRUE | EM24: =DN24=L24 -> TRUE | EN24: =DO24=M24 -> FALSE | EO24: =DP24=N24 -> TRUE | EP24: =DQ24=O24 -> TRUE | EQ24: =DR24=P24 -> TRUE | ER24: =DS24=Q24 -> FALSE | ES24: =DT24=R24 -> TRUE | ... FI24: =EJ24=AH24 -> TRUE | FJ24: =COUNTIF(EL24:FI24,FALSE) -> 6
A25: 0003-3-LP1-43 | B25: SUGITY CREATIVES | C25: LP1 | D25: N | E25: =A25&"-"&D25 -> 0003-3-LP1-43-N | F25: 70 | G25: 4.5976388 | H25: =VLOOKUP(A25,'Pivot 1'!$A$5:$H$251,8,0) -> 6 | I25: Direct | J25: =SUM(K25:AH25) -> 6 | K25: 0 | L25: 1 | M25: 0 | N25: 0 | O25: 0 | P25: 1 | Q25: 0 | R25: 0 | S25: 0 | T25: 1 | U25: 0 | V25: 0 | W25: 0 | X25: 1 | Y25: 0 | Z25: 0 | AA25: 0 | AB25: 1 | AC25: 0 | AD25: 0 | AE25: 0 | AF25: 1 | AG25: 0 | AH25: 0 | AI25: =J25=H25 -> TRUE | AK25: =IF($I25="Direct",IF(K25=1,ROUNDUP($G25/$H25,0),IF($I25="Unpacking",IF($K25=0,ROUNDUP($G25/$H25,0)),0)),0) -> 0 | AL25: =IF($I25="Direct",IF(L25=1,ROUNDUP($G25/$H25,0),IF($I25="Unpacking",IF($K25=0,ROUNDUP($G25/$H25,0)),0)),0) -> 1 | AM25: =IF($I25="Direct",IF(M25=1,ROUNDUP($G25/$H25,0),IF($I25="Unpacking",IF($K25=0,ROUNDUP($G25/$H25,0)),0)),0) -> 0 | AN25: =IF($I25="Direct",IF(N25=1,ROUNDUP($G25/$H25,0),IF($I25="Unpacking",IF($K25=0,ROUNDUP($G25/$H25,0)),0)),0) -> 0 | AO25: =IF($I25="Direct",IF(O25=1,ROUNDUP($G25/$H25,0),IF($I25="Unpacking",IF($K25=0,ROUNDUP($G25/$H25,0)),0)),0) -> 0 | AP25: =IF($I25="Direct",IF(P25=1,ROUNDUP($G25/$H25,0),IF($I25="Unpacking",IF($K25=0,ROUNDUP($G25/$H25,0)),0)),0) -> 1 | AQ25: =IF($I25="Direct",IF(Q25=1,ROUNDUP($G25/$H25,0),IF($I25="Unpacking",IF($K25=0,ROUNDUP($G25/$H25,0)),0)),0) -> 0 | AR25: =IF($I25="Direct",IF(R25=1,ROUNDUP($G25/$H25,0),IF($I25="Unpacking",IF($K25=0,ROUNDUP($G25/$H25,0)),0)),0) -> 0 | ... BH25: =IF($I25="Direct",IF(AH25=1,ROUNDUP($G25/$H25,0),IF($I25="Unpacking",IF($K25=0,ROUNDUP($G25/$H25,0)),0)),0) -> 0 | BJ25: =MAX(BK25:CH25) -> 0.76627314 | BK25: =IF(K25=1,$G25/$H25,0) -> 0 | BL25: =IF(L25=1,$G25/$H25,0) -> 0.76627314 | BM25: =IF(M25=1,$G25/$H25,0) -> 0 | BN25: =IF(N25=1,$G25/$H25,0) -> 0 | BO25: =IF(O25=1,$G25/$H25,0) -> 0 | BP25: =IF(P25=1,$G25/$H25,0) -> 0.76627314 | BQ25: =IF(Q25=1,$G25/$H25,0) -> 0 | BR25: =IF(R25=1,$G25/$H25,0) -> 0 | ... CH25: =IF(AH25=1,$G25/$H25,0) -> 0 | CJ25: =IF(K25=1,ROUND($F25/$H25,0),0) -> 0 | CK25: =IF(L25=1,ROUND($F25/$H25,0),0) -> 12 | CL25: =IF(M25=1,ROUND($F25/$H25,0),0) -> 0 | CM25: =IF(N25=1,ROUND($F25/$H25,0),0) -> 0 | CN25: =IF(O25=1,ROUND($F25/$H25,0),0) -> 0 | CO25: =IF(P25=1,ROUND($F25/$H25,0),0) -> 12 | CP25: =IF(Q25=1,ROUND($F25/$H25,0),0) -> 0 | CQ25: =IF(R25=1,ROUND($F25/$H25,0),0) -> 0 | ... DG25: =IF(AH25=1,ROUND($F25/$H25,0),0) -> 0 | DH25: =SUM(CJ25:DG25) -> 72 | DI25: =DH25-F25 -> 2 | DK25: =DL25=H25 -> FALSE | DL25: =SUM(DM25:EJ25) -> 0 | EL25: =DM25=K25 -> TRUE | EM25: =DN25=L25 -> FALSE | EN25: =DO25=M25 -> TRUE | EO25: =DP25=N25 -> TRUE | EP25: =DQ25=O25 -> TRUE | EQ25: =DR25=P25 -> FALSE | ER25: =DS25=Q25 -> TRUE | ES25: =DT25=R25 -> TRUE | ... FI25: =EJ25=AH25 -> TRUE | FJ25: =COUNTIF(EL25:FI25,FALSE) -> 6
A26: 0003-3-MP1-43 | B26: SUGITY CREATIVES | C26: MP1 | D26: M | E26: =A26&"-"&D26 -> 0003-3-MP1-43-M | F26: 144 | G26: 13.480322 | H26: =VLOOKUP(A26,'Pivot 1'!$A$5:$H$251,8,0) -> 24 | I26: Direct | J26: =SUM(K26:AH26) -> 24 | K26: 1 | L26: 1 | M26: 1 | N26: 1 | O26: 1 | P26: 1 | Q26: 1 | R26: 1 | S26: 1 | T26: 1 | U26: 1 | V26: 1 | W26: 1 | X26: 1 | Y26: 1 | Z26: 1 | AA26: 1 | AB26: 1 | AC26: 1 | AD26: 1 | AE26: 1 | AF26: 1 | AG26: 1 | AH26: 1 | AI26: =J26=H26 -> TRUE | AK26: =IF($I26="Direct",IF(K26=1,ROUNDUP($G26/$H26,0),IF($I26="Unpacking",IF($K26=0,ROUNDUP($G26/$H26,0)),0)),0) -> 1 | AL26: =IF($I26="Direct",IF(L26=1,ROUNDUP($G26/$H26,0),IF($I26="Unpacking",IF($K26=0,ROUNDUP($G26/$H26,0)),0)),0) -> 1 | AM26: =IF($I26="Direct",IF(M26=1,ROUNDUP($G26/$H26,0),IF($I26="Unpacking",IF($K26=0,ROUNDUP($G26/$H26,0)),0)),0) -> 1 | AN26: =IF($I26="Direct",IF(N26=1,ROUNDUP($G26/$H26,0),IF($I26="Unpacking",IF($K26=0,ROUNDUP($G26/$H26,0)),0)),0) -> 1 | AO26: =IF($I26="Direct",IF(O26=1,ROUNDUP($G26/$H26,0),IF($I26="Unpacking",IF($K26=0,ROUNDUP($G26/$H26,0)),0)),0) -> 1 | AP26: =IF($I26="Direct",IF(P26=1,ROUNDUP($G26/$H26,0),IF($I26="Unpacking",IF($K26=0,ROUNDUP($G26/$H26,0)),0)),0) -> 1 | AQ26: =IF($I26="Direct",IF(Q26=1,ROUNDUP($G26/$H26,0),IF($I26="Unpacking",IF($K26=0,ROUNDUP($G26/$H26,0)),0)),0) -> 1 | AR26: =IF($I26="Direct",IF(R26=1,ROUNDUP($G26/$H26,0),IF($I26="Unpacking",IF($K26=0,ROUNDUP($G26/$H26,0)),0)),0) -> 1 | ... BH26: =IF($I26="Direct",IF(AH26=1,ROUNDUP($G26/$H26,0),IF($I26="Unpacking",IF($K26=0,ROUNDUP($G26/$H26,0)),0)),0) -> 1 | BJ26: =MAX(BK26:CH26) -> 0.56168009 | BK26: =IF(K26=1,$G26/$H26,0) -> 0.56168009 | BL26: =IF(L26=1,$G26/$H26,0) -> 0.56168009 | BM26: =IF(M26=1,$G26/$H26,0) -> 0.56168009 | BN26: =IF(N26=1,$G26/$H26,0) -> 0.56168009 | BO26: =IF(O26=1,$G26/$H26,0) -> 0.56168009 | BP26: =IF(P26=1,$G26/$H26,0) -> 0.56168009 | BQ26: =IF(Q26=1,$G26/$H26,0) -> 0.56168009 | BR26: =IF(R26=1,$G26/$H26,0) -> 0.56168009 | ... CH26: =IF(AH26=1,$G26/$H26,0) -> 0.56168009 | CJ26: =IF(K26=1,ROUND($F26/$H26,0),0) -> 6 | CK26: =IF(L26=1,ROUND($F26/$H26,0),0) -> 6 | CL26: =IF(M26=1,ROUND($F26/$H26,0),0) -> 6 | CM26: =IF(N26=1,ROUND($F26/$H26,0),0) -> 6 | CN26: =IF(O26=1,ROUND($F26/$H26,0),0) -> 6 | CO26: =IF(P26=1,ROUND($F26/$H26,0),0) -> 6 | CP26: =IF(Q26=1,ROUND($F26/$H26,0),0) -> 6 | CQ26: =IF(R26=1,ROUND($F26/$H26,0),0) -> 6 | ... DG26: =IF(AH26=1,ROUND($F26/$H26,0),0) -> 6 | DH26: =SUM(CJ26:DG26) -> 144 | DI26: =DH26-F26 -> 0 | DK26: =DL26=H26 -> FALSE | DL26: =SUM(DM26:EJ26) -> 0 | EL26: =DM26=K26 -> FALSE | EM26: =DN26=L26 -> FALSE | EN26: =DO26=M26 -> FALSE | EO26: =DP26=N26 -> FALSE | EP26: =DQ26=O26 -> FALSE | EQ26: =DR26=P26 -> FALSE | ER26: =DS26=Q26 -> FALSE | ES26: =DT26=R26 -> FALSE | ... FI26: =EJ26=AH26 -> FALSE | FJ26: =COUNTIF(EL26:FI26,FALSE) -> 24
A27: 0003-3-OP1-43 | B27: SUGITY CREATIVES | C27: OP1 | D27: P | E27: =A27&"-"&D27 -> 0003-3-OP1-43-P | F27: 349 | G27: 8.0651858 | H27: =VLOOKUP(A27,'Pivot 1'!$A$5:$H$251,8,0) -> 12 | I27: Direct | J27: =SUM(K27:AH27) -> 12 | K27: 1 | L27: 0 | M27: 1 | N27: 0 | O27: 1 | P27: 0 | Q27: 1 | R27: 0 | S27: 1 | T27: 0 | U27: 1 | V27: 0 | W27: 1 | X27: 0 | Y27: 1 | Z27: 0 | AA27: 1 | AB27: 0 | AC27: 1 | AD27: 0 | AE27: 1 | AF27: 0 | AG27: 1 | AH27: 0 | AI27: =J27=H27 -> FALSE | AJ27: 2 | AK27: =IF($I27="Direct",IF(K27=1,ROUNDUP($G27/$H27,0),IF($I27="Unpacking",IF($K27=0,ROUNDUP($G27/$H27,0)),0)),0) -> 1 | AL27: =IF($I27="Direct",IF(L27=1,ROUNDUP($G27/$H27,0),IF($I27="Unpacking",IF($K27=0,ROUNDUP($G27/$H27,0)),0)),0) -> 0 | AM27: =IF($I27="Direct",IF(M27=1,ROUNDUP($G27/$H27,0),IF($I27="Unpacking",IF($K27=0,ROUNDUP($G27/$H27,0)),0)),0) -> 1 | AN27: =IF($I27="Direct",IF(N27=1,ROUNDUP($G27/$H27,0),IF($I27="Unpacking",IF($K27=0,ROUNDUP($G27/$H27,0)),0)),0) -> 0 | AO27: =IF($I27="Direct",IF(O27=1,ROUNDUP($G27/$H27,0),IF($I27="Unpacking",IF($K27=0,ROUNDUP($G27/$H27,0)),0)),0) -> 1 | AP27: =IF($I27="Direct",IF(P27=1,ROUNDUP($G27/$H27,0),IF($I27="Unpacking",IF($K27=0,ROUNDUP($G27/$H27,0)),0)),0) -> 0 | AQ27: =IF($I27="Direct",IF(Q27=1,ROUNDUP($G27/$H27,0),IF($I27="Unpacking",IF($K27=0,ROUNDUP($G27/$H27,0)),0)),0) -> 1 | AR27: =IF($I27="Direct",IF(R27=1,ROUNDUP($G27/$H27,0),IF($I27="Unpacking",IF($K27=0,ROUNDUP($G27/$H27,0)),0)),0) -> 0 | ... BH27: =IF($I27="Direct",IF(AH27=1,ROUNDUP($G27/$H27,0),IF($I27="Unpacking",IF($K27=0,ROUNDUP($G27/$H27,0)),0)),0) -> 0 | BJ27: =MAX(BK27:CH27) -> 0.67209882 | BK27: =IF(K27=1,$G27/$H27,0) -> 0.67209882 | BL27: =IF(L27=1,$G27/$H27,0) -> 0 | BM27: =IF(M27=1,$G27/$H27,0) -> 0.67209882 | BN27: =IF(N27=1,$G27/$H27,0) -> 0 | BO27: =IF(O27=1,$G27/$H27,0) -> 0.67209882 | BP27: =IF(P27=1,$G27/$H27,0) -> 0 | BQ27: =IF(Q27=1,$G27/$H27,0) -> 0.67209882 | BR27: =IF(R27=1,$G27/$H27,0) -> 0 | ... CH27: =IF(AH27=1,$G27/$H27,0) -> 0 | CJ27: =IF(K27=1,ROUND($F27/$H27,0),0) -> 29 | CK27: =IF(L27=1,ROUND($F27/$H27,0),0) -> 0 | CL27: =IF(M27=1,ROUND($F27/$H27,0),0) -> 29 | CM27: =IF(N27=1,ROUND($F27/$H27,0),0) -> 0 | CN27: =IF(O27=1,ROUND($F27/$H27,0),0) -> 29 | CO27: =IF(P27=1,ROUND($F27/$H27,0),0) -> 0 | CP27: =IF(Q27=1,ROUND($F27/$H27,0),0) -> 29 | CQ27: =IF(R27=1,ROUND($F27/$H27,0),0) -> 0 | ... DG27: =IF(AH27=1,ROUND($F27/$H27,0),0) -> 0 | DH27: =SUM(CJ27:DG27) -> 348 | DI27: =DH27-F27 -> -1 | DK27: =DL27=H27 -> FALSE | DL27: =SUM(DM27:EJ27) -> 0 | EL27: =DM27=K27 -> FALSE | EM27: =DN27=L27 -> TRUE | EN27: =DO27=M27 -> FALSE | EO27: =DP27=N27 -> TRUE | EP27: =DQ27=O27 -> FALSE | EQ27: =DR27=P27 -> TRUE | ER27: =DS27=Q27 -> FALSE | ES27: =DT27=R27 -> TRUE | ... FI27: =EJ27=AH27 -> TRUE | FJ27: =COUNTIF(EL27:FI27,FALSE) -> 12
A28: 0003-5-GP1-43 | B28: SUGITY CREATIVES | C28: GP1 | D28: H | E28: =A28&"-"&D28 -> 0003-5-GP1-43-H | F28: 223 | G28: 6.1410274 | H28: =VLOOKUP(A28,'Pivot 1'!$A$5:$H$251,8,0) -> 8 | I28: Direct | J28: =SUM(K28:AH28) -> 8 | K28: 1 | L28: 0 | M28: 0 | N28: 1 | O28: 0 | P28: 0 | Q28: 1 | R28: 0 | S28: 0 | T28: 1 | U28: 0 | V28: 0 | W28: 1 | X28: 0 | Y28: 0 | Z28: 1 | AA28: 0 | AB28: 0 | AC28: 1 | AD28: 0 | AE28: 0 | AF28: 1 | AG28: 0 | AH28: 0 | AI28: =J28=H28 -> FALSE | AK28: =IF($I28="Direct",IF(K28=1,ROUNDUP($G28/$H28,0),IF($I28="Unpacking",IF($K28=0,ROUNDUP($G28/$H28,0)),0)),0) -> 1 | AL28: =IF($I28="Direct",IF(L28=1,ROUNDUP($G28/$H28,0),IF($I28="Unpacking",IF($K28=0,ROUNDUP($G28/$H28,0)),0)),0) -> 0 | AM28: =IF($I28="Direct",IF(M28=1,ROUNDUP($G28/$H28,0),IF($I28="Unpacking",IF($K28=0,ROUNDUP($G28/$H28,0)),0)),0) -> 0 | AN28: =IF($I28="Direct",IF(N28=1,ROUNDUP($G28/$H28,0),IF($I28="Unpacking",IF($K28=0,ROUNDUP($G28/$H28,0)),0)),0) -> 1 | AO28: =IF($I28="Direct",IF(O28=1,ROUNDUP($G28/$H28,0),IF($I28="Unpacking",IF($K28=0,ROUNDUP($G28/$H28,0)),0)),0) -> 0 | AP28: =IF($I28="Direct",IF(P28=1,ROUNDUP($G28/$H28,0),IF($I28="Unpacking",IF($K28=0,ROUNDUP($G28/$H28,0)),0)),0) -> 0 | AQ28: =IF($I28="Direct",IF(Q28=1,ROUNDUP($G28/$H28,0),IF($I28="Unpacking",IF($K28=0,ROUNDUP($G28/$H28,0)),0)),0) -> 1 | AR28: =IF($I28="Direct",IF(R28=1,ROUNDUP($G28/$H28,0),IF($I28="Unpacking",IF($K28=0,ROUNDUP($G28/$H28,0)),0)),0) -> 0 | ... BH28: =IF($I28="Direct",IF(AH28=1,ROUNDUP($G28/$H28,0),IF($I28="Unpacking",IF($K28=0,ROUNDUP($G28/$H28,0)),0)),0) -> 0 | BJ28: =MAX(BK28:CH28) -> 0.76762842 | BK28: =IF(K28=1,$G28/$H28,0) -> 0.76762842 | BL28: =IF(L28=1,$G28/$H28,0) -> 0 | BM28: =IF(M28=1,$G28/$H28,0) -> 0 | BN28: =IF(N28=1,$G28/$H28,0) -> 0.76762842 | BO28: =IF(O28=1,$G28/$H28,0) -> 0 | BP28: =IF(P28=1,$G28/$H28,0) -> 0 | BQ28: =IF(Q28=1,$G28/$H28,0) -> 0.76762842 | BR28: =IF(R28=1,$G28/$H28,0) -> 0 | ... CH28: =IF(AH28=1,$G28/$H28,0) -> 0 | CJ28: =IF(K28=1,ROUND($F28/$H28,0),0) -> 28 | CK28: =IF(L28=1,ROUND($F28/$H28,0),0) -> 0 | CL28: =IF(M28=1,ROUND($F28/$H28,0),0) -> 0 | CM28: =IF(N28=1,ROUND($F28/$H28,0),0) -> 28 | CN28: =IF(O28=1,ROUND($F28/$H28,0),0) -> 0 | CO28: =IF(P28=1,ROUND($F28/$H28,0),0) -> 0 | CP28: =IF(Q28=1,ROUND($F28/$H28,0),0) -> 28 | CQ28: =IF(R28=1,ROUND($F28/$H28,0),0) -> 0 | ... DG28: =IF(AH28=1,ROUND($F28/$H28,0),0) -> 0 | DH28: =SUM(CJ28:DG28) -> 224 | DI28: =DH28-F28 -> 1 | DK28: =DL28=H28 -> FALSE | DL28: =SUM(DM28:EJ28) -> 0 | EL28: =DM28=K28 -> FALSE | EM28: =DN28=L28 -> TRUE | EN28: =DO28=M28 -> TRUE | EO28: =DP28=N28 -> FALSE | EP28: =DQ28=O28 -> TRUE | EQ28: =DR28=P28 -> TRUE | ER28: =DS28=Q28 -> FALSE | ES28: =DT28=R28 -> TRUE | ... FI28: =EJ28=AH28 -> TRUE | FJ28: =COUNTIF(EL28:FI28,FALSE) -> 8
A29: 0003-5-HP1-43 | B29: SUGITY CREATIVES | C29: HP1 | D29: U | E29: =A29&"-"&D29 -> 0003-5-HP1-43-U | F29: 52 | G29: 2.275923 | H29: =VLOOKUP(A29,'Pivot 1'!$A$5:$H$251,8,0) -> 4 | I29: Direct | J29: =SUM(K29:AH29) -> 4 | K29: 0 | L29: 1 | M29: 0 | N29: 0 | O29: 0 | P29: 0 | Q29: 0 | R29: 1 | S29: 0 | T29: 0 | U29: 0 | V29: 0 | W29: 0 | X29: 1 | Y29: 0 | Z29: 0 | AA29: 0 | AB29: 0 | AC29: 0 | AD29: 1 | AE29: 0 | AF29: 0 | AG29: 0 | AH29: 0 | AI29: =J29=H29 -> FALSE | AK29: =IF($I29="Direct",IF(K29=1,ROUNDUP($G29/$H29,0),IF($I29="Unpacking",IF($K29=0,ROUNDUP($G29/$H29,0)),0)),0) -> 0 | AL29: =IF($I29="Direct",IF(L29=1,ROUNDUP($G29/$H29,0),IF($I29="Unpacking",IF($K29=0,ROUNDUP($G29/$H29,0)),0)),0) -> 1 | AM29: =IF($I29="Direct",IF(M29=1,ROUNDUP($G29/$H29,0),IF($I29="Unpacking",IF($K29=0,ROUNDUP($G29/$H29,0)),0)),0) -> 0 | AN29: =IF($I29="Direct",IF(N29=1,ROUNDUP($G29/$H29,0),IF($I29="Unpacking",IF($K29=0,ROUNDUP($G29/$H29,0)),0)),0) -> 0 | AO29: =IF($I29="Direct",IF(O29=1,ROUNDUP($G29/$H29,0),IF($I29="Unpacking",IF($K29=0,ROUNDUP($G29/$H29,0)),0)),0) -> 0 | AP29: =IF($I29="Direct",IF(P29=1,ROUNDUP($G29/$H29,0),IF($I29="Unpacking",IF($K29=0,ROUNDUP($G29/$H29,0)),0)),0) -> 0 | AQ29: =IF($I29="Direct",IF(Q29=1,ROUNDUP($G29/$H29,0),IF($I29="Unpacking",IF($K29=0,ROUNDUP($G29/$H29,0)),0)),0) -> 0 | AR29: =IF($I29="Direct",IF(R29=1,ROUNDUP($G29/$H29,0),IF($I29="Unpacking",IF($K29=0,ROUNDUP($G29/$H29,0)),0)),0) -> 1 | ... BH29: =IF($I29="Direct",IF(AH29=1,ROUNDUP($G29/$H29,0),IF($I29="Unpacking",IF($K29=0,ROUNDUP($G29/$H29,0)),0)),0) -> 0 | BJ29: =MAX(BK29:CH29) -> 0.56898075 | BK29: =IF(K29=1,$G29/$H29,0) -> 0 | BL29: =IF(L29=1,$G29/$H29,0) -> 0.56898075 | BM29: =IF(M29=1,$G29/$H29,0) -> 0 | BN29: =IF(N29=1,$G29/$H29,0) -> 0 | BO29: =IF(O29=1,$G29/$H29,0) -> 0 | BP29: =IF(P29=1,$G29/$H29,0) -> 0 | BQ29: =IF(Q29=1,$G29/$H29,0) -> 0 | BR29: =IF(R29=1,$G29/$H29,0) -> 0.56898075 | ... CH29: =IF(AH29=1,$G29/$H29,0) -> 0 | CJ29: =IF(K29=1,ROUND($F29/$H29,0),0) -> 0 | CK29: =IF(L29=1,ROUND($F29/$H29,0),0) -> 13 | CL29: =IF(M29=1,ROUND($F29/$H29,0),0) -> 0 | CM29: =IF(N29=1,ROUND($F29/$H29,0),0) -> 0 | CN29: =IF(O29=1,ROUND($F29/$H29,0),0) -> 0 | CO29: =IF(P29=1,ROUND($F29/$H29,0),0) -> 0 | CP29: =IF(Q29=1,ROUND($F29/$H29,0),0) -> 0 | CQ29: =IF(R29=1,ROUND($F29/$H29,0),0) -> 13 | ... DG29: =IF(AH29=1,ROUND($F29/$H29,0),0) -> 0 | DH29: =SUM(CJ29:DG29) -> 52 | DI29: =DH29-F29 -> 0 | DK29: =DL29=H29 -> FALSE | DL29: =SUM(DM29:EJ29) -> 0 | EL29: =DM29=K29 -> TRUE | EM29: =DN29=L29 -> FALSE | EN29: =DO29=M29 -> TRUE | EO29: =DP29=N29 -> TRUE | EP29: =DQ29=O29 -> TRUE | EQ29: =DR29=P29 -> TRUE | ER29: =DS29=Q29 -> TRUE | ES29: =DT29=R29 -> FALSE | ... FI29: =EJ29=AH29 -> TRUE | FJ29: =COUNTIF(EL29:FI29,FALSE) -> 4
A30: 0003-5-JP1-43 | B30: SUGITY CREATIVES | C30: JP1 | D30: N | E30: =A30&"-"&D30 -> 0003-5-JP1-43-N | F30: 159 | G30: 13.037403 | H30: =VLOOKUP(A30,'Pivot 1'!$A$5:$H$251,8,0) -> 24 | I30: Direct | J30: =SUM(K30:AH30) -> 24 | K30: 1 | L30: 1 | M30: 1 | N30: 1 | O30: 1 | P30: 1 | Q30: 1 | R30: 1 | S30: 1 | T30: 1 | U30: 1 | V30: 1 | W30: 1 | X30: 1 | Y30: 1 | Z30: 1 | AA30: 1 | AB30: 1 | AC30: 1 | AD30: 1 | AE30: 1 | AF30: 1 | AG30: 1 | AH30: 1 | AI30: =J30=H30 -> FALSE | AJ30: 1 | AK30: =IF($I30="Direct",IF(K30=1,ROUNDUP($G30/$H30,0),IF($I30="Unpacking",IF($K30=0,ROUNDUP($G30/$H30,0)),0)),0) -> 1 | AL30: =IF($I30="Direct",IF(L30=1,ROUNDUP($G30/$H30,0),IF($I30="Unpacking",IF($K30=0,ROUNDUP($G30/$H30,0)),0)),0) -> 1 | AM30: =IF($I30="Direct",IF(M30=1,ROUNDUP($G30/$H30,0),IF($I30="Unpacking",IF($K30=0,ROUNDUP($G30/$H30,0)),0)),0) -> 1 | AN30: =IF($I30="Direct",IF(N30=1,ROUNDUP($G30/$H30,0),IF($I30="Unpacking",IF($K30=0,ROUNDUP($G30/$H30,0)),0)),0) -> 1 | AO30: =IF($I30="Direct",IF(O30=1,ROUNDUP($G30/$H30,0),IF($I30="Unpacking",IF($K30=0,ROUNDUP($G30/$H30,0)),0)),0) -> 1 | AP30: =IF($I30="Direct",IF(P30=1,ROUNDUP($G30/$H30,0),IF($I30="Unpacking",IF($K30=0,ROUNDUP($G30/$H30,0)),0)),0) -> 1 | AQ30: =IF($I30="Direct",IF(Q30=1,ROUNDUP($G30/$H30,0),IF($I30="Unpacking",IF($K30=0,ROUNDUP($G30/$H30,0)),0)),0) -> 1 | AR30: =IF($I30="Direct",IF(R30=1,ROUNDUP($G30/$H30,0),IF($I30="Unpacking",IF($K30=0,ROUNDUP($G30/$H30,0)),0)),0) -> 1 | ... BH30: =IF($I30="Direct",IF(AH30=1,ROUNDUP($G30/$H30,0),IF($I30="Unpacking",IF($K30=0,ROUNDUP($G30/$H30,0)),0)),0) -> 1 | BJ30: =MAX(BK30:CH30) -> 0.54322511 | BK30: =IF(K30=1,$G30/$H30,0) -> 0.54322511 | BL30: =IF(L30=1,$G30/$H30,0) -> 0.54322511 | BM30: =IF(M30=1,$G30/$H30,0) -> 0.54322511 | BN30: =IF(N30=1,$G30/$H30,0) -> 0.54322511 | BO30: =IF(O30=1,$G30/$H30,0) -> 0.54322511 | BP30: =IF(P30=1,$G30/$H30,0) -> 0.54322511 | BQ30: =IF(Q30=1,$G30/$H30,0) -> 0.54322511 | BR30: =IF(R30=1,$G30/$H30,0) -> 0.54322511 | ... CH30: =IF(AH30=1,$G30/$H30,0) -> 0.54322511 | CJ30: =IF(K30=1,ROUND($F30/$H30,0),0) -> 7 | CK30: =IF(L30=1,ROUND($F30/$H30,0),0) -> 7 | CL30: =IF(M30=1,ROUND($F30/$H30,0),0) -> 7 | CM30: =IF(N30=1,ROUND($F30/$H30,0),0) -> 7 | CN30: =IF(O30=1,ROUND($F30/$H30,0),0) -> 7 | CO30: =IF(P30=1,ROUND($F30/$H30,0),0) -> 7 | CP30: =IF(Q30=1,ROUND($F30/$H30,0),0) -> 7 | CQ30: =IF(R30=1,ROUND($F30/$H30,0),0) -> 7 | ... DG30: =IF(AH30=1,ROUND($F30/$H30,0),0) -> 7 | DH30: =SUM(CJ30:DG30) -> 168 | DI30: =DH30-F30 -> 9 | DK30: =DL30=H30 -> FALSE | DL30: =SUM(DM30:EJ30) -> 0 | EL30: =DM30=K30 -> FALSE | EM30: =DN30=L30 -> FALSE | EN30: =DO30=M30 -> FALSE | EO30: =DP30=N30 -> FALSE | EP30: =DQ30=O30 -> FALSE | EQ30: =DR30=P30 -> FALSE | ER30: =DS30=Q30 -> FALSE | ES30: =DT30=R30 -> FALSE | ... FI30: =EJ30=AH30 -> FALSE | FJ30: =COUNTIF(EL30:FI30,FALSE) -> 24
A31: 0003-5-LP1-43 | B31: SUGITY CREATIVES | C31: LP1 | D31: N | E31: =A31&"-"&D31 -> 0003-5-LP1-43-N | F31: 313 | G31: 10.503982 | H31: =VLOOKUP(A31,'Pivot 1'!$A$5:$H$251,8,0) -> 12 | I31: Direct | J31: =SUM(K31:AH31) -> 12 | K31: 0 | L31: 1 | M31: 0 | N31: 1 | O31: 0 | P31: 1 | Q31: 0 | R31: 1 | S31: 0 | T31: 1 | U31: 0 | V31: 1 | W31: 0 | X31: 1 | Y31: 0 | Z31: 1 | AA31: 0 | AB31: 1 | AC31: 0 | AD31: 1 | AE31: 0 | AF31: 1 | AG31: 0 | AH31: 1 | AI31: =J31=H31 -> TRUE | AK31: =IF($I31="Direct",IF(K31=1,ROUNDUP($G31/$H31,0),IF($I31="Unpacking",IF($K31=0,ROUNDUP($G31/$H31,0)),0)),0) -> 0 | AL31: =IF($I31="Direct",IF(L31=1,ROUNDUP($G31/$H31,0),IF($I31="Unpacking",IF($K31=0,ROUNDUP($G31/$H31,0)),0)),0) -> 1 | AM31: =IF($I31="Direct",IF(M31=1,ROUNDUP($G31/$H31,0),IF($I31="Unpacking",IF($K31=0,ROUNDUP($G31/$H31,0)),0)),0) -> 0 | AN31: =IF($I31="Direct",IF(N31=1,ROUNDUP($G31/$H31,0),IF($I31="Unpacking",IF($K31=0,ROUNDUP($G31/$H31,0)),0)),0) -> 1 | AO31: =IF($I31="Direct",IF(O31=1,ROUNDUP($G31/$H31,0),IF($I31="Unpacking",IF($K31=0,ROUNDUP($G31/$H31,0)),0)),0) -> 0 | AP31: =IF($I31="Direct",IF(P31=1,ROUNDUP($G31/$H31,0),IF($I31="Unpacking",IF($K31=0,ROUNDUP($G31/$H31,0)),0)),0) -> 1 | AQ31: =IF($I31="Direct",IF(Q31=1,ROUNDUP($G31/$H31,0),IF($I31="Unpacking",IF($K31=0,ROUNDUP($G31/$H31,0)),0)),0) -> 0 | AR31: =IF($I31="Direct",IF(R31=1,ROUNDUP($G31/$H31,0),IF($I31="Unpacking",IF($K31=0,ROUNDUP($G31/$H31,0)),0)),0) -> 1 | ... BH31: =IF($I31="Direct",IF(AH31=1,ROUNDUP($G31/$H31,0),IF($I31="Unpacking",IF($K31=0,ROUNDUP($G31/$H31,0)),0)),0) -> 1 | BJ31: =MAX(BK31:CH31) -> 0.87533185 | BK31: =IF(K31=1,$G31/$H31,0) -> 0 | BL31: =IF(L31=1,$G31/$H31,0) -> 0.87533185 | BM31: =IF(M31=1,$G31/$H31,0) -> 0 | BN31: =IF(N31=1,$G31/$H31,0) -> 0.87533185 | BO31: =IF(O31=1,$G31/$H31,0) -> 0 | BP31: =IF(P31=1,$G31/$H31,0) -> 0.87533185 | BQ31: =IF(Q31=1,$G31/$H31,0) -> 0 | BR31: =IF(R31=1,$G31/$H31,0) -> 0.87533185 | ... CH31: =IF(AH31=1,$G31/$H31,0) -> 0.87533185 | CJ31: =IF(K31=1,ROUND($F31/$H31,0),0) -> 0 | CK31: =IF(L31=1,ROUND($F31/$H31,0),0) -> 26 | CL31: =IF(M31=1,ROUND($F31/$H31,0),0) -> 0 | CM31: =IF(N31=1,ROUND($F31/$H31,0),0) -> 26 | CN31: =IF(O31=1,ROUND($F31/$H31,0),0) -> 0 | CO31: =IF(P31=1,ROUND($F31/$H31,0),0) -> 26 | CP31: =IF(Q31=1,ROUND($F31/$H31,0),0) -> 0 | CQ31: =IF(R31=1,ROUND($F31/$H31,0),0) -> 26 | ... DG31: =IF(AH31=1,ROUND($F31/$H31,0),0) -> 26 | DH31: =SUM(CJ31:DG31) -> 312 | DI31: =DH31-F31 -> -1 | DK31: =DL31=H31 -> FALSE | DL31: =SUM(DM31:EJ31) -> 0 | EL31: =DM31=K31 -> TRUE | EM31: =DN31=L31 -> FALSE | EN31: =DO31=M31 -> TRUE | EO31: =DP31=N31 -> FALSE | EP31: =DQ31=O31 -> TRUE | EQ31: =DR31=P31 -> FALSE | ER31: =DS31=Q31 -> TRUE | ES31: =DT31=R31 -> FALSE | ... FI31: =EJ31=AH31 -> FALSE | FJ31: =COUNTIF(EL31:FI31,FALSE) -> 12
A32: 0003-8-HP1-43 | B32: SUGITY CREATIVES | C32: HP1 | D32: O | E32: =A32&"-"&D32 -> 0003-8-HP1-43-O | F32: 4 | G32: 0.0462367 | H32: =VLOOKUP(A32,'Pivot 1'!$A$5:$H$251,8,0) -> 1 | I32: Direct | J32: =SUM(K32:AH32) -> 1 | K32: 0 | L32: 0 | M32: 0 | N32: 0 | O32: 0 | P32: 0 | Q32: 0 | R32: 0 | S32: 0 | T32: 0 | U32: 0 | V32: 0 | W32: 0 | X32: 0 | Y32: 0 | Z32: 0 | AA32: 0 | AB32: 0 | AC32: 0 | AD32: 1 | AE32: 0 | AF32: 0 | AG32: 0 | AH32: 0 | AI32: =J32=H32 -> FALSE | AK32: =IF($I32="Direct",IF(K32=1,ROUNDUP($G32/$H32,0),IF($I32="Unpacking",IF($K32=0,ROUNDUP($G32/$H32,0)),0)),0) -> 0 | AL32: =IF($I32="Direct",IF(L32=1,ROUNDUP($G32/$H32,0),IF($I32="Unpacking",IF($K32=0,ROUNDUP($G32/$H32,0)),0)),0) -> 0 | AM32: =IF($I32="Direct",IF(M32=1,ROUNDUP($G32/$H32,0),IF($I32="Unpacking",IF($K32=0,ROUNDUP($G32/$H32,0)),0)),0) -> 0 | AN32: =IF($I32="Direct",IF(N32=1,ROUNDUP($G32/$H32,0),IF($I32="Unpacking",IF($K32=0,ROUNDUP($G32/$H32,0)),0)),0) -> 0 | AO32: =IF($I32="Direct",IF(O32=1,ROUNDUP($G32/$H32,0),IF($I32="Unpacking",IF($K32=0,ROUNDUP($G32/$H32,0)),0)),0) -> 0 | AP32: =IF($I32="Direct",IF(P32=1,ROUNDUP($G32/$H32,0),IF($I32="Unpacking",IF($K32=0,ROUNDUP($G32/$H32,0)),0)),0) -> 0 | AQ32: =IF($I32="Direct",IF(Q32=1,ROUNDUP($G32/$H32,0),IF($I32="Unpacking",IF($K32=0,ROUNDUP($G32/$H32,0)),0)),0) -> 0 | AR32: =IF($I32="Direct",IF(R32=1,ROUNDUP($G32/$H32,0),IF($I32="Unpacking",IF($K32=0,ROUNDUP($G32/$H32,0)),0)),0) -> 0 | ... BH32: =IF($I32="Direct",IF(AH32=1,ROUNDUP($G32/$H32,0),IF($I32="Unpacking",IF($K32=0,ROUNDUP($G32/$H32,0)),0)),0) -> 0 | BJ32: =MAX(BK32:CH32) -> 0.0462367 | BK32: =IF(K32=1,$G32/$H32,0) -> 0 | BL32: =IF(L32=1,$G32/$H32,0) -> 0 | BM32: =IF(M32=1,$G32/$H32,0) -> 0 | BN32: =IF(N32=1,$G32/$H32,0) -> 0 | BO32: =IF(O32=1,$G32/$H32,0) -> 0 | BP32: =IF(P32=1,$G32/$H32,0) -> 0 | BQ32: =IF(Q32=1,$G32/$H32,0) -> 0 | BR32: =IF(R32=1,$G32/$H32,0) -> 0 | ... CH32: =IF(AH32=1,$G32/$H32,0) -> 0 | CJ32: =IF(K32=1,ROUND($F32/$H32,0),0) -> 0 | CK32: =IF(L32=1,ROUND($F32/$H32,0),0) -> 0 | CL32: =IF(M32=1,ROUND($F32/$H32,0),0) -> 0 | CM32: =IF(N32=1,ROUND($F32/$H32,0),0) -> 0 | CN32: =IF(O32=1,ROUND($F32/$H32,0),0) -> 0 | CO32: =IF(P32=1,ROUND($F32/$H32,0),0) -> 0 | CP32: =IF(Q32=1,ROUND($F32/$H32,0),0) -> 0 | CQ32: =IF(R32=1,ROUND($F32/$H32,0),0) -> 0 | ... DG32: =IF(AH32=1,ROUND($F32/$H32,0),0) -> 0 | DH32: =SUM(CJ32:DG32) -> 4 | DI32: =DH32-F32 -> 0 | DK32: =DL32=H32 -> FALSE | DL32: =SUM(DM32:EJ32) -> 0 | EL32: =DM32=K32 -> TRUE | EM32: =DN32=L32 -> TRUE | EN32: =DO32=M32 -> TRUE | EO32: =DP32=N32 -> TRUE | EP32: =DQ32=O32 -> TRUE | EQ32: =DR32=P32 -> TRUE | ER32: =DS32=Q32 -> TRUE | ES32: =DT32=R32 -> TRUE | ... FI32: =EJ32=AH32 -> TRUE | FJ32: =COUNTIF(EL32:FI32,FALSE) -> 1
A33: 0003-8-NP1-43 | B33: SUGITY CREATIVES | C33: NP1 | D33: M | E33: =A33&"-"&D33 -> 0003-8-NP1-43-M | F33: 211 | G33: 19.056478 | H33: =VLOOKUP(A33,'Pivot 1'!$A$5:$H$251,8,0) -> 24 | I33: Direct | J33: =SUM(K33:AH33) -> 24 | K33: 1 | L33: 1 | M33: 1 | N33: 1 | O33: 1 | P33: 1 | Q33: 1 | R33: 1 | S33: 1 | T33: 1 | U33: 1 | V33: 1 | W33: 1 | X33: 1 | Y33: 1 | Z33: 1 | AA33: 1 | AB33: 1 | AC33: 1 | AD33: 1 | AE33: 1 | AF33: 1 | AG33: 1 | AH33: 1 | AI33: =J33=H33 -> FALSE | AK33: =IF($I33="Direct",IF(K33=1,ROUNDUP($G33/$H33,0),IF($I33="Unpacking",IF($K33=0,ROUNDUP($G33/$H33,0)),0)),0) -> 1 | AL33: =IF($I33="Direct",IF(L33=1,ROUNDUP($G33/$H33,0),IF($I33="Unpacking",IF($K33=0,ROUNDUP($G33/$H33,0)),0)),0) -> 1 | AM33: =IF($I33="Direct",IF(M33=1,ROUNDUP($G33/$H33,0),IF($I33="Unpacking",IF($K33=0,ROUNDUP($G33/$H33,0)),0)),0) -> 1 | AN33: =IF($I33="Direct",IF(N33=1,ROUNDUP($G33/$H33,0),IF($I33="Unpacking",IF($K33=0,ROUNDUP($G33/$H33,0)),0)),0) -> 1 | AO33: =IF($I33="Direct",IF(O33=1,ROUNDUP($G33/$H33,0),IF($I33="Unpacking",IF($K33=0,ROUNDUP($G33/$H33,0)),0)),0) -> 1 | AP33: =IF($I33="Direct",IF(P33=1,ROUNDUP($G33/$H33,0),IF($I33="Unpacking",IF($K33=0,ROUNDUP($G33/$H33,0)),0)),0) -> 1 | AQ33: =IF($I33="Direct",IF(Q33=1,ROUNDUP($G33/$H33,0),IF($I33="Unpacking",IF($K33=0,ROUNDUP($G33/$H33,0)),0)),0) -> 1 | AR33: =IF($I33="Direct",IF(R33=1,ROUNDUP($G33/$H33,0),IF($I33="Unpacking",IF($K33=0,ROUNDUP($G33/$H33,0)),0)),0) -> 1 | ... BH33: =IF($I33="Direct",IF(AH33=1,ROUNDUP($G33/$H33,0),IF($I33="Unpacking",IF($K33=0,ROUNDUP($G33/$H33,0)),0)),0) -> 1 | BJ33: =MAX(BK33:CH33) -> 0.79401993 | BK33: =IF(K33=1,$G33/$H33,0) -> 0.79401993 | BL33: =IF(L33=1,$G33/$H33,0) -> 0.79401993 | BM33: =IF(M33=1,$G33/$H33,0) -> 0.79401993 | BN33: =IF(N33=1,$G33/$H33,0) -> 0.79401993 | BO33: =IF(O33=1,$G33/$H33,0) -> 0.79401993 | BP33: =IF(P33=1,$G33/$H33,0) -> 0.79401993 | BQ33: =IF(Q33=1,$G33/$H33,0) -> 0.79401993 | BR33: =IF(R33=1,$G33/$H33,0) -> 0.79401993 | ... CH33: =IF(AH33=1,$G33/$H33,0) -> 0.79401993 | CJ33: =IF(K33=1,ROUND($F33/$H33,0),0) -> 9 | CK33: =IF(L33=1,ROUND($F33/$H33,0),0) -> 9 | CL33: =IF(M33=1,ROUND($F33/$H33,0),0) -> 9 | CM33: =IF(N33=1,ROUND($F33/$H33,0),0) -> 9 | CN33: =IF(O33=1,ROUND($F33/$H33,0),0) -> 9 | CO33: =IF(P33=1,ROUND($F33/$H33,0),0) -> 9 | CP33: =IF(Q33=1,ROUND($F33/$H33,0),0) -> 9 | CQ33: =IF(R33=1,ROUND($F33/$H33,0),0) -> 9 | ... DG33: =IF(AH33=1,ROUND($F33/$H33,0),0) -> 9 | DH33: =SUM(CJ33:DG33) -> 216 | DI33: =DH33-F33 -> 5 | DK33: =DL33=H33 -> FALSE | DL33: =SUM(DM33:EJ33) -> 0 | EL33: =DM33=K33 -> FALSE | EM33: =DN33=L33 -> FALSE | EN33: =DO33=M33 -> FALSE | EO33: =DP33=N33 -> FALSE | EP33: =DQ33=O33 -> FALSE | EQ33: =DR33=P33 -> FALSE | ER33: =DS33=Q33 -> FALSE | ES33: =DT33=R33 -> FALSE | ... FI33: =EJ33=AH33 -> FALSE | FJ33: =COUNTIF(EL33:FI33,FALSE) -> 24
A34: 0003-A-BP1-43 | B34: SUGITY CREATIVES | C34: BP1 | D34: K | E34: =A34&"-"&D34 -> 0003-A-BP1-43-K | F34: 38 | G34: 4.618385 | H34: =VLOOKUP(A34,'Pivot 1'!$A$5:$H$251,8,0) -> 6 | I34: Direct | J34: =SUM(K34:AH34) -> 6 | K34: 1 | L34: 0 | M34: 0 | N34: 0 | O34: 1 | P34: 0 | Q34: 0 | R34: 0 | S34: 1 | T34: 0 | U34: 0 | V34: 0 | W34: 1 | X34: 0 | Y34: 0 | Z34: 0 | AA34: 1 | AB34: 0 | AC34: 0 | AD34: 0 | AE34: 1 | AF34: 0 | AG34: 0 | AH34: 0 | AI34: =J34=H34 -> TRUE | AK34: =IF($I34="Direct",IF(K34=1,ROUNDUP($G34/$H34,0),IF($I34="Unpacking",IF($K34=0,ROUNDUP($G34/$H34,0)),0)),0) -> 1 | AL34: =IF($I34="Direct",IF(L34=1,ROUNDUP($G34/$H34,0),IF($I34="Unpacking",IF($K34=0,ROUNDUP($G34/$H34,0)),0)),0) -> 0 | AM34: =IF($I34="Direct",IF(M34=1,ROUNDUP($G34/$H34,0),IF($I34="Unpacking",IF($K34=0,ROUNDUP($G34/$H34,0)),0)),0) -> 0 | AN34: =IF($I34="Direct",IF(N34=1,ROUNDUP($G34/$H34,0),IF($I34="Unpacking",IF($K34=0,ROUNDUP($G34/$H34,0)),0)),0) -> 0 | AO34: =IF($I34="Direct",IF(O34=1,ROUNDUP($G34/$H34,0),IF($I34="Unpacking",IF($K34=0,ROUNDUP($G34/$H34,0)),0)),0) -> 1 | AP34: =IF($I34="Direct",IF(P34=1,ROUNDUP($G34/$H34,0),IF($I34="Unpacking",IF($K34=0,ROUNDUP($G34/$H34,0)),0)),0) -> 0 | AQ34: =IF($I34="Direct",IF(Q34=1,ROUNDUP($G34/$H34,0),IF($I34="Unpacking",IF($K34=0,ROUNDUP($G34/$H34,0)),0)),0) -> 0 | AR34: =IF($I34="Direct",IF(R34=1,ROUNDUP($G34/$H34,0),IF($I34="Unpacking",IF($K34=0,ROUNDUP($G34/$H34,0)),0)),0) -> 0 | ... BH34: =IF($I34="Direct",IF(AH34=1,ROUNDUP($G34/$H34,0),IF($I34="Unpacking",IF($K34=0,ROUNDUP($G34/$H34,0)),0)),0) -> 0 | BJ34: =MAX(BK34:CH34) -> 0.76973084 | BK34: =IF(K34=1,$G34/$H34,0) -> 0.76973084 | BL34: =IF(L34=1,$G34/$H34,0) -> 0 | BM34: =IF(M34=1,$G34/$H34,0) -> 0 | BN34: =IF(N34=1,$G34/$H34,0) -> 0 | BO34: =IF(O34=1,$G34/$H34,0) -> 0.76973084 | BP34: =IF(P34=1,$G34/$H34,0) -> 0 | BQ34: =IF(Q34=1,$G34/$H34,0) -> 0 | BR34: =IF(R34=1,$G34/$H34,0) -> 0 | ... CH34: =IF(AH34=1,$G34/$H34,0) -> 0 | CJ34: =IF(K34=1,ROUND($F34/$H34,0),0) -> 6 | CK34: =IF(L34=1,ROUND($F34/$H34,0),0) -> 0 | CL34: =IF(M34=1,ROUND($F34/$H34,0),0) -> 0 | CM34: =IF(N34=1,ROUND($F34/$H34,0),0) -> 0 | CN34: =IF(O34=1,ROUND($F34/$H34,0),0) -> 6 | CO34: =IF(P34=1,ROUND($F34/$H34,0),0) -> 0 | CP34: =IF(Q34=1,ROUND($F34/$H34,0),0) -> 0 | CQ34: =IF(R34=1,ROUND($F34/$H34,0),0) -> 0 | ... DG34: =IF(AH34=1,ROUND($F34/$H34,0),0) -> 0 | DH34: =SUM(CJ34:DG34) -> 36 | DI34: =DH34-F34 -> -2 | DK34: =DL34=H34 -> FALSE | DL34: =SUM(DM34:EJ34) -> 0 | EL34: =DM34=K34 -> FALSE | EM34: =DN34=L34 -> TRUE | EN34: =DO34=M34 -> TRUE | EO34: =DP34=N34 -> TRUE | EP34: =DQ34=O34 -> FALSE | EQ34: =DR34=P34 -> TRUE | ER34: =DS34=Q34 -> TRUE | ES34: =DT34=R34 -> TRUE | ... FI34: =EJ34=AH34 -> TRUE | FJ34: =COUNTIF(EL34:FI34,FALSE) -> 6
A35: 0003-A-FP1-43 | B35: SUGITY CREATIVES | C35: FP1 | D35: F | E35: =A35&"-"&D35 -> 0003-A-FP1-43-F | F35: 8 | G35: 0.5094144 | H35: =VLOOKUP(A35,'Pivot 1'!$A$5:$H$251,8,0) -> 1 | I35: Direct | J35: =SUM(K35:AH35) -> 1 | K35: 0 | L35: 0 | M35: 0 | N35: 0 | O35: 0 | P35: 0 | Q35: 0 | R35: 0 | S35: 0 | T35: 0 | U35: 0 | V35: 0 | W35: 0 | X35: 1 | Y35: 0 | Z35: 0 | AA35: 0 | AB35: 0 | AC35: 0 | AD35: 0 | AE35: 0 | AF35: 0 | AG35: 0 | AH35: 0 | AI35: =J35=H35 -> TRUE | AK35: =IF($I35="Direct",IF(K35=1,ROUNDUP($G35/$H35,0),IF($I35="Unpacking",IF($K35=0,ROUNDUP($G35/$H35,0)),0)),0) -> 0 | AL35: =IF($I35="Direct",IF(L35=1,ROUNDUP($G35/$H35,0),IF($I35="Unpacking",IF($K35=0,ROUNDUP($G35/$H35,0)),0)),0) -> 0 | AM35: =IF($I35="Direct",IF(M35=1,ROUNDUP($G35/$H35,0),IF($I35="Unpacking",IF($K35=0,ROUNDUP($G35/$H35,0)),0)),0) -> 0 | AN35: =IF($I35="Direct",IF(N35=1,ROUNDUP($G35/$H35,0),IF($I35="Unpacking",IF($K35=0,ROUNDUP($G35/$H35,0)),0)),0) -> 0 | AO35: =IF($I35="Direct",IF(O35=1,ROUNDUP($G35/$H35,0),IF($I35="Unpacking",IF($K35=0,ROUNDUP($G35/$H35,0)),0)),0) -> 0 | AP35: =IF($I35="Direct",IF(P35=1,ROUNDUP($G35/$H35,0),IF($I35="Unpacking",IF($K35=0,ROUNDUP($G35/$H35,0)),0)),0) -> 0 | AQ35: =IF($I35="Direct",IF(Q35=1,ROUNDUP($G35/$H35,0),IF($I35="Unpacking",IF($K35=0,ROUNDUP($G35/$H35,0)),0)),0) -> 0 | AR35: =IF($I35="Direct",IF(R35=1,ROUNDUP($G35/$H35,0),IF($I35="Unpacking",IF($K35=0,ROUNDUP($G35/$H35,0)),0)),0) -> 0 | ... BH35: =IF($I35="Direct",IF(AH35=1,ROUNDUP($G35/$H35,0),IF($I35="Unpacking",IF($K35=0,ROUNDUP($G35/$H35,0)),0)),0) -> 0 | BJ35: =MAX(BK35:CH35) -> 0.5094144 | BK35: =IF(K35=1,$G35/$H35,0) -> 0 | BL35: =IF(L35=1,$G35/$H35,0) -> 0 | BM35: =IF(M35=1,$G35/$H35,0) -> 0 | BN35: =IF(N35=1,$G35/$H35,0) -> 0 | BO35: =IF(O35=1,$G35/$H35,0) -> 0 | BP35: =IF(P35=1,$G35/$H35,0) -> 0 | BQ35: =IF(Q35=1,$G35/$H35,0) -> 0 | BR35: =IF(R35=1,$G35/$H35,0) -> 0 | ... CH35: =IF(AH35=1,$G35/$H35,0) -> 0 | CJ35: =IF(K35=1,ROUND($F35/$H35,0),0) -> 0 | CK35: =IF(L35=1,ROUND($F35/$H35,0),0) -> 0 | CL35: =IF(M35=1,ROUND($F35/$H35,0),0) -> 0 | CM35: =IF(N35=1,ROUND($F35/$H35,0),0) -> 0 | CN35: =IF(O35=1,ROUND($F35/$H35,0),0) -> 0 | CO35: =IF(P35=1,ROUND($F35/$H35,0),0) -> 0 | CP35: =IF(Q35=1,ROUND($F35/$H35,0),0) -> 0 | CQ35: =IF(R35=1,ROUND($F35/$H35,0),0) -> 0 | ... DG35: =IF(AH35=1,ROUND($F35/$H35,0),0) -> 0 | DH35: =SUM(CJ35:DG35) -> 8 | DI35: =DH35-F35 -> 0 | DK35: =DL35=H35 -> FALSE | DL35: =SUM(DM35:EJ35) -> 0 | EL35: =DM35=K35 -> TRUE | EM35: =DN35=L35 -> TRUE | EN35: =DO35=M35 -> TRUE | EO35: =DP35=N35 -> TRUE | EP35: =DQ35=O35 -> TRUE | EQ35: =DR35=P35 -> TRUE | ER35: =DS35=Q35 -> TRUE | ES35: =DT35=R35 -> TRUE | ... FI35: =EJ35=AH35 -> TRUE | FJ35: =COUNTIF(EL35:FI35,FALSE) -> 1
A36: 0003-A-GP1-43 | B36: SUGITY CREATIVES | C36: GP1 | D36: H | E36: =A36&"-"&D36 -> 0003-A-GP1-43-H | F36: 92 | G36: 5.3784316 | H36: =VLOOKUP(A36,'Pivot 1'!$A$5:$H$251,8,0) -> 8 | I36: Direct | J36: =SUM(K36:AH36) -> 8 | K36: 0 | L36: 1 | M36: 0 | N36: 0 | O36: 1 | P36: 0 | Q36: 0 | R36: 1 | S36: 0 | T36: 0 | U36: 1 | V36: 0 | W36: 0 | X36: 1 | Y36: 0 | Z36: 0 | AA36: 1 | AB36: 0 | AC36: 0 | AD36: 1 | AE36: 0 | AF36: 0 | AG36: 1 | AH36: 0 | AI36: =J36=H36 -> TRUE | AJ36: 1 | AK36: =IF($I36="Direct",IF(K36=1,ROUNDUP($G36/$H36,0),IF($I36="Unpacking",IF($K36=0,ROUNDUP($G36/$H36,0)),0)),0) -> 0 | AL36: =IF($I36="Direct",IF(L36=1,ROUNDUP($G36/$H36,0),IF($I36="Unpacking",IF($K36=0,ROUNDUP($G36/$H36,0)),0)),0) -> 1 | AM36: =IF($I36="Direct",IF(M36=1,ROUNDUP($G36/$H36,0),IF($I36="Unpacking",IF($K36=0,ROUNDUP($G36/$H36,0)),0)),0) -> 0 | AN36: =IF($I36="Direct",IF(N36=1,ROUNDUP($G36/$H36,0),IF($I36="Unpacking",IF($K36=0,ROUNDUP($G36/$H36,0)),0)),0) -> 0 | AO36: =IF($I36="Direct",IF(O36=1,ROUNDUP($G36/$H36,0),IF($I36="Unpacking",IF($K36=0,ROUNDUP($G36/$H36,0)),0)),0) -> 1 | AP36: =IF($I36="Direct",IF(P36=1,ROUNDUP($G36/$H36,0),IF($I36="Unpacking",IF($K36=0,ROUNDUP($G36/$H36,0)),0)),0) -> 0 | AQ36: =IF($I36="Direct",IF(Q36=1,ROUNDUP($G36/$H36,0),IF($I36="Unpacking",IF($K36=0,ROUNDUP($G36/$H36,0)),0)),0) -> 0 | AR36: =IF($I36="Direct",IF(R36=1,ROUNDUP($G36/$H36,0),IF($I36="Unpacking",IF($K36=0,ROUNDUP($G36/$H36,0)),0)),0) -> 1 | ... BH36: =IF($I36="Direct",IF(AH36=1,ROUNDUP($G36/$H36,0),IF($I36="Unpacking",IF($K36=0,ROUNDUP($G36/$H36,0)),0)),0) -> 0 | BJ36: =MAX(BK36:CH36) -> 0.67230396 | BK36: =IF(K36=1,$G36/$H36,0) -> 0 | BL36: =IF(L36=1,$G36/$H36,0) -> 0.67230396 | BM36: =IF(M36=1,$G36/$H36,0) -> 0 | BN36: =IF(N36=1,$G36/$H36,0) -> 0 | BO36: =IF(O36=1,$G36/$H36,0) -> 0.67230396 | BP36: =IF(P36=1,$G36/$H36,0) -> 0 | BQ36: =IF(Q36=1,$G36/$H36,0) -> 0 | BR36: =IF(R36=1,$G36/$H36,0) -> 0.67230396 | ... CH36: =IF(AH36=1,$G36/$H36,0) -> 0 | CJ36: =IF(K36=1,ROUND($F36/$H36,0),0) -> 0 | CK36: =IF(L36=1,ROUND($F36/$H36,0),0) -> 12 | CL36: =IF(M36=1,ROUND($F36/$H36,0),0) -> 0 | CM36: =IF(N36=1,ROUND($F36/$H36,0),0) -> 0 | CN36: =IF(O36=1,ROUND($F36/$H36,0),0) -> 12 | CO36: =IF(P36=1,ROUND($F36/$H36,0),0) -> 0 | CP36: =IF(Q36=1,ROUND($F36/$H36,0),0) -> 0 | CQ36: =IF(R36=1,ROUND($F36/$H36,0),0) -> 12 | ... DG36: =IF(AH36=1,ROUND($F36/$H36,0),0) -> 0 | DH36: =SUM(CJ36:DG36) -> 96 | DI36: =DH36-F36 -> 4 | DK36: =DL36=H36 -> FALSE | DL36: =SUM(DM36:EJ36) -> 0 | EL36: =DM36=K36 -> TRUE | EM36: =DN36=L36 -> FALSE | EN36: =DO36=M36 -> TRUE | EO36: =DP36=N36 -> TRUE | EP36: =DQ36=O36 -> FALSE | EQ36: =DR36=P36 -> TRUE | ER36: =DS36=Q36 -> TRUE | ES36: =DT36=R36 -> FALSE | ... FI36: =EJ36=AH36 -> TRUE | FJ36: =COUNTIF(EL36:FI36,FALSE) -> 8
A37: 0003-A-HP1-43 | B37: SUGITY CREATIVES | C37: HP1 | D37: H | E37: =A37&"-"&D37 -> 0003-A-HP1-43-H | F37: 26 | G37: 1.1379615 | H37: =VLOOKUP(A37,'Pivot 1'!$A$5:$H$251,8,0) -> 2 | I37: Direct | J37: =SUM(K37:AH37) -> 2 | K37: 1 | L37: 0 | M37: 0 | N37: 0 | O37: 0 | P37: 0 | Q37: 0 | R37: 0 | S37: 0 | T37: 0 | U37: 0 | V37: 0 | W37: 1 | X37: 0 | Y37: 0 | Z37: 0 | AA37: 0 | AB37: 0 | AC37: 0 | AD37: 0 | AE37: 0 | AF37: 0 | AG37: 0 | AH37: 0 | AI37: =J37=H37 -> FALSE | AK37: =IF($I37="Direct",IF(K37=1,ROUNDUP($G37/$H37,0),IF($I37="Unpacking",IF($K37=0,ROUNDUP($G37/$H37,0)),0)),0) -> 1 | AL37: =IF($I37="Direct",IF(L37=1,ROUNDUP($G37/$H37,0),IF($I37="Unpacking",IF($K37=0,ROUNDUP($G37/$H37,0)),0)),0) -> 0 | AM37: =IF($I37="Direct",IF(M37=1,ROUNDUP($G37/$H37,0),IF($I37="Unpacking",IF($K37=0,ROUNDUP($G37/$H37,0)),0)),0) -> 0 | AN37: =IF($I37="Direct",IF(N37=1,ROUNDUP($G37/$H37,0),IF($I37="Unpacking",IF($K37=0,ROUNDUP($G37/$H37,0)),0)),0) -> 0 | AO37: =IF($I37="Direct",IF(O37=1,ROUNDUP($G37/$H37,0),IF($I37="Unpacking",IF($K37=0,ROUNDUP($G37/$H37,0)),0)),0) -> 0 | AP37: =IF($I37="Direct",IF(P37=1,ROUNDUP($G37/$H37,0),IF($I37="Unpacking",IF($K37=0,ROUNDUP($G37/$H37,0)),0)),0) -> 0 | AQ37: =IF($I37="Direct",IF(Q37=1,ROUNDUP($G37/$H37,0),IF($I37="Unpacking",IF($K37=0,ROUNDUP($G37/$H37,0)),0)),0) -> 0 | AR37: =IF($I37="Direct",IF(R37=1,ROUNDUP($G37/$H37,0),IF($I37="Unpacking",IF($K37=0,ROUNDUP($G37/$H37,0)),0)),0) -> 0 | ... BH37: =IF($I37="Direct",IF(AH37=1,ROUNDUP($G37/$H37,0),IF($I37="Unpacking",IF($K37=0,ROUNDUP($G37/$H37,0)),0)),0) -> 0 | BJ37: =MAX(BK37:CH37) -> 0.56898075 | BK37: =IF(K37=1,$G37/$H37,0) -> 0.56898075 | BL37: =IF(L37=1,$G37/$H37,0) -> 0 | BM37: =IF(M37=1,$G37/$H37,0) -> 0 | BN37: =IF(N37=1,$G37/$H37,0) -> 0 | BO37: =IF(O37=1,$G37/$H37,0) -> 0 | BP37: =IF(P37=1,$G37/$H37,0) -> 0 | BQ37: =IF(Q37=1,$G37/$H37,0) -> 0 | BR37: =IF(R37=1,$G37/$H37,0) -> 0 | ... CH37: =IF(AH37=1,$G37/$H37,0) -> 0 | CJ37: =IF(K37=1,ROUND($F37/$H37,0),0) -> 13 | CK37: =IF(L37=1,ROUND($F37/$H37,0),0) -> 0 | CL37: =IF(M37=1,ROUND($F37/$H37,0),0) -> 0 | CM37: =IF(N37=1,ROUND($F37/$H37,0),0) -> 0 | CN37: =IF(O37=1,ROUND($F37/$H37,0),0) -> 0 | CO37: =IF(P37=1,ROUND($F37/$H37,0),0) -> 0 | CP37: =IF(Q37=1,ROUND($F37/$H37,0),0) -> 0 | CQ37: =IF(R37=1,ROUND($F37/$H37,0),0) -> 0 | ... DG37: =IF(AH37=1,ROUND($F37/$H37,0),0) -> 0 | DH37: =SUM(CJ37:DG37) -> 26 | DI37: =DH37-F37 -> 0 | DK37: =DL37=H37 -> FALSE | DL37: =SUM(DM37:EJ37) -> 0 | EL37: =DM37=K37 -> FALSE | EM37: =DN37=L37 -> TRUE | EN37: =DO37=M37 -> TRUE | EO37: =DP37=N37 -> TRUE | EP37: =DQ37=O37 -> TRUE | EQ37: =DR37=P37 -> TRUE | ER37: =DS37=Q37 -> TRUE | ES37: =DT37=R37 -> TRUE | ... FI37: =EJ37=AH37 -> TRUE | FJ37: =COUNTIF(EL37:FI37,FALSE) -> 2
A38: 0003-A-LP1-43 | B38: SUGITY CREATIVES | C38: LP1 | D38: L | E38: =A38&"-"&D38 -> 0003-A-LP1-43-L | F38: 302 | G38: 13.201499 | H38: =VLOOKUP(A38,'Pivot 1'!$A$5:$H$251,8,0) -> 24 | I38: Direct | J38: =SUM(K38:AH38) -> 24 | K38: 1 | L38: 1 | M38: 1 | N38: 1 | O38: 1 | P38: 1 | Q38: 1 | R38: 1 | S38: 1 | T38: 1 | U38: 1 | V38: 1 | W38: 1 | X38: 1 | Y38: 1 | Z38: 1 | AA38: 1 | AB38: 1 | AC38: 1 | AD38: 1 | AE38: 1 | AF38: 1 | AG38: 1 | AH38: 1 | AI38: =J38=H38 -> FALSE | AK38: =IF($I38="Direct",IF(K38=1,ROUNDUP($G38/$H38,0),IF($I38="Unpacking",IF($K38=0,ROUNDUP($G38/$H38,0)),0)),0) -> 1 | AL38: =IF($I38="Direct",IF(L38=1,ROUNDUP($G38/$H38,0),IF($I38="Unpacking",IF($K38=0,ROUNDUP($G38/$H38,0)),0)),0) -> 1 | AM38: =IF($I38="Direct",IF(M38=1,ROUNDUP($G38/$H38,0),IF($I38="Unpacking",IF($K38=0,ROUNDUP($G38/$H38,0)),0)),0) -> 1 | AN38: =IF($I38="Direct",IF(N38=1,ROUNDUP($G38/$H38,0),IF($I38="Unpacking",IF($K38=0,ROUNDUP($G38/$H38,0)),0)),0) -> 1 | AO38: =IF($I38="Direct",IF(O38=1,ROUNDUP($G38/$H38,0),IF($I38="Unpacking",IF($K38=0,ROUNDUP($G38/$H38,0)),0)),0) -> 1 | AP38: =IF($I38="Direct",IF(P38=1,ROUNDUP($G38/$H38,0),IF($I38="Unpacking",IF($K38=0,ROUNDUP($G38/$H38,0)),0)),0) -> 1 | AQ38: =IF($I38="Direct",IF(Q38=1,ROUNDUP($G38/$H38,0),IF($I38="Unpacking",IF($K38=0,ROUNDUP($G38/$H38,0)),0)),0) -> 1 | AR38: =IF($I38="Direct",IF(R38=1,ROUNDUP($G38/$H38,0),IF($I38="Unpacking",IF($K38=0,ROUNDUP($G38/$H38,0)),0)),0) -> 1 | ... BH38: =IF($I38="Direct",IF(AH38=1,ROUNDUP($G38/$H38,0),IF($I38="Unpacking",IF($K38=0,ROUNDUP($G38/$H38,0)),0)),0) -> 1 | BJ38: =MAX(BK38:CH38) -> 0.55006245 | BK38: =IF(K38=1,$G38/$H38,0) -> 0.55006245 | BL38: =IF(L38=1,$G38/$H38,0) -> 0.55006245 | BM38: =IF(M38=1,$G38/$H38,0) -> 0.55006245 | BN38: =IF(N38=1,$G38/$H38,0) -> 0.55006245 | BO38: =IF(O38=1,$G38/$H38,0) -> 0.55006245 | BP38: =IF(P38=1,$G38/$H38,0) -> 0.55006245 | BQ38: =IF(Q38=1,$G38/$H38,0) -> 0.55006245 | BR38: =IF(R38=1,$G38/$H38,0) -> 0.55006245 | ... CH38: =IF(AH38=1,$G38/$H38,0) -> 0.55006245 | CJ38: =IF(K38=1,ROUND($F38/$H38,0),0) -> 13 | CK38: =IF(L38=1,ROUND($F38/$H38,0),0) -> 13 | CL38: =IF(M38=1,ROUND($F38/$H38,0),0) -> 13 | CM38: =IF(N38=1,ROUND($F38/$H38,0),0) -> 13 | CN38: =IF(O38=1,ROUND($F38/$H38,0),0) -> 13 | CO38: =IF(P38=1,ROUND($F38/$H38,0),0) -> 13 | CP38: =IF(Q38=1,ROUND($F38/$H38,0),0) -> 13 | CQ38: =IF(R38=1,ROUND($F38/$H38,0),0) -> 13 | ... DG38: =IF(AH38=1,ROUND($F38/$H38,0),0) -> 13 | DH38: =SUM(CJ38:DG38) -> 312 | DI38: =DH38-F38 -> 10 | DK38: =DL38=H38 -> FALSE | DL38: =SUM(DM38:EJ38) -> 0 | EL38: =DM38=K38 -> FALSE | EM38: =DN38=L38 -> FALSE | EN38: =DO38=M38 -> FALSE | EO38: =DP38=N38 -> FALSE | EP38: =DQ38=O38 -> FALSE | EQ38: =DR38=P38 -> FALSE | ER38: =DS38=Q38 -> FALSE | ES38: =DT38=R38 -> FALSE | ... FI38: =EJ38=AH38 -> FALSE | FJ38: =COUNTIF(EL38:FI38,FALSE) -> 24
A39: 0003-A-MP1-43 | B39: SUGITY CREATIVES | C39: MP1 | D39: M | E39: =A39&"-"&D39 -> 0003-A-MP1-43-M | F39: 260 | G39: 15.944516 | H39: =VLOOKUP(A39,'Pivot 1'!$A$5:$H$251,8,0) -> 24 | I39: Direct | J39: =SUM(K39:AH39) -> 24 | K39: 1 | L39: 1 | M39: 1 | N39: 1 | O39: 1 | P39: 1 | Q39: 1 | R39: 1 | S39: 1 | T39: 1 | U39: 1 | V39: 1 | W39: 1 | X39: 1 | Y39: 1 | Z39: 1 | AA39: 1 | AB39: 1 | AC39: 1 | AD39: 1 | AE39: 1 | AF39: 1 | AG39: 1 | AH39: 1 | AI39: =J39=H39 -> FALSE | AK39: =IF($I39="Direct",IF(K39=1,ROUNDUP($G39/$H39,0),IF($I39="Unpacking",IF($K39=0,ROUNDUP($G39/$H39,0)),0)),0) -> 1 | AL39: =IF($I39="Direct",IF(L39=1,ROUNDUP($G39/$H39,0),IF($I39="Unpacking",IF($K39=0,ROUNDUP($G39/$H39,0)),0)),0) -> 1 | AM39: =IF($I39="Direct",IF(M39=1,ROUNDUP($G39/$H39,0),IF($I39="Unpacking",IF($K39=0,ROUNDUP($G39/$H39,0)),0)),0) -> 1 | AN39: =IF($I39="Direct",IF(N39=1,ROUNDUP($G39/$H39,0),IF($I39="Unpacking",IF($K39=0,ROUNDUP($G39/$H39,0)),0)),0) -> 1 | AO39: =IF($I39="Direct",IF(O39=1,ROUNDUP($G39/$H39,0),IF($I39="Unpacking",IF($K39=0,ROUNDUP($G39/$H39,0)),0)),0) -> 1 | AP39: =IF($I39="Direct",IF(P39=1,ROUNDUP($G39/$H39,0),IF($I39="Unpacking",IF($K39=0,ROUNDUP($G39/$H39,0)),0)),0) -> 1 | AQ39: =IF($I39="Direct",IF(Q39=1,ROUNDUP($G39/$H39,0),IF($I39="Unpacking",IF($K39=0,ROUNDUP($G39/$H39,0)),0)),0) -> 1 | AR39: =IF($I39="Direct",IF(R39=1,ROUNDUP($G39/$H39,0),IF($I39="Unpacking",IF($K39=0,ROUNDUP($G39/$H39,0)),0)),0) -> 1 | ... BH39: =IF($I39="Direct",IF(AH39=1,ROUNDUP($G39/$H39,0),IF($I39="Unpacking",IF($K39=0,ROUNDUP($G39/$H39,0)),0)),0) -> 1 | BJ39: =MAX(BK39:CH39) -> 0.66435483 | BK39: =IF(K39=1,$G39/$H39,0) -> 0.66435483 | BL39: =IF(L39=1,$G39/$H39,0) -> 0.66435483 | BM39: =IF(M39=1,$G39/$H39,0) -> 0.66435483 | BN39: =IF(N39=1,$G39/$H39,0) -> 0.66435483 | BO39: =IF(O39=1,$G39/$H39,0) -> 0.66435483 | BP39: =IF(P39=1,$G39/$H39,0) -> 0.66435483 | BQ39: =IF(Q39=1,$G39/$H39,0) -> 0.66435483 | BR39: =IF(R39=1,$G39/$H39,0) -> 0.66435483 | ... CH39: =IF(AH39=1,$G39/$H39,0) -> 0.66435483 | CJ39: =IF(K39=1,ROUND($F39/$H39,0),0) -> 11 | CK39: =IF(L39=1,ROUND($F39/$H39,0),0) -> 11 | CL39: =IF(M39=1,ROUND($F39/$H39,0),0) -> 11 | CM39: =IF(N39=1,ROUND($F39/$H39,0),0) -> 11 | CN39: =IF(O39=1,ROUND($F39/$H39,0),0) -> 11 | CO39: =IF(P39=1,ROUND($F39/$H39,0),0) -> 11 | CP39: =IF(Q39=1,ROUND($F39/$H39,0),0) -> 11 | CQ39: =IF(R39=1,ROUND($F39/$H39,0),0) -> 11 | ... DG39: =IF(AH39=1,ROUND($F39/$H39,0),0) -> 11 | DH39: =SUM(CJ39:DG39) -> 264 | DI39: =DH39-F39 -> 4 | DK39: =DL39=H39 -> FALSE | DL39: =SUM(DM39:EJ39) -> 0 | EL39: =DM39=K39 -> FALSE | EM39: =DN39=L39 -> FALSE | EN39: =DO39=M39 -> FALSE | EO39: =DP39=N39 -> FALSE | EP39: =DQ39=O39 -> FALSE | EQ39: =DR39=P39 -> FALSE | ER39: =DS39=Q39 -> FALSE | ES39: =DT39=R39 -> FALSE | ... FI39: =EJ39=AH39 -> FALSE | FJ39: =COUNTIF(EL39:FI39,FALSE) -> 24
A40: 0003-C-LP1-43 | B40: SUGITY CREATIVES | C40: LP1 | D40: L | E40: =A40&"-"&D40 -> 0003-C-LP1-43-L | F40: 119 | G40: 7.8173774 | H40: =VLOOKUP(A40,'Pivot 1'!$A$5:$H$251,8,0) -> 8 | I40: Direct | J40: =SUM(K40:AH40) -> 8 | K40: 0 | L40: 1 | M40: 0 | N40: 0 | O40: 1 | P40: 0 | Q40: 0 | R40: 1 | S40: 0 | T40: 0 | U40: 1 | V40: 0 | W40: 0 | X40: 1 | Y40: 0 | Z40: 0 | AA40: 1 | AB40: 0 | AC40: 0 | AD40: 1 | AE40: 0 | AF40: 0 | AG40: 1 | AH40: 0 | AI40: =J40=H40 -> TRUE | AJ40: 1 | AK40: =IF($I40="Direct",IF(K40=1,ROUNDUP($G40/$H40,0),IF($I40="Unpacking",IF($K40=0,ROUNDUP($G40/$H40,0)),0)),0) -> 0 | AL40: =IF($I40="Direct",IF(L40=1,ROUNDUP($G40/$H40,0),IF($I40="Unpacking",IF($K40=0,ROUNDUP($G40/$H40,0)),0)),0) -> 1 | AM40: =IF($I40="Direct",IF(M40=1,ROUNDUP($G40/$H40,0),IF($I40="Unpacking",IF($K40=0,ROUNDUP($G40/$H40,0)),0)),0) -> 0 | AN40: =IF($I40="Direct",IF(N40=1,ROUNDUP($G40/$H40,0),IF($I40="Unpacking",IF($K40=0,ROUNDUP($G40/$H40,0)),0)),0) -> 0 | AO40: =IF($I40="Direct",IF(O40=1,ROUNDUP($G40/$H40,0),IF($I40="Unpacking",IF($K40=0,ROUNDUP($G40/$H40,0)),0)),0) -> 1 | AP40: =IF($I40="Direct",IF(P40=1,ROUNDUP($G40/$H40,0),IF($I40="Unpacking",IF($K40=0,ROUNDUP($G40/$H40,0)),0)),0) -> 0 | AQ40: =IF($I40="Direct",IF(Q40=1,ROUNDUP($G40/$H40,0),IF($I40="Unpacking",IF($K40=0,ROUNDUP($G40/$H40,0)),0)),0) -> 0 | AR40: =IF($I40="Direct",IF(R40=1,ROUNDUP($G40/$H40,0),IF($I40="Unpacking",IF($K40=0,ROUNDUP($G40/$H40,0)),0)),0) -> 1 | ... BH40: =IF($I40="Direct",IF(AH40=1,ROUNDUP($G40/$H40,0),IF($I40="Unpacking",IF($K40=0,ROUNDUP($G40/$H40,0)),0)),0) -> 0 | BJ40: =MAX(BK40:CH40) -> 0.97717218 | BK40: =IF(K40=1,$G40/$H40,0) -> 0 | BL40: =IF(L40=1,$G40/$H40,0) -> 0.97717218 | BM40: =IF(M40=1,$G40/$H40,0) -> 0 | BN40: =IF(N40=1,$G40/$H40,0) -> 0 | BO40: =IF(O40=1,$G40/$H40,0) -> 0.97717218 | BP40: =IF(P40=1,$G40/$H40,0) -> 0 | BQ40: =IF(Q40=1,$G40/$H40,0) -> 0 | BR40: =IF(R40=1,$G40/$H40,0) -> 0.97717218 | ... CH40: =IF(AH40=1,$G40/$H40,0) -> 0 | CJ40: =IF(K40=1,ROUND($F40/$H40,0),0) -> 0 | CK40: =IF(L40=1,ROUND($F40/$H40,0),0) -> 15 | CL40: =IF(M40=1,ROUND($F40/$H40,0),0) -> 0 | CM40: =IF(N40=1,ROUND($F40/$H40,0),0) -> 0 | CN40: =IF(O40=1,ROUND($F40/$H40,0),0) -> 15 | CO40: =IF(P40=1,ROUND($F40/$H40,0),0) -> 0 | CP40: =IF(Q40=1,ROUND($F40/$H40,0),0) -> 0 | CQ40: =IF(R40=1,ROUND($F40/$H40,0),0) -> 15 | ... DG40: =IF(AH40=1,ROUND($F40/$H40,0),0) -> 0 | DH40: =SUM(CJ40:DG40) -> 120 | DI40: =DH40-F40 -> 1 | DK40: =DL40=H40 -> FALSE | DL40: =SUM(DM40:EJ40) -> 0 | EL40: =DM40=K40 -> TRUE | EM40: =DN40=L40 -> FALSE | EN40: =DO40=M40 -> TRUE | EO40: =DP40=N40 -> TRUE | EP40: =DQ40=O40 -> FALSE | EQ40: =DR40=P40 -> TRUE | ER40: =DS40=Q40 -> TRUE | ES40: =DT40=R40 -> FALSE | ... FI40: =EJ40=AH40 -> TRUE | FJ40: =COUNTIF(EL40:FI40,FALSE) -> 8
A41: 0003-E-43 | B41: SUGITY CREATIVES | C41: (blank) | D41: K | E41: =A41&"-"&D41 -> 0003-E-43-K | F41: 8 | G41: 0.350142 | H41: =VLOOKUP(A41,'Pivot 1'!$A$5:$H$251,8,0) -> 24 | I41: Sorting | J41: =SUM(K41:AH41) -> 24 | K41: 1 | L41: 1 | M41: 1 | N41: 1 | O41: 1 | P41: 1 | Q41: 1 | R41: 1 | S41: 1 | T41: 1 | U41: 1 | V41: 1 | W41: 1 | X41: 1 | Y41: 1 | Z41: 1 | AA41: 1 | AB41: 1 | AC41: 1 | AD41: 1 | AE41: 1 | AF41: 1 | AG41: 1 | AH41: 1 | AI41: =J41=H41 -> FALSE | AK41: =IF($I41="Direct",IF(K41=1,ROUNDUP($G41/$H41,0),IF($I41="Unpacking",IF($K41=0,ROUNDUP($G41/$H41,0)),0)),0) -> 0 | AL41: =IF($I41="Direct",IF(L41=1,ROUNDUP($G41/$H41,0),IF($I41="Unpacking",IF($K41=0,ROUNDUP($G41/$H41,0)),0)),0) -> 0 | AM41: =IF($I41="Direct",IF(M41=1,ROUNDUP($G41/$H41,0),IF($I41="Unpacking",IF($K41=0,ROUNDUP($G41/$H41,0)),0)),0) -> 0 | AN41: =IF($I41="Direct",IF(N41=1,ROUNDUP($G41/$H41,0),IF($I41="Unpacking",IF($K41=0,ROUNDUP($G41/$H41,0)),0)),0) -> 0 | AO41: =IF($I41="Direct",IF(O41=1,ROUNDUP($G41/$H41,0),IF($I41="Unpacking",IF($K41=0,ROUNDUP($G41/$H41,0)),0)),0) -> 0 | AP41: =IF($I41="Direct",IF(P41=1,ROUNDUP($G41/$H41,0),IF($I41="Unpacking",IF($K41=0,ROUNDUP($G41/$H41,0)),0)),0) -> 0 | AQ41: =IF($I41="Direct",IF(Q41=1,ROUNDUP($G41/$H41,0),IF($I41="Unpacking",IF($K41=0,ROUNDUP($G41/$H41,0)),0)),0) -> 0 | AR41: =IF($I41="Direct",IF(R41=1,ROUNDUP($G41/$H41,0),IF($I41="Unpacking",IF($K41=0,ROUNDUP($G41/$H41,0)),0)),0) -> 0 | ... BH41: =IF($I41="Direct",IF(AH41=1,ROUNDUP($G41/$H41,0),IF($I41="Unpacking",IF($K41=0,ROUNDUP($G41/$H41,0)),0)),0) -> 0 | BJ41: =MAX(BK41:CH41) -> 0.01458925 | BK41: =IF(K41=1,$G41/$H41,0) -> 0.01458925 | BL41: =IF(L41=1,$G41/$H41,0) -> 0.01458925 | BM41: =IF(M41=1,$G41/$H41,0) -> 0.01458925 | BN41: =IF(N41=1,$G41/$H41,0) -> 0.01458925 | BO41: =IF(O41=1,$G41/$H41,0) -> 0.01458925 | BP41: =IF(P41=1,$G41/$H41,0) -> 0.01458925 | BQ41: =IF(Q41=1,$G41/$H41,0) -> 0.01458925 | BR41: =IF(R41=1,$G41/$H41,0) -> 0.01458925 | ... CH41: =IF(AH41=1,$G41/$H41,0) -> 0.01458925 | CJ41: =IF(K41=1,ROUND($F41/$H41,0),0) -> 0 | CK41: =IF(L41=1,ROUND($F41/$H41,0),0) -> 0 | CL41: =IF(M41=1,ROUND($F41/$H41,0),0) -> 0 | CM41: =IF(N41=1,ROUND($F41/$H41,0),0) -> 0 | CN41: =IF(O41=1,ROUND($F41/$H41,0),0) -> 0 | CO41: =IF(P41=1,ROUND($F41/$H41,0),0) -> 0 | CP41: =IF(Q41=1,ROUND($F41/$H41,0),0) -> 0 | CQ41: =IF(R41=1,ROUND($F41/$H41,0),0) -> 0 | ... DG41: =IF(AH41=1,ROUND($F41/$H41,0),0) -> 0 | DH41: =SUM(CJ41:DG41) -> 0 | DI41: =DH41-F41 -> -8 | DK41: =DL41=H41 -> FALSE | DL41: =SUM(DM41:EJ41) -> 0 | EL41: =DM41=K41 -> FALSE | EM41: =DN41=L41 -> FALSE | EN41: =DO41=M41 -> FALSE | EO41: =DP41=N41 -> FALSE | EP41: =DQ41=O41 -> FALSE | EQ41: =DR41=P41 -> FALSE | ER41: =DS41=Q41 -> FALSE | ES41: =DT41=R41 -> FALSE | ... FI41: =EJ41=AH41 -> FALSE | FJ41: =COUNTIF(EL41:FI41,FALSE) -> 24
A42: 0003-E-43 | B42: SUGITY CREATIVES | C42: (blank) | D42: L | E42: =A42&"-"&D42 -> 0003-E-43-L | F42: 223 | G42: 19.306161 | H42: =VLOOKUP(A42,'Pivot 1'!$A$5:$H$251,8,0) -> 24 | I42: Direct | J42: =SUM(K42:AH42) -> 24 | K42: 1 | L42: 1 | M42: 1 | N42: 1 | O42: 1 | P42: 1 | Q42: 1 | R42: 1 | S42: 1 | T42: 1 | U42: 1 | V42: 1 | W42: 1 | X42: 1 | Y42: 1 | Z42: 1 | AA42: 1 | AB42: 1 | AC42: 1 | AD42: 1 | AE42: 1 | AF42: 1 | AG42: 1 | AH42: 1 | AI42: =J42=H42 -> FALSE | AK42: =IF($I42="Direct",IF(K42=1,ROUNDUP($G42/$H42,0),IF($I42="Unpacking",IF($K42=0,ROUNDUP($G42/$H42,0)),0)),0) -> 1 | AL42: =IF($I42="Direct",IF(L42=1,ROUNDUP($G42/$H42,0),IF($I42="Unpacking",IF($K42=0,ROUNDUP($G42/$H42,0)),0)),0) -> 1 | AM42: =IF($I42="Direct",IF(M42=1,ROUNDUP($G42/$H42,0),IF($I42="Unpacking",IF($K42=0,ROUNDUP($G42/$H42,0)),0)),0) -> 1 | AN42: =IF($I42="Direct",IF(N42=1,ROUNDUP($G42/$H42,0),IF($I42="Unpacking",IF($K42=0,ROUNDUP($G42/$H42,0)),0)),0) -> 1 | AO42: =IF($I42="Direct",IF(O42=1,ROUNDUP($G42/$H42,0),IF($I42="Unpacking",IF($K42=0,ROUNDUP($G42/$H42,0)),0)),0) -> 1 | AP42: =IF($I42="Direct",IF(P42=1,ROUNDUP($G42/$H42,0),IF($I42="Unpacking",IF($K42=0,ROUNDUP($G42/$H42,0)),0)),0) -> 1 | AQ42: =IF($I42="Direct",IF(Q42=1,ROUNDUP($G42/$H42,0),IF($I42="Unpacking",IF($K42=0,ROUNDUP($G42/$H42,0)),0)),0) -> 1 | AR42: =IF($I42="Direct",IF(R42=1,ROUNDUP($G42/$H42,0),IF($I42="Unpacking",IF($K42=0,ROUNDUP($G42/$H42,0)),0)),0) -> 1 | ... BH42: =IF($I42="Direct",IF(AH42=1,ROUNDUP($G42/$H42,0),IF($I42="Unpacking",IF($K42=0,ROUNDUP($G42/$H42,0)),0)),0) -> 1 | BJ42: =MAX(BK42:CH42) -> 0.80442336 | BK42: =IF(K42=1,$G42/$H42,0) -> 0.80442336 | BL42: =IF(L42=1,$G42/$H42,0) -> 0.80442336 | BM42: =IF(M42=1,$G42/$H42,0) -> 0.80442336 | BN42: =IF(N42=1,$G42/$H42,0) -> 0.80442336 | BO42: =IF(O42=1,$G42/$H42,0) -> 0.80442336 | BP42: =IF(P42=1,$G42/$H42,0) -> 0.80442336 | BQ42: =IF(Q42=1,$G42/$H42,0) -> 0.80442336 | BR42: =IF(R42=1,$G42/$H42,0) -> 0.80442336 | ... CH42: =IF(AH42=1,$G42/$H42,0) -> 0.80442336 | CJ42: =IF(K42=1,ROUND($F42/$H42,0),0) -> 9 | CK42: =IF(L42=1,ROUND($F42/$H42,0),0) -> 9 | CL42: =IF(M42=1,ROUND($F42/$H42,0),0) -> 9 | CM42: =IF(N42=1,ROUND($F42/$H42,0),0) -> 9 | CN42: =IF(O42=1,ROUND($F42/$H42,0),0) -> 9 | CO42: =IF(P42=1,ROUND($F42/$H42,0),0) -> 9 | CP42: =IF(Q42=1,ROUND($F42/$H42,0),0) -> 9 | CQ42: =IF(R42=1,ROUND($F42/$H42,0),0) -> 9 | ... DG42: =IF(AH42=1,ROUND($F42/$H42,0),0) -> 9 | DH42: =SUM(CJ42:DG42) -> 216 | DI42: =DH42-F42 -> -7 | DK42: =DL42=H42 -> FALSE | DL42: =SUM(DM42:EJ42) -> 0 | EL42: =DM42=K42 -> FALSE | EM42: =DN42=L42 -> FALSE | EN42: =DO42=M42 -> FALSE | EO42: =DP42=N42 -> FALSE | EP42: =DQ42=O42 -> FALSE | EQ42: =DR42=P42 -> FALSE | ER42: =DS42=Q42 -> FALSE | ES42: =DT42=R42 -> FALSE | ... FI42: =EJ42=AH42 -> FALSE | FJ42: =COUNTIF(EL42:FI42,FALSE) -> 24
A43: 0003-E-43 | B43: SUGITY CREATIVES | C43: (blank) | D43: L | E43: =A43&"-"&D43 -> 0003-E-43-L | F43: 30 | G43: 1.3130325 | H43: =VLOOKUP(A43,'Pivot 1'!$A$5:$H$251,8,0) -> 24 | I43: Sorting | J43: =SUM(K43:AH43) -> 24 | K43: 1 | L43: 1 | M43: 1 | N43: 1 | O43: 1 | P43: 1 | Q43: 1 | R43: 1 | S43: 1 | T43: 1 | U43: 1 | V43: 1 | W43: 1 | X43: 1 | Y43: 1 | Z43: 1 | AA43: 1 | AB43: 1 | AC43: 1 | AD43: 1 | AE43: 1 | AF43: 1 | AG43: 1 | AH43: 1 | AI43: =J43=H43 -> FALSE | AK43: =IF($I43="Direct",IF(K43=1,ROUNDUP($G43/$H43,0),IF($I43="Unpacking",IF($K43=0,ROUNDUP($G43/$H43,0)),0)),0) -> 0 | AL43: =IF($I43="Direct",IF(L43=1,ROUNDUP($G43/$H43,0),IF($I43="Unpacking",IF($K43=0,ROUNDUP($G43/$H43,0)),0)),0) -> 0 | AM43: =IF($I43="Direct",IF(M43=1,ROUNDUP($G43/$H43,0),IF($I43="Unpacking",IF($K43=0,ROUNDUP($G43/$H43,0)),0)),0) -> 0 | AN43: =IF($I43="Direct",IF(N43=1,ROUNDUP($G43/$H43,0),IF($I43="Unpacking",IF($K43=0,ROUNDUP($G43/$H43,0)),0)),0) -> 0 | AO43: =IF($I43="Direct",IF(O43=1,ROUNDUP($G43/$H43,0),IF($I43="Unpacking",IF($K43=0,ROUNDUP($G43/$H43,0)),0)),0) -> 0 | AP43: =IF($I43="Direct",IF(P43=1,ROUNDUP($G43/$H43,0),IF($I43="Unpacking",IF($K43=0,ROUNDUP($G43/$H43,0)),0)),0) -> 0 | AQ43: =IF($I43="Direct",IF(Q43=1,ROUNDUP($G43/$H43,0),IF($I43="Unpacking",IF($K43=0,ROUNDUP($G43/$H43,0)),0)),0) -> 0 | AR43: =IF($I43="Direct",IF(R43=1,ROUNDUP($G43/$H43,0),IF($I43="Unpacking",IF($K43=0,ROUNDUP($G43/$H43,0)),0)),0) -> 0 | ... BH43: =IF($I43="Direct",IF(AH43=1,ROUNDUP($G43/$H43,0),IF($I43="Unpacking",IF($K43=0,ROUNDUP($G43/$H43,0)),0)),0) -> 0 | BJ43: =MAX(BK43:CH43) -> 0.054709687 | BK43: =IF(K43=1,$G43/$H43,0) -> 0.054709687 | BL43: =IF(L43=1,$G43/$H43,0) -> 0.054709687 | BM43: =IF(M43=1,$G43/$H43,0) -> 0.054709687 | BN43: =IF(N43=1,$G43/$H43,0) -> 0.054709687 | BO43: =IF(O43=1,$G43/$H43,0) -> 0.054709687 | BP43: =IF(P43=1,$G43/$H43,0) -> 0.054709687 | BQ43: =IF(Q43=1,$G43/$H43,0) -> 0.054709687 | BR43: =IF(R43=1,$G43/$H43,0) -> 0.054709687 | ... CH43: =IF(AH43=1,$G43/$H43,0) -> 0.054709687 | CJ43: =IF(K43=1,ROUND($F43/$H43,0),0) -> 1 | CK43: =IF(L43=1,ROUND($F43/$H43,0),0) -> 1 | CL43: =IF(M43=1,ROUND($F43/$H43,0),0) -> 1 | CM43: =IF(N43=1,ROUND($F43/$H43,0),0) -> 1 | CN43: =IF(O43=1,ROUND($F43/$H43,0),0) -> 1 | CO43: =IF(P43=1,ROUND($F43/$H43,0),0) -> 1 | CP43: =IF(Q43=1,ROUND($F43/$H43,0),0) -> 1 | CQ43: =IF(R43=1,ROUND($F43/$H43,0),0) -> 1 | ... DG43: =IF(AH43=1,ROUND($F43/$H43,0),0) -> 1 | DH43: =SUM(CJ43:DG43) -> 24 | DI43: =DH43-F43 -> -6 | DK43: =DL43=H43 -> FALSE | DL43: =SUM(DM43:EJ43) -> 0 | EL43: =DM43=K43 -> FALSE | EM43: =DN43=L43 -> FALSE | EN43: =DO43=M43 -> FALSE | EO43: =DP43=N43 -> FALSE | EP43: =DQ43=O43 -> FALSE | EQ43: =DR43=P43 -> FALSE | ER43: =DS43=Q43 -> FALSE | ES43: =DT43=R43 -> FALSE | ... FI43: =EJ43=AH43 -> FALSE | FJ43: =COUNTIF(EL43:FI43,FALSE) -> 24
A44: 0003-E-FP1-43 | B44: SUGITY CREATIVES | C44: FP1 | D44: A | E44: =A44&"-"&D44 -> 0003-E-FP1-43-A | F44: 18 | G44: 0.7878195 | H44: =VLOOKUP(A44,'Pivot 1'!$A$5:$H$251,8,0) -> 2 | I44: Direct | J44: =SUM(K44:AH44) -> 2 | K44: 0 | L44: 0 | M44: 0 | N44: 0 | O44: 0 | P44: 1 | Q44: 0 | R44: 0 | S44: 0 | T44: 0 | U44: 0 | V44: 0 | W44: 0 | X44: 0 | Y44: 0 | Z44: 0 | AA44: 0 | AB44: 1 | AC44: 0 | AD44: 0 | AE44: 0 | AF44: 0 | AG44: 0 | AH44: 0 | AI44: =J44=H44 -> TRUE | AK44: =IF($I44="Direct",IF(K44=1,ROUNDUP($G44/$H44,0),IF($I44="Unpacking",IF($K44=0,ROUNDUP($G44/$H44,0)),0)),0) -> 0 | AL44: =IF($I44="Direct",IF(L44=1,ROUNDUP($G44/$H44,0),IF($I44="Unpacking",IF($K44=0,ROUNDUP($G44/$H44,0)),0)),0) -> 0 | AM44: =IF($I44="Direct",IF(M44=1,ROUNDUP($G44/$H44,0),IF($I44="Unpacking",IF($K44=0,ROUNDUP($G44/$H44,0)),0)),0) -> 0 | AN44: =IF($I44="Direct",IF(N44=1,ROUNDUP($G44/$H44,0),IF($I44="Unpacking",IF($K44=0,ROUNDUP($G44/$H44,0)),0)),0) -> 0 | AO44: =IF($I44="Direct",IF(O44=1,ROUNDUP($G44/$H44,0),IF($I44="Unpacking",IF($K44=0,ROUNDUP($G44/$H44,0)),0)),0) -> 0 | AP44: =IF($I44="Direct",IF(P44=1,ROUNDUP($G44/$H44,0),IF($I44="Unpacking",IF($K44=0,ROUNDUP($G44/$H44,0)),0)),0) -> 1 | AQ44: =IF($I44="Direct",IF(Q44=1,ROUNDUP($G44/$H44,0),IF($I44="Unpacking",IF($K44=0,ROUNDUP($G44/$H44,0)),0)),0) -> 0 | AR44: =IF($I44="Direct",IF(R44=1,ROUNDUP($G44/$H44,0),IF($I44="Unpacking",IF($K44=0,ROUNDUP($G44/$H44,0)),0)),0) -> 0 | ... BH44: =IF($I44="Direct",IF(AH44=1,ROUNDUP($G44/$H44,0),IF($I44="Unpacking",IF($K44=0,ROUNDUP($G44/$H44,0)),0)),0) -> 0 | BJ44: =MAX(BK44:CH44) -> 0.39390975 | BK44: =IF(K44=1,$G44/$H44,0) -> 0 | BL44: =IF(L44=1,$G44/$H44,0) -> 0 | BM44: =IF(M44=1,$G44/$H44,0) -> 0 | BN44: =IF(N44=1,$G44/$H44,0) -> 0 | BO44: =IF(O44=1,$G44/$H44,0) -> 0 | BP44: =IF(P44=1,$G44/$H44,0) -> 0.39390975 | BQ44: =IF(Q44=1,$G44/$H44,0) -> 0 | BR44: =IF(R44=1,$G44/$H44,0) -> 0 | ... CH44: =IF(AH44=1,$G44/$H44,0) -> 0 | CJ44: =IF(K44=1,ROUND($F44/$H44,0),0) -> 0 | CK44: =IF(L44=1,ROUND($F44/$H44,0),0) -> 0 | CL44: =IF(M44=1,ROUND($F44/$H44,0),0) -> 0 | CM44: =IF(N44=1,ROUND($F44/$H44,0),0) -> 0 | CN44: =IF(O44=1,ROUND($F44/$H44,0),0) -> 0 | CO44: =IF(P44=1,ROUND($F44/$H44,0),0) -> 9 | CP44: =IF(Q44=1,ROUND($F44/$H44,0),0) -> 0 | CQ44: =IF(R44=1,ROUND($F44/$H44,0),0) -> 0 | ... DG44: =IF(AH44=1,ROUND($F44/$H44,0),0) -> 0 | DH44: =SUM(CJ44:DG44) -> 18 | DI44: =DH44-F44 -> 0 | DK44: =DL44=H44 -> FALSE | DL44: =SUM(DM44:EJ44) -> 0 | EL44: =DM44=K44 -> TRUE | EM44: =DN44=L44 -> TRUE | EN44: =DO44=M44 -> TRUE | EO44: =DP44=N44 -> TRUE | EP44: =DQ44=O44 -> TRUE | EQ44: =DR44=P44 -> FALSE | ER44: =DS44=Q44 -> TRUE | ES44: =DT44=R44 -> TRUE | ... FI44: =EJ44=AH44 -> TRUE | FJ44: =COUNTIF(EL44:FI44,FALSE) -> 2
A45: 0003-F-FP1-43 | B45: SUGITY CREATIVES | C45: FP1 | D45: M | E45: =A45&"-"&D45 -> 0003-F-FP1-43-M | F45: 152 | G45: 19.465698 | H45: =VLOOKUP(A45,'Pivot 1'!$A$5:$H$251,8,0) -> 24 | I45: Direct | J45: =SUM(K45:AH45) -> 24 | K45: 1 | L45: 1 | M45: 1 | N45: 1 | O45: 1 | P45: 1 | Q45: 1 | R45: 1 | S45: 1 | T45: 1 | U45: 1 | V45: 1 | W45: 1 | X45: 1 | Y45: 1 | Z45: 1 | AA45: 1 | AB45: 1 | AC45: 1 | AD45: 1 | AE45: 1 | AF45: 1 | AG45: 1 | AH45: 1 | AI45: =J45=H45 -> FALSE | AK45: =IF($I45="Direct",IF(K45=1,ROUNDUP($G45/$H45,0),IF($I45="Unpacking",IF($K45=0,ROUNDUP($G45/$H45,0)),0)),0) -> 1 | AL45: =IF($I45="Direct",IF(L45=1,ROUNDUP($G45/$H45,0),IF($I45="Unpacking",IF($K45=0,ROUNDUP($G45/$H45,0)),0)),0) -> 1 | AM45: =IF($I45="Direct",IF(M45=1,ROUNDUP($G45/$H45,0),IF($I45="Unpacking",IF($K45=0,ROUNDUP($G45/$H45,0)),0)),0) -> 1 | AN45: =IF($I45="Direct",IF(N45=1,ROUNDUP($G45/$H45,0),IF($I45="Unpacking",IF($K45=0,ROUNDUP($G45/$H45,0)),0)),0) -> 1 | AO45: =IF($I45="Direct",IF(O45=1,ROUNDUP($G45/$H45,0),IF($I45="Unpacking",IF($K45=0,ROUNDUP($G45/$H45,0)),0)),0) -> 1 | AP45: =IF($I45="Direct",IF(P45=1,ROUNDUP($G45/$H45,0),IF($I45="Unpacking",IF($K45=0,ROUNDUP($G45/$H45,0)),0)),0) -> 1 | AQ45: =IF($I45="Direct",IF(Q45=1,ROUNDUP($G45/$H45,0),IF($I45="Unpacking",IF($K45=0,ROUNDUP($G45/$H45,0)),0)),0) -> 1 | AR45: =IF($I45="Direct",IF(R45=1,ROUNDUP($G45/$H45,0),IF($I45="Unpacking",IF($K45=0,ROUNDUP($G45/$H45,0)),0)),0) -> 1 | ... BH45: =IF($I45="Direct",IF(AH45=1,ROUNDUP($G45/$H45,0),IF($I45="Unpacking",IF($K45=0,ROUNDUP($G45/$H45,0)),0)),0) -> 1 | BJ45: =MAX(BK45:CH45) -> 0.81107073 | BK45: =IF(K45=1,$G45/$H45,0) -> 0.81107073 | BL45: =IF(L45=1,$G45/$H45,0) -> 0.81107073 | BM45: =IF(M45=1,$G45/$H45,0) -> 0.81107073 | BN45: =IF(N45=1,$G45/$H45,0) -> 0.81107073 | BO45: =IF(O45=1,$G45/$H45,0) -> 0.81107073 | BP45: =IF(P45=1,$G45/$H45,0) -> 0.81107073 | BQ45: =IF(Q45=1,$G45/$H45,0) -> 0.81107073 | BR45: =IF(R45=1,$G45/$H45,0) -> 0.81107073 | ... CH45: =IF(AH45=1,$G45/$H45,0) -> 0.81107073 | CJ45: =IF(K45=1,ROUND($F45/$H45,0),0) -> 6 | CK45: =IF(L45=1,ROUND($F45/$H45,0),0) -> 6 | CL45: =IF(M45=1,ROUND($F45/$H45,0),0) -> 6 | CM45: =IF(N45=1,ROUND($F45/$H45,0),0) -> 6 | CN45: =IF(O45=1,ROUND($F45/$H45,0),0) -> 6 | CO45: =IF(P45=1,ROUND($F45/$H45,0),0) -> 6 | CP45: =IF(Q45=1,ROUND($F45/$H45,0),0) -> 6 | CQ45: =IF(R45=1,ROUND($F45/$H45,0),0) -> 6 | ... DG45: =IF(AH45=1,ROUND($F45/$H45,0),0) -> 6 | DH45: =SUM(CJ45:DG45) -> 144 | DI45: =DH45-F45 -> -8 | DK45: =DL45=H45 -> FALSE | DL45: =SUM(DM45:EJ45) -> 0 | EL45: =DM45=K45 -> FALSE | EM45: =DN45=L45 -> FALSE | EN45: =DO45=M45 -> FALSE | EO45: =DP45=N45 -> FALSE | EP45: =DQ45=O45 -> FALSE | EQ45: =DR45=P45 -> FALSE | ER45: =DS45=Q45 -> FALSE | ES45: =DT45=R45 -> FALSE | ... FI45: =EJ45=AH45 -> FALSE | FJ45: =COUNTIF(EL45:FI45,FALSE) -> 24
A46: 0003-F-MP1-43 | B46: SUGITY CREATIVES | C46: MP1 | D46: L | E46: =A46&"-"&D46 -> 0003-F-MP1-43-L | F46: 152 | G46: 19.465698 | H46: =VLOOKUP(A46,'Pivot 1'!$A$5:$H$251,8,0) -> 24 | I46: Direct | J46: =SUM(K46:AH46) -> 24 | K46: 1 | L46: 1 | M46: 1 | N46: 1 | O46: 1 | P46: 1 | Q46: 1 | R46: 1 | S46: 1 | T46: 1 | U46: 1 | V46: 1 | W46: 1 | X46: 1 | Y46: 1 | Z46: 1 | AA46: 1 | AB46: 1 | AC46: 1 | AD46: 1 | AE46: 1 | AF46: 1 | AG46: 1 | AH46: 1 | AI46: =J46=H46 -> FALSE | AK46: =IF($I46="Direct",IF(K46=1,ROUNDUP($G46/$H46,0),IF($I46="Unpacking",IF($K46=0,ROUNDUP($G46/$H46,0)),0)),0) -> 1 | AL46: =IF($I46="Direct",IF(L46=1,ROUNDUP($G46/$H46,0),IF($I46="Unpacking",IF($K46=0,ROUNDUP($G46/$H46,0)),0)),0) -> 1 | AM46: =IF($I46="Direct",IF(M46=1,ROUNDUP($G46/$H46,0),IF($I46="Unpacking",IF($K46=0,ROUNDUP($G46/$H46,0)),0)),0) -> 1 | AN46: =IF($I46="Direct",IF(N46=1,ROUNDUP($G46/$H46,0),IF($I46="Unpacking",IF($K46=0,ROUNDUP($G46/$H46,0)),0)),0) -> 1 | AO46: =IF($I46="Direct",IF(O46=1,ROUNDUP($G46/$H46,0),IF($I46="Unpacking",IF($K46=0,ROUNDUP($G46/$H46,0)),0)),0) -> 1 | AP46: =IF($I46="Direct",IF(P46=1,ROUNDUP($G46/$H46,0),IF($I46="Unpacking",IF($K46=0,ROUNDUP($G46/$H46,0)),0)),0) -> 1 | AQ46: =IF($I46="Direct",IF(Q46=1,ROUNDUP($G46/$H46,0),IF($I46="Unpacking",IF($K46=0,ROUNDUP($G46/$H46,0)),0)),0) -> 1 | AR46: =IF($I46="Direct",IF(R46=1,ROUNDUP($G46/$H46,0),IF($I46="Unpacking",IF($K46=0,ROUNDUP($G46/$H46,0)),0)),0) -> 1 | ... BH46: =IF($I46="Direct",IF(AH46=1,ROUNDUP($G46/$H46,0),IF($I46="Unpacking",IF($K46=0,ROUNDUP($G46/$H46,0)),0)),0) -> 1 | BJ46: =MAX(BK46:CH46) -> 0.81107073 | BK46: =IF(K46=1,$G46/$H46,0) -> 0.81107073 | BL46: =IF(L46=1,$G46/$H46,0) -> 0.81107073 | BM46: =IF(M46=1,$G46/$H46,0) -> 0.81107073 | BN46: =IF(N46=1,$G46/$H46,0) -> 0.81107073 | BO46: =IF(O46=1,$G46/$H46,0) -> 0.81107073 | BP46: =IF(P46=1,$G46/$H46,0) -> 0.81107073 | BQ46: =IF(Q46=1,$G46/$H46,0) -> 0.81107073 | BR46: =IF(R46=1,$G46/$H46,0) -> 0.81107073 | ... CH46: =IF(AH46=1,$G46/$H46,0) -> 0.81107073 | CJ46: =IF(K46=1,ROUND($F46/$H46,0),0) -> 6 | CK46: =IF(L46=1,ROUND($F46/$H46,0),0) -> 6 | CL46: =IF(M46=1,ROUND($F46/$H46,0),0) -> 6 | CM46: =IF(N46=1,ROUND($F46/$H46,0),0) -> 6 | CN46: =IF(O46=1,ROUND($F46/$H46,0),0) -> 6 | CO46: =IF(P46=1,ROUND($F46/$H46,0),0) -> 6 | CP46: =IF(Q46=1,ROUND($F46/$H46,0),0) -> 6 | CQ46: =IF(R46=1,ROUND($F46/$H46,0),0) -> 6 | ... DG46: =IF(AH46=1,ROUND($F46/$H46,0),0) -> 6 | DH46: =SUM(CJ46:DG46) -> 144 | DI46: =DH46-F46 -> -8 | DK46: =DL46=H46 -> FALSE | DL46: =SUM(DM46:EJ46) -> 0 | EL46: =DM46=K46 -> FALSE | EM46: =DN46=L46 -> FALSE | EN46: =DO46=M46 -> FALSE | EO46: =DP46=N46 -> FALSE | EP46: =DQ46=O46 -> FALSE | EQ46: =DR46=P46 -> FALSE | ER46: =DS46=Q46 -> FALSE | ES46: =DT46=R46 -> FALSE | ... FI46: =EJ46=AH46 -> FALSE | FJ46: =COUNTIF(EL46:FI46,FALSE) -> 24
A47: 2536-1-43 | B47: SERVVO | C47: (blank) | D47: F | E47: =A47&"-"&D47 -> 2536-1-43-F | F47: 27 | G47: 0.68244525 | H47: =VLOOKUP(A47,'Pivot 1'!$A$5:$H$251,8,0) -> 2 | I47: Sorting | J47: =SUM(K47:AH47) -> 2 | K47: 0 | L47: 0 | M47: 0 | N47: 0 | O47: 0 | P47: 0 | Q47: 0 | R47: 1 | S47: 0 | T47: 0 | U47: 0 | V47: 0 | W47: 0 | X47: 0 | Y47: 0 | Z47: 0 | AA47: 0 | AB47: 0 | AC47: 0 | AD47: 1 | AE47: 0 | AF47: 0 | AG47: 0 | AH47: 0 | AI47: =J47=H47 -> FALSE | AK47: =IF($I47="Direct",IF(K47=1,ROUNDUP($G47/$H47,0),IF($I47="Unpacking",IF($K47=0,ROUNDUP($G47/$H47,0)),0)),0) -> 0 | AL47: =IF($I47="Direct",IF(L47=1,ROUNDUP($G47/$H47,0),IF($I47="Unpacking",IF($K47=0,ROUNDUP($G47/$H47,0)),0)),0) -> 0 | AM47: =IF($I47="Direct",IF(M47=1,ROUNDUP($G47/$H47,0),IF($I47="Unpacking",IF($K47=0,ROUNDUP($G47/$H47,0)),0)),0) -> 0 | AN47: =IF($I47="Direct",IF(N47=1,ROUNDUP($G47/$H47,0),IF($I47="Unpacking",IF($K47=0,ROUNDUP($G47/$H47,0)),0)),0) -> 0 | AO47: =IF($I47="Direct",IF(O47=1,ROUNDUP($G47/$H47,0),IF($I47="Unpacking",IF($K47=0,ROUNDUP($G47/$H47,0)),0)),0) -> 0 | AP47: =IF($I47="Direct",IF(P47=1,ROUNDUP($G47/$H47,0),IF($I47="Unpacking",IF($K47=0,ROUNDUP($G47/$H47,0)),0)),0) -> 0 | AQ47: =IF($I47="Direct",IF(Q47=1,ROUNDUP($G47/$H47,0),IF($I47="Unpacking",IF($K47=0,ROUNDUP($G47/$H47,0)),0)),0) -> 0 | AR47: =IF($I47="Direct",IF(R47=1,ROUNDUP($G47/$H47,0),IF($I47="Unpacking",IF($K47=0,ROUNDUP($G47/$H47,0)),0)),0) -> 0 | ... BH47: =IF($I47="Direct",IF(AH47=1,ROUNDUP($G47/$H47,0),IF($I47="Unpacking",IF($K47=0,ROUNDUP($G47/$H47,0)),0)),0) -> 0 | BJ47: =MAX(BK47:CH47) -> 0.34122263 | BK47: =IF(K47=1,$G47/$H47,0) -> 0 | BL47: =IF(L47=1,$G47/$H47,0) -> 0 | BM47: =IF(M47=1,$G47/$H47,0) -> 0 | BN47: =IF(N47=1,$G47/$H47,0) -> 0 | BO47: =IF(O47=1,$G47/$H47,0) -> 0 | BP47: =IF(P47=1,$G47/$H47,0) -> 0 | BQ47: =IF(Q47=1,$G47/$H47,0) -> 0 | BR47: =IF(R47=1,$G47/$H47,0) -> 0.34122263 | ... CH47: =IF(AH47=1,$G47/$H47,0) -> 0 | CJ47: =IF(K47=1,ROUND($F47/$H47,0),0) -> 0 | CK47: =IF(L47=1,ROUND($F47/$H47,0),0) -> 0 | CL47: =IF(M47=1,ROUND($F47/$H47,0),0) -> 0 | CM47: =IF(N47=1,ROUND($F47/$H47,0),0) -> 0 | CN47: =IF(O47=1,ROUND($F47/$H47,0),0) -> 0 | CO47: =IF(P47=1,ROUND($F47/$H47,0),0) -> 0 | CP47: =IF(Q47=1,ROUND($F47/$H47,0),0) -> 0 | CQ47: =IF(R47=1,ROUND($F47/$H47,0),0) -> 14 | ... DG47: =IF(AH47=1,ROUND($F47/$H47,0),0) -> 0 | DH47: =SUM(CJ47:DG47) -> 28 | DI47: =DH47-F47 -> 1 | DK47: =DL47=H47 -> FALSE | DL47: =SUM(DM47:EJ47) -> 0 | EL47: =DM47=K47 -> TRUE | EM47: =DN47=L47 -> TRUE | EN47: =DO47=M47 -> TRUE | EO47: =DP47=N47 -> TRUE | EP47: =DQ47=O47 -> TRUE | EQ47: =DR47=P47 -> TRUE | ER47: =DS47=Q47 -> TRUE | ES47: =DT47=R47 -> FALSE | ... FI47: =EJ47=AH47 -> TRUE | FJ47: =COUNTIF(EL47:FI47,FALSE) -> 2
A48: 2536-1-43 | B48: SERVVO | C48: (blank) | D48: I | E48: =A48&"-"&D48 -> 2536-1-43-I | F48: 2 | G48: 0.04376775 | H48: =VLOOKUP(A48,'Pivot 1'!$A$5:$H$251,8,0) -> 2 | I48: Sorting | J48: =SUM(K48:AH48) -> 2 | K48: 0 | L48: 0 | M48: 0 | N48: 0 | O48: 0 | P48: 0 | Q48: 0 | R48: 1 | S48: 0 | T48: 0 | U48: 0 | V48: 0 | W48: 0 | X48: 0 | Y48: 0 | Z48: 0 | AA48: 0 | AB48: 0 | AC48: 0 | AD48: 1 | AE48: 0 | AF48: 0 | AG48: 0 | AH48: 0 | AI48: =J48=H48 -> FALSE | AK48: =IF($I48="Direct",IF(K48=1,ROUNDUP($G48/$H48,0),IF($I48="Unpacking",IF($K48=0,ROUNDUP($G48/$H48,0)),0)),0) -> 0 | AL48: =IF($I48="Direct",IF(L48=1,ROUNDUP($G48/$H48,0),IF($I48="Unpacking",IF($K48=0,ROUNDUP($G48/$H48,0)),0)),0) -> 0 | AM48: =IF($I48="Direct",IF(M48=1,ROUNDUP($G48/$H48,0),IF($I48="Unpacking",IF($K48=0,ROUNDUP($G48/$H48,0)),0)),0) -> 0 | AN48: =IF($I48="Direct",IF(N48=1,ROUNDUP($G48/$H48,0),IF($I48="Unpacking",IF($K48=0,ROUNDUP($G48/$H48,0)),0)),0) -> 0 | AO48: =IF($I48="Direct",IF(O48=1,ROUNDUP($G48/$H48,0),IF($I48="Unpacking",IF($K48=0,ROUNDUP($G48/$H48,0)),0)),0) -> 0 | AP48: =IF($I48="Direct",IF(P48=1,ROUNDUP($G48/$H48,0),IF($I48="Unpacking",IF($K48=0,ROUNDUP($G48/$H48,0)),0)),0) -> 0 | AQ48: =IF($I48="Direct",IF(Q48=1,ROUNDUP($G48/$H48,0),IF($I48="Unpacking",IF($K48=0,ROUNDUP($G48/$H48,0)),0)),0) -> 0 | AR48: =IF($I48="Direct",IF(R48=1,ROUNDUP($G48/$H48,0),IF($I48="Unpacking",IF($K48=0,ROUNDUP($G48/$H48,0)),0)),0) -> 0 | ... BH48: =IF($I48="Direct",IF(AH48=1,ROUNDUP($G48/$H48,0),IF($I48="Unpacking",IF($K48=0,ROUNDUP($G48/$H48,0)),0)),0) -> 0 | BJ48: =MAX(BK48:CH48) -> 0.021883875 | BK48: =IF(K48=1,$G48/$H48,0) -> 0 | BL48: =IF(L48=1,$G48/$H48,0) -> 0 | BM48: =IF(M48=1,$G48/$H48,0) -> 0 | BN48: =IF(N48=1,$G48/$H48,0) -> 0 | BO48: =IF(O48=1,$G48/$H48,0) -> 0 | BP48: =IF(P48=1,$G48/$H48,0) -> 0 | BQ48: =IF(Q48=1,$G48/$H48,0) -> 0 | BR48: =IF(R48=1,$G48/$H48,0) -> 0.021883875 | ... CH48: =IF(AH48=1,$G48/$H48,0) -> 0 | CJ48: =IF(K48=1,ROUND($F48/$H48,0),0) -> 0 | CK48: =IF(L48=1,ROUND($F48/$H48,0),0) -> 0 | CL48: =IF(M48=1,ROUND($F48/$H48,0),0) -> 0 | CM48: =IF(N48=1,ROUND($F48/$H48,0),0) -> 0 | CN48: =IF(O48=1,ROUND($F48/$H48,0),0) -> 0 | CO48: =IF(P48=1,ROUND($F48/$H48,0),0) -> 0 | CP48: =IF(Q48=1,ROUND($F48/$H48,0),0) -> 0 | CQ48: =IF(R48=1,ROUND($F48/$H48,0),0) -> 1 | ... DG48: =IF(AH48=1,ROUND($F48/$H48,0),0) -> 0 | DH48: =SUM(CJ48:DG48) -> 2 | DI48: =DH48-F48 -> 0 | DK48: =DL48=H48 -> FALSE | DL48: =SUM(DM48:EJ48) -> 0 | EL48: =DM48=K48 -> TRUE | EM48: =DN48=L48 -> TRUE | EN48: =DO48=M48 -> TRUE | EO48: =DP48=N48 -> TRUE | EP48: =DQ48=O48 -> TRUE | EQ48: =DR48=P48 -> TRUE | ER48: =DS48=Q48 -> TRUE | ES48: =DT48=R48 -> FALSE | ... FI48: =EJ48=AH48 -> TRUE | FJ48: =COUNTIF(EL48:FI48,FALSE) -> 2
A49: 2536-1-43 | B49: SERVVO | C49: (blank) | D49: N | E49: =A49&"-"&D49 -> 2536-1-43-N | F49: 4 | G49: 0.175071 | H49: =VLOOKUP(A49,'Pivot 1'!$A$5:$H$251,8,0) -> 2 | I49: Direct | J49: =SUM(K49:AH49) -> 2 | K49: 0 | L49: 0 | M49: 0 | N49: 0 | O49: 0 | P49: 0 | Q49: 0 | R49: 1 | S49: 0 | T49: 0 | U49: 0 | V49: 0 | W49: 0 | X49: 0 | Y49: 0 | Z49: 0 | AA49: 0 | AB49: 0 | AC49: 0 | AD49: 1 | AE49: 0 | AF49: 0 | AG49: 0 | AH49: 0 | AI49: =J49=H49 -> FALSE | AK49: =IF($I49="Direct",IF(K49=1,ROUNDUP($G49/$H49,0),IF($I49="Unpacking",IF($K49=0,ROUNDUP($G49/$H49,0)),0)),0) -> 0 | AL49: =IF($I49="Direct",IF(L49=1,ROUNDUP($G49/$H49,0),IF($I49="Unpacking",IF($K49=0,ROUNDUP($G49/$H49,0)),0)),0) -> 0 | AM49: =IF($I49="Direct",IF(M49=1,ROUNDUP($G49/$H49,0),IF($I49="Unpacking",IF($K49=0,ROUNDUP($G49/$H49,0)),0)),0) -> 0 | AN49: =IF($I49="Direct",IF(N49=1,ROUNDUP($G49/$H49,0),IF($I49="Unpacking",IF($K49=0,ROUNDUP($G49/$H49,0)),0)),0) -> 0 | AO49: =IF($I49="Direct",IF(O49=1,ROUNDUP($G49/$H49,0),IF($I49="Unpacking",IF($K49=0,ROUNDUP($G49/$H49,0)),0)),0) -> 0 | AP49: =IF($I49="Direct",IF(P49=1,ROUNDUP($G49/$H49,0),IF($I49="Unpacking",IF($K49=0,ROUNDUP($G49/$H49,0)),0)),0) -> 0 | AQ49: =IF($I49="Direct",IF(Q49=1,ROUNDUP($G49/$H49,0),IF($I49="Unpacking",IF($K49=0,ROUNDUP($G49/$H49,0)),0)),0) -> 0 | AR49: =IF($I49="Direct",IF(R49=1,ROUNDUP($G49/$H49,0),IF($I49="Unpacking",IF($K49=0,ROUNDUP($G49/$H49,0)),0)),0) -> 1 | ... BH49: =IF($I49="Direct",IF(AH49=1,ROUNDUP($G49/$H49,0),IF($I49="Unpacking",IF($K49=0,ROUNDUP($G49/$H49,0)),0)),0) -> 0 | BJ49: =MAX(BK49:CH49) -> 0.0875355 | BK49: =IF(K49=1,$G49/$H49,0) -> 0 | BL49: =IF(L49=1,$G49/$H49,0) -> 0 | BM49: =IF(M49=1,$G49/$H49,0) -> 0 | BN49: =IF(N49=1,$G49/$H49,0) -> 0 | BO49: =IF(O49=1,$G49/$H49,0) -> 0 | BP49: =IF(P49=1,$G49/$H49,0) -> 0 | BQ49: =IF(Q49=1,$G49/$H49,0) -> 0 | BR49: =IF(R49=1,$G49/$H49,0) -> 0.0875355 | ... CH49: =IF(AH49=1,$G49/$H49,0) -> 0 | CJ49: =IF(K49=1,ROUND($F49/$H49,0),0) -> 0 | CK49: =IF(L49=1,ROUND($F49/$H49,0),0) -> 0 | CL49: =IF(M49=1,ROUND($F49/$H49,0),0) -> 0 | CM49: =IF(N49=1,ROUND($F49/$H49,0),0) -> 0 | CN49: =IF(O49=1,ROUND($F49/$H49,0),0) -> 0 | CO49: =IF(P49=1,ROUND($F49/$H49,0),0) -> 0 | CP49: =IF(Q49=1,ROUND($F49/$H49,0),0) -> 0 | CQ49: =IF(R49=1,ROUND($F49/$H49,0),0) -> 2 | ... DG49: =IF(AH49=1,ROUND($F49/$H49,0),0) -> 0 | DH49: =SUM(CJ49:DG49) -> 4 | DI49: =DH49-F49 -> 0 | DK49: =DL49=H49 -> FALSE | DL49: =SUM(DM49:EJ49) -> 0 | EL49: =DM49=K49 -> TRUE | EM49: =DN49=L49 -> TRUE | EN49: =DO49=M49 -> TRUE | EO49: =DP49=N49 -> TRUE | EP49: =DQ49=O49 -> TRUE | EQ49: =DR49=P49 -> TRUE | ER49: =DS49=Q49 -> TRUE | ES49: =DT49=R49 -> FALSE | ... FI49: =EJ49=AH49 -> TRUE | FJ49: =COUNTIF(EL49:FI49,FALSE) -> 2
A50: 5000-1-AP1-43 | B50: NUSA TOYOTETSU CORP. | C50: AP1 | D50: E | E50: =A50&"-"&D50 -> 5000-1-AP1-43-E | F50: 37 | G50: 1.071861 | H50: =VLOOKUP(A50,'Pivot 1'!$A$5:$H$251,8,0) -> 2 | I50: Direct | J50: =SUM(K50:AH50) -> 2 | K50: 0 | L50: 0 | M50: 0 | N50: 0 | O50: 0 | P50: 0 | Q50: 1 | R50: 0 | S50: 0 | T50: 0 | U50: 0 | V50: 0 | W50: 0 | X50: 0 | Y50: 0 | Z50: 0 | AA50: 0 | AB50: 0 | AC50: 1 | AD50: 0 | AE50: 0 | AF50: 0 | AG50: 0 | AH50: 0 | AI50: =J50=H50 -> FALSE | AK50: =IF($I50="Direct",IF(K50=1,ROUNDUP($G50/$H50,0),IF($I50="Unpacking",IF($K50=0,ROUNDUP($G50/$H50,0)),0)),0) -> 0 | AL50: =IF($I50="Direct",IF(L50=1,ROUNDUP($G50/$H50,0),IF($I50="Unpacking",IF($K50=0,ROUNDUP($G50/$H50,0)),0)),0) -> 0 | AM50: =IF($I50="Direct",IF(M50=1,ROUNDUP($G50/$H50,0),IF($I50="Unpacking",IF($K50=0,ROUNDUP($G50/$H50,0)),0)),0) -> 0 | AN50: =IF($I50="Direct",IF(N50=1,ROUNDUP($G50/$H50,0),IF($I50="Unpacking",IF($K50=0,ROUNDUP($G50/$H50,0)),0)),0) -> 0 | AO50: =IF($I50="Direct",IF(O50=1,ROUNDUP($G50/$H50,0),IF($I50="Unpacking",IF($K50=0,ROUNDUP($G50/$H50,0)),0)),0) -> 0 | AP50: =IF($I50="Direct",IF(P50=1,ROUNDUP($G50/$H50,0),IF($I50="Unpacking",IF($K50=0,ROUNDUP($G50/$H50,0)),0)),0) -> 0 | AQ50: =IF($I50="Direct",IF(Q50=1,ROUNDUP($G50/$H50,0),IF($I50="Unpacking",IF($K50=0,ROUNDUP($G50/$H50,0)),0)),0) -> 1 | AR50: =IF($I50="Direct",IF(R50=1,ROUNDUP($G50/$H50,0),IF($I50="Unpacking",IF($K50=0,ROUNDUP($G50/$H50,0)),0)),0) -> 0 | ... BH50: =IF($I50="Direct",IF(AH50=1,ROUNDUP($G50/$H50,0),IF($I50="Unpacking",IF($K50=0,ROUNDUP($G50/$H50,0)),0)),0) -> 0 | BJ50: =MAX(BK50:CH50) -> 0.53593049 | BK50: =IF(K50=1,$G50/$H50,0) -> 0 | BL50: =IF(L50=1,$G50/$H50,0) -> 0 | BM50: =IF(M50=1,$G50/$H50,0) -> 0 | BN50: =IF(N50=1,$G50/$H50,0) -> 0 | BO50: =IF(O50=1,$G50/$H50,0) -> 0 | BP50: =IF(P50=1,$G50/$H50,0) -> 0 | BQ50: =IF(Q50=1,$G50/$H50,0) -> 0.53593049 | BR50: =IF(R50=1,$G50/$H50,0) -> 0 | ... CH50: =IF(AH50=1,$G50/$H50,0) -> 0 | CJ50: =IF(K50=1,ROUND($F50/$H50,0),0) -> 0 | CK50: =IF(L50=1,ROUND($F50/$H50,0),0) -> 0 | CL50: =IF(M50=1,ROUND($F50/$H50,0),0) -> 0 | CM50: =IF(N50=1,ROUND($F50/$H50,0),0) -> 0 | CN50: =IF(O50=1,ROUND($F50/$H50,0),0) -> 0 | CO50: =IF(P50=1,ROUND($F50/$H50,0),0) -> 0 | CP50: =IF(Q50=1,ROUND($F50/$H50,0),0) -> 19 | CQ50: =IF(R50=1,ROUND($F50/$H50,0),0) -> 0 | ... DG50: =IF(AH50=1,ROUND($F50/$H50,0),0) -> 0 | DH50: =SUM(CJ50:DG50) -> 38 | DI50: =DH50-F50 -> 1 | DK50: =DL50=H50 -> FALSE | DL50: =SUM(DM50:EJ50) -> 0 | EL50: =DM50=K50 -> TRUE | EM50: =DN50=L50 -> TRUE | EN50: =DO50=M50 -> TRUE | EO50: =DP50=N50 -> TRUE | EP50: =DQ50=O50 -> TRUE | EQ50: =DR50=P50 -> TRUE | ER50: =DS50=Q50 -> FALSE | ES50: =DT50=R50 -> TRUE | ... FI50: =EJ50=AH50 -> TRUE | FJ50: =COUNTIF(EL50:FI50,FALSE) -> 2
A51: 5000-1-BP1-43 | B51: NUSA TOYOTETSU CORP. | C51: BP1 | D51: B | E51: =A51&"-"&D51 -> 5000-1-BP1-43-B | F51: 2 | G51: 0.0875355 | H51: =VLOOKUP(A51,'Pivot 1'!$A$5:$H$251,8,0) -> 1 | I51: Direct | J51: =SUM(K51:AH51) -> 1 | K51: 1 | L51: 0 | M51: 0 | N51: 0 | O51: 0 | P51: 0 | Q51: 0 | R51: 0 | S51: 0 | T51: 0 | U51: 0 | V51: 0 | W51: 0 | X51: 0 | Y51: 0 | Z51: 0 | AA51: 0 | AB51: 0 | AC51: 0 | AD51: 0 | AE51: 0 | AF51: 0 | AG51: 0 | AH51: 0 | AI51: =J51=H51 -> FALSE | AK51: =IF($I51="Direct",IF(K51=1,ROUNDUP($G51/$H51,0),IF($I51="Unpacking",IF($K51=0,ROUNDUP($G51/$H51,0)),0)),0) -> 1 | AL51: =IF($I51="Direct",IF(L51=1,ROUNDUP($G51/$H51,0),IF($I51="Unpacking",IF($K51=0,ROUNDUP($G51/$H51,0)),0)),0) -> 0 | AM51: =IF($I51="Direct",IF(M51=1,ROUNDUP($G51/$H51,0),IF($I51="Unpacking",IF($K51=0,ROUNDUP($G51/$H51,0)),0)),0) -> 0 | AN51: =IF($I51="Direct",IF(N51=1,ROUNDUP($G51/$H51,0),IF($I51="Unpacking",IF($K51=0,ROUNDUP($G51/$H51,0)),0)),0) -> 0 | AO51: =IF($I51="Direct",IF(O51=1,ROUNDUP($G51/$H51,0),IF($I51="Unpacking",IF($K51=0,ROUNDUP($G51/$H51,0)),0)),0) -> 0 | AP51: =IF($I51="Direct",IF(P51=1,ROUNDUP($G51/$H51,0),IF($I51="Unpacking",IF($K51=0,ROUNDUP($G51/$H51,0)),0)),0) -> 0 | AQ51: =IF($I51="Direct",IF(Q51=1,ROUNDUP($G51/$H51,0),IF($I51="Unpacking",IF($K51=0,ROUNDUP($G51/$H51,0)),0)),0) -> 0 | AR51: =IF($I51="Direct",IF(R51=1,ROUNDUP($G51/$H51,0),IF($I51="Unpacking",IF($K51=0,ROUNDUP($G51/$H51,0)),0)),0) -> 0 | ... BH51: =IF($I51="Direct",IF(AH51=1,ROUNDUP($G51/$H51,0),IF($I51="Unpacking",IF($K51=0,ROUNDUP($G51/$H51,0)),0)),0) -> 0 | BJ51: =MAX(BK51:CH51) -> 0.0875355 | BK51: =IF(K51=1,$G51/$H51,0) -> 0.0875355 | BL51: =IF(L51=1,$G51/$H51,0) -> 0 | BM51: =IF(M51=1,$G51/$H51,0) -> 0 | BN51: =IF(N51=1,$G51/$H51,0) -> 0 | BO51: =IF(O51=1,$G51/$H51,0) -> 0 | BP51: =IF(P51=1,$G51/$H51,0) -> 0 | BQ51: =IF(Q51=1,$G51/$H51,0) -> 0 | BR51: =IF(R51=1,$G51/$H51,0) -> 0 | ... CH51: =IF(AH51=1,$G51/$H51,0) -> 0 | CJ51: =IF(K51=1,ROUND($F51/$H51,0),0) -> 2 | CK51: =IF(L51=1,ROUND($F51/$H51,0),0) -> 0 | CL51: =IF(M51=1,ROUND($F51/$H51,0),0) -> 0 | CM51: =IF(N51=1,ROUND($F51/$H51,0),0) -> 0 | CN51: =IF(O51=1,ROUND($F51/$H51,0),0) -> 0 | CO51: =IF(P51=1,ROUND($F51/$H51,0),0) -> 0 | CP51: =IF(Q51=1,ROUND($F51/$H51,0),0) -> 0 | CQ51: =IF(R51=1,ROUND($F51/$H51,0),0) -> 0 | ... DG51: =IF(AH51=1,ROUND($F51/$H51,0),0) -> 0 | DH51: =SUM(CJ51:DG51) -> 2 | DI51: =DH51-F51 -> 0 | DK51: =DL51=H51 -> FALSE | DL51: =SUM(DM51:EJ51) -> 0 | EL51: =DM51=K51 -> FALSE | EM51: =DN51=L51 -> TRUE | EN51: =DO51=M51 -> TRUE | EO51: =DP51=N51 -> TRUE | EP51: =DQ51=O51 -> TRUE | EQ51: =DR51=P51 -> TRUE | ER51: =DS51=Q51 -> TRUE | ES51: =DT51=R51 -> TRUE | ... FI51: =EJ51=AH51 -> TRUE | FJ51: =COUNTIF(EL51:FI51,FALSE) -> 1
A52: 5000-1-CP1-43 | B52: NUSA TOYOTETSU CORP. | C52: CP1 | D52: C | E52: =A52&"-"&D52 -> 5000-1-CP1-43-C | F52: 9 | G52: 0.42768 | H52: =VLOOKUP(A52,'Pivot 1'!$A$5:$H$251,8,0) -> 1 | I52: Direct | J52: =SUM(K52:AH52) -> 1 | K52: 0 | L52: 0 | M52: 1 | N52: 0 | O52: 0 | P52: 0 | Q52: 0 | R52: 0 | S52: 0 | T52: 0 | U52: 0 | V52: 0 | W52: 0 | X52: 0 | Y52: 0 | Z52: 0 | AA52: 0 | AB52: 0 | AC52: 0 | AD52: 0 | AE52: 0 | AF52: 0 | AG52: 0 | AH52: 0 | AI52: =J52=H52 -> TRUE | AK52: =IF($I52="Direct",IF(K52=1,ROUNDUP($G52/$H52,0),IF($I52="Unpacking",IF($K52=0,ROUNDUP($G52/$H52,0)),0)),0) -> 0 | AL52: =IF($I52="Direct",IF(L52=1,ROUNDUP($G52/$H52,0),IF($I52="Unpacking",IF($K52=0,ROUNDUP($G52/$H52,0)),0)),0) -> 0 | AM52: =IF($I52="Direct",IF(M52=1,ROUNDUP($G52/$H52,0),IF($I52="Unpacking",IF($K52=0,ROUNDUP($G52/$H52,0)),0)),0) -> 1 | AN52: =IF($I52="Direct",IF(N52=1,ROUNDUP($G52/$H52,0),IF($I52="Unpacking",IF($K52=0,ROUNDUP($G52/$H52,0)),0)),0) -> 0 | AO52: =IF($I52="Direct",IF(O52=1,ROUNDUP($G52/$H52,0),IF($I52="Unpacking",IF($K52=0,ROUNDUP($G52/$H52,0)),0)),0) -> 0 | AP52: =IF($I52="Direct",IF(P52=1,ROUNDUP($G52/$H52,0),IF($I52="Unpacking",IF($K52=0,ROUNDUP($G52/$H52,0)),0)),0) -> 0 | AQ52: =IF($I52="Direct",IF(Q52=1,ROUNDUP($G52/$H52,0),IF($I52="Unpacking",IF($K52=0,ROUNDUP($G52/$H52,0)),0)),0) -> 0 | AR52: =IF($I52="Direct",IF(R52=1,ROUNDUP($G52/$H52,0),IF($I52="Unpacking",IF($K52=0,ROUNDUP($G52/$H52,0)),0)),0) -> 0 | ... BH52: =IF($I52="Direct",IF(AH52=1,ROUNDUP($G52/$H52,0),IF($I52="Unpacking",IF($K52=0,ROUNDUP($G52/$H52,0)),0)),0) -> 0 | BJ52: =MAX(BK52:CH52) -> 0.42768 | BK52: =IF(K52=1,$G52/$H52,0) -> 0 | BL52: =IF(L52=1,$G52/$H52,0) -> 0 | BM52: =IF(M52=1,$G52/$H52,0) -> 0.42768 | BN52: =IF(N52=1,$G52/$H52,0) -> 0 | BO52: =IF(O52=1,$G52/$H52,0) -> 0 | BP52: =IF(P52=1,$G52/$H52,0) -> 0 | BQ52: =IF(Q52=1,$G52/$H52,0) -> 0 | BR52: =IF(R52=1,$G52/$H52,0) -> 0 | ... CH52: =IF(AH52=1,$G52/$H52,0) -> 0 | CJ52: =IF(K52=1,ROUND($F52/$H52,0),0) -> 0 | CK52: =IF(L52=1,ROUND($F52/$H52,0),0) -> 0 | CL52: =IF(M52=1,ROUND($F52/$H52,0),0) -> 9 | CM52: =IF(N52=1,ROUND($F52/$H52,0),0) -> 0 | CN52: =IF(O52=1,ROUND($F52/$H52,0),0) -> 0 | CO52: =IF(P52=1,ROUND($F52/$H52,0),0) -> 0 | CP52: =IF(Q52=1,ROUND($F52/$H52,0),0) -> 0 | CQ52: =IF(R52=1,ROUND($F52/$H52,0),0) -> 0 | ... DG52: =IF(AH52=1,ROUND($F52/$H52,0),0) -> 0 | DH52: =SUM(CJ52:DG52) -> 9 | DI52: =DH52-F52 -> 0 | DK52: =DL52=H52 -> FALSE | DL52: =SUM(DM52:EJ52) -> 0 | EL52: =DM52=K52 -> TRUE | EM52: =DN52=L52 -> TRUE | EN52: =DO52=M52 -> FALSE | EO52: =DP52=N52 -> TRUE | EP52: =DQ52=O52 -> TRUE | EQ52: =DR52=P52 -> TRUE | ER52: =DS52=Q52 -> TRUE | ES52: =DT52=R52 -> TRUE | ... FI52: =EJ52=AH52 -> TRUE | FJ52: =COUNTIF(EL52:FI52,FALSE) -> 1
A53: 5000-1-DP1-43 | B53: NUSA TOYOTETSU CORP. | C53: DP1 | D53: D | E53: =A53&"-"&D53 -> 5000-1-DP1-43-D | F53: 608 | G53: 39.955906 | H53: =VLOOKUP(A53,'Pivot 1'!$A$5:$H$251,8,0) -> 24 | I53: Direct | J53: =SUM(K53:AH53) -> 24 | K53: 1 | L53: 1 | M53: 1 | N53: 1 | O53: 1 | P53: 1 | Q53: 1 | R53: 1 | S53: 1 | T53: 1 | U53: 1 | V53: 1 | W53: 1 | X53: 1 | Y53: 1 | Z53: 1 | AA53: 1 | AB53: 1 | AC53: 1 | AD53: 1 | AE53: 1 | AF53: 1 | AG53: 1 | AH53: 1 | AI53: =J53=H53 -> FALSE | AK53: =IF($I53="Direct",IF(K53=1,ROUNDDOWN($G53/$H53,0),IF($I53="Unpacking",IF($K53=0,ROUNDDOWN($G53/$H53,0)),0)),0) -> 1 | AL53: =IF($I53="Direct",IF(L53=1,ROUNDDOWN($G53/$H53,0),IF($I53="Unpacking",IF($K53=0,ROUNDDOWN($G53/$H53,0)),0)),0) -> 1 | AM53: =IF($I53="Direct",IF(M53=1,ROUNDDOWN($G53/$H53,0),IF($I53="Unpacking",IF($K53=0,ROUNDDOWN($G53/$H53,0)),0)),0) -> 1 | AN53: =IF($I53="Direct",IF(N53=1,ROUNDDOWN($G53/$H53,0),IF($I53="Unpacking",IF($K53=0,ROUNDDOWN($G53/$H53,0)),0)),0) -> 1 | AO53: =IF($I53="Direct",IF(O53=1,ROUNDDOWN($G53/$H53,0),IF($I53="Unpacking",IF($K53=0,ROUNDDOWN($G53/$H53,0)),0)),0) -> 1 | AP53: =IF($I53="Direct",IF(P53=1,ROUNDDOWN($G53/$H53,0),IF($I53="Unpacking",IF($K53=0,ROUNDDOWN($G53/$H53,0)),0)),0) -> 1 | AQ53: =IF($I53="Direct",IF(Q53=1,ROUNDDOWN($G53/$H53,0),IF($I53="Unpacking",IF($K53=0,ROUNDDOWN($G53/$H53,0)),0)),0) -> 1 | AR53: =IF($I53="Direct",IF(R53=1,ROUNDDOWN($G53/$H53,0),IF($I53="Unpacking",IF($K53=0,ROUNDDOWN($G53/$H53,0)),0)),0) -> 1 | ... BH53: =IF($I53="Direct",IF(AH53=1,ROUNDDOWN($G53/$H53,0),IF($I53="Unpacking",IF($K53=0,ROUNDDOWN($G53/$H53,0)),0)),0) -> 1 | BJ53: =MAX(BK53:CH53) -> 1.6648294 | BK53: =IF(K53=1,$G53/$H53,0) -> 1.6648294 | BL53: =IF(L53=1,$G53/$H53,0) -> 1.6648294 | BM53: =IF(M53=1,$G53/$H53,0) -> 1.6648294 | BN53: =IF(N53=1,$G53/$H53,0) -> 1.6648294 | BO53: =IF(O53=1,$G53/$H53,0) -> 1.6648294 | BP53: =IF(P53=1,$G53/$H53,0) -> 1.6648294 | BQ53: =IF(Q53=1,$G53/$H53,0) -> 1.6648294 | BR53: =IF(R53=1,$G53/$H53,0) -> 1.6648294 | ... CH53: =IF(AH53=1,$G53/$H53,0) -> 1.6648294 | CJ53: =IF(K53=1,ROUND($F53/$H53,0),0) -> 25 | CK53: =IF(L53=1,ROUND($F53/$H53,0),0) -> 25 | CL53: =IF(M53=1,ROUND($F53/$H53,0),0) -> 25 | CM53: =IF(N53=1,ROUND($F53/$H53,0),0) -> 25 | CN53: =IF(O53=1,ROUND($F53/$H53,0),0) -> 25 | CO53: =IF(P53=1,ROUND($F53/$H53,0),0) -> 25 | CP53: =IF(Q53=1,ROUND($F53/$H53,0),0) -> 25 | CQ53: =IF(R53=1,ROUND($F53/$H53,0),0) -> 25 | ... DG53: =IF(AH53=1,ROUND($F53/$H53,0),0) -> 25 | DH53: =SUM(CJ53:DG53) -> 600 | DI53: =DH53-F53 -> -8 | DK53: =DL53=H53 -> FALSE | DL53: =SUM(DM53:EJ53) -> 0 | EL53: =DM53=K53 -> FALSE | EM53: =DN53=L53 -> FALSE | EN53: =DO53=M53 -> FALSE | EO53: =DP53=N53 -> FALSE | EP53: =DQ53=O53 -> FALSE | EQ53: =DR53=P53 -> FALSE | ER53: =DS53=Q53 -> FALSE | ES53: =DT53=R53 -> FALSE | ... FI53: =EJ53=AH53 -> FALSE | FJ53: =COUNTIF(EL53:FI53,FALSE) -> 24
